solid ASCII
  facet normal -7.071068e-01 0.000000e+00 7.071068e-01
    outer loop
      vertex   8.596089e+01 9.796374e+01 1.782132e+02
      vertex   8.496089e+01 9.796374e+01 1.772132e+02
      vertex   8.596089e+01 9.396374e+01 1.782132e+02
    endloop
  endfacet
  facet normal -7.071068e-01 0.000000e+00 7.071068e-01
    outer loop
      vertex   8.596089e+01 9.396374e+01 1.782132e+02
      vertex   8.496089e+01 9.796374e+01 1.772132e+02
      vertex   8.496089e+01 9.396374e+01 1.772132e+02
    endloop
  endfacet
  facet normal 0.000000e+00 0.000000e+00 1.000000e+00
    outer loop
      vertex   8.596089e+01 9.396374e+01 1.782132e+02
      vertex   9.396089e+01 9.396374e+01 1.782132e+02
      vertex   8.596089e+01 9.796374e+01 1.782132e+02
    endloop
  endfacet
  facet normal -0.000000e+00 0.000000e+00 1.000000e+00
    outer loop
      vertex   8.596089e+01 9.796374e+01 1.782132e+02
      vertex   9.396089e+01 9.396374e+01 1.782132e+02
      vertex   9.396089e+01 9.796374e+01 1.782132e+02
    endloop
  endfacet
  facet normal -7.071068e-01 -0.000000e+00 -7.071068e-01
    outer loop
      vertex   8.496089e+01 9.796374e+01 1.612132e+02
      vertex   8.596089e+01 9.796374e+01 1.602132e+02
      vertex   8.496089e+01 8.396374e+01 1.612132e+02
    endloop
  endfacet
  facet normal -7.071068e-01 0.000000e+00 -7.071068e-01
    outer loop
      vertex   8.496089e+01 8.396374e+01 1.612132e+02
      vertex   8.596089e+01 9.796374e+01 1.602132e+02
      vertex   8.596089e+01 8.396374e+01 1.602132e+02
    endloop
  endfacet
  facet normal -1.000000e+00 -0.000000e+00 -0.000000e+00
    outer loop
      vertex   8.496089e+01 9.796374e+01 1.772132e+02
      vertex   8.496089e+01 9.796374e+01 1.612132e+02
      vertex   8.496089e+01 9.396374e+01 1.772132e+02
    endloop
  endfacet
  facet normal -1.000000e+00 0.000000e+00 -0.000000e+00
    outer loop
      vertex   8.496089e+01 9.396374e+01 1.772132e+02
      vertex   8.496089e+01 9.796374e+01 1.612132e+02
      vertex   8.496089e+01 8.396374e+01 1.612132e+02
    endloop
  endfacet
  facet normal -1.000000e+00 -0.000000e+00 0.000000e+00
    outer loop
      vertex   8.496089e+01 9.396374e+01 1.772132e+02
      vertex   8.496089e+01 8.396374e+01 1.612132e+02
      vertex   8.496089e+01 8.396374e+01 1.952132e+02
    endloop
  endfacet
  facet normal -1.000000e+00 0.000000e+00 0.000000e+00
    outer loop
      vertex   8.496089e+01 9.396374e+01 1.772132e+02
      vertex   8.496089e+01 8.396374e+01 1.952132e+02
      vertex   8.496089e+01 9.396374e+01 1.872132e+02
    endloop
  endfacet
  facet normal -1.000000e+00 0.000000e+00 0.000000e+00
    outer loop
      vertex   8.496089e+01 9.396374e+01 1.872132e+02
      vertex   8.496089e+01 8.396374e+01 1.952132e+02
      vertex   8.496089e+01 1.029637e+02 1.952132e+02
    endloop
  endfacet
  facet normal -1.000000e+00 0.000000e+00 0.000000e+00
    outer loop
      vertex   8.496089e+01 9.396374e+01 1.872132e+02
      vertex   8.496089e+01 1.029637e+02 1.952132e+02
      vertex   8.496089e+01 1.029637e+02 1.872132e+02
    endloop
  endfacet
  facet normal 0.000000e+00 -1.000000e+00 0.000000e+00
    outer loop
      vertex   8.796918e+01 8.396374e+01 1.910313e+02
      vertex   8.796089e+01 8.396374e+01 1.912132e+02
      vertex   8.596089e+01 8.396374e+01 1.962132e+02
    endloop
  endfacet
  facet normal 0.000000e+00 -1.000000e+00 0.000000e+00
    outer loop
      vertex   8.596089e+01 8.396374e+01 1.962132e+02
      vertex   8.796089e+01 8.396374e+01 1.912132e+02
      vertex   8.796918e+01 8.396374e+01 1.913951e+02
    endloop
  endfacet
  facet normal 0.000000e+00 -1.000000e+00 0.000000e+00
    outer loop
      vertex   8.596089e+01 8.396374e+01 1.962132e+02
      vertex   8.796918e+01 8.396374e+01 1.913951e+02
      vertex   8.799397e+01 8.396374e+01 1.915754e+02
    endloop
  endfacet
  facet normal 0.000000e+00 -1.000000e+00 0.000000e+00
    outer loop
      vertex   8.799397e+01 8.396374e+01 1.915754e+02
      vertex   8.803506e+01 8.396374e+01 1.917528e+02
      vertex   8.596089e+01 8.396374e+01 1.962132e+02
    endloop
  endfacet
  facet normal 0.000000e+00 -1.000000e+00 0.000000e+00
    outer loop
      vertex   8.596089e+01 8.396374e+01 1.962132e+02
      vertex   8.803506e+01 8.396374e+01 1.917528e+02
      vertex   8.809211e+01 8.396374e+01 1.919257e+02
    endloop
  endfacet
  facet normal 0.000000e+00 -1.000000e+00 0.000000e+00
    outer loop
      vertex   8.596089e+01 8.396374e+01 1.962132e+02
      vertex   8.809211e+01 8.396374e+01 1.919257e+02
      vertex   8.816464e+01 8.396374e+01 1.920927e+02
    endloop
  endfacet
  facet normal 0.000000e+00 -1.000000e+00 0.000000e+00
    outer loop
      vertex   8.816464e+01 8.396374e+01 1.920927e+02
      vertex   8.825205e+01 8.396374e+01 1.922524e+02
      vertex   8.596089e+01 8.396374e+01 1.962132e+02
    endloop
  endfacet
  facet normal 0.000000e+00 -1.000000e+00 0.000000e+00
    outer loop
      vertex   8.596089e+01 8.396374e+01 1.962132e+02
      vertex   8.825205e+01 8.396374e+01 1.922524e+02
      vertex   8.835363e+01 8.396374e+01 1.924035e+02
    endloop
  endfacet
  facet normal 0.000000e+00 -1.000000e+00 0.000000e+00
    outer loop
      vertex   8.596089e+01 8.396374e+01 1.962132e+02
      vertex   8.835363e+01 8.396374e+01 1.924035e+02
      vertex   8.846853e+01 8.396374e+01 1.925447e+02
    endloop
  endfacet
  facet normal 0.000000e+00 -1.000000e+00 0.000000e+00
    outer loop
      vertex   8.846853e+01 8.396374e+01 1.925447e+02
      vertex   8.859579e+01 8.396374e+01 1.926749e+02
      vertex   8.596089e+01 8.396374e+01 1.962132e+02
    endloop
  endfacet
  facet normal 0.000000e+00 -1.000000e+00 0.000000e+00
    outer loop
      vertex   8.596089e+01 8.396374e+01 1.962132e+02
      vertex   8.859579e+01 8.396374e+01 1.926749e+02
      vertex   8.873436e+01 8.396374e+01 1.927930e+02
    endloop
  endfacet
  facet normal 0.000000e+00 -1.000000e+00 0.000000e+00
    outer loop
      vertex   8.596089e+01 8.396374e+01 1.962132e+02
      vertex   8.873436e+01 8.396374e+01 1.927930e+02
      vertex   8.888310e+01 8.396374e+01 1.928979e+02
    endloop
  endfacet
  facet normal 0.000000e+00 -1.000000e+00 0.000000e+00
    outer loop
      vertex   8.888310e+01 8.396374e+01 1.928979e+02
      vertex   8.904076e+01 8.396374e+01 1.929890e+02
      vertex   8.596089e+01 8.396374e+01 1.962132e+02
    endloop
  endfacet
  facet normal 0.000000e+00 -1.000000e+00 0.000000e+00
    outer loop
      vertex   8.596089e+01 8.396374e+01 1.962132e+02
      vertex   8.904076e+01 8.396374e+01 1.929890e+02
      vertex   8.920606e+01 8.396374e+01 1.930653e+02
    endloop
  endfacet
  facet normal 0.000000e+00 -1.000000e+00 0.000000e+00
    outer loop
      vertex   8.596089e+01 8.396374e+01 1.962132e+02
      vertex   8.920606e+01 8.396374e+01 1.930653e+02
      vertex   8.937760e+01 8.396374e+01 1.931263e+02
    endloop
  endfacet
  facet normal 0.000000e+00 -1.000000e+00 0.000000e+00
    outer loop
      vertex   8.937760e+01 8.396374e+01 1.931263e+02
      vertex   8.955398e+01 8.396374e+01 1.931714e+02
      vertex   8.596089e+01 8.396374e+01 1.962132e+02
    endloop
  endfacet
  facet normal 0.000000e+00 -1.000000e+00 0.000000e+00
    outer loop
      vertex   8.596089e+01 8.396374e+01 1.962132e+02
      vertex   8.955398e+01 8.396374e+01 1.931714e+02
      vertex   8.973373e+01 8.396374e+01 1.932003e+02
    endloop
  endfacet
  facet normal 0.000000e+00 -1.000000e+00 0.000000e+00
    outer loop
      vertex   8.596089e+01 8.396374e+01 1.962132e+02
      vertex   8.973373e+01 8.396374e+01 1.932003e+02
      vertex   8.991537e+01 8.396374e+01 1.932127e+02
    endloop
  endfacet
  facet normal 0.000000e+00 -1.000000e+00 0.000000e+00
    outer loop
      vertex   8.596089e+01 8.396374e+01 1.962132e+02
      vertex   8.991537e+01 8.396374e+01 1.932127e+02
      vertex   9.396089e+01 8.396374e+01 1.962132e+02
    endloop
  endfacet
  facet normal 0.000000e+00 -1.000000e+00 0.000000e+00
    outer loop
      vertex   9.396089e+01 8.396374e+01 1.962132e+02
      vertex   8.991537e+01 8.396374e+01 1.932127e+02
      vertex   9.009738e+01 8.396374e+01 1.932085e+02
    endloop
  endfacet
  facet normal 0.000000e+00 -1.000000e+00 0.000000e+00
    outer loop
      vertex   9.396089e+01 8.396374e+01 1.962132e+02
      vertex   9.009738e+01 8.396374e+01 1.932085e+02
      vertex   9.027826e+01 8.396374e+01 1.931879e+02
    endloop
  endfacet
  facet normal 0.000000e+00 -1.000000e+00 0.000000e+00
    outer loop
      vertex   9.027826e+01 8.396374e+01 1.931879e+02
      vertex   9.045651e+01 8.396374e+01 1.931508e+02
      vertex   9.396089e+01 8.396374e+01 1.962132e+02
    endloop
  endfacet
  facet normal 0.000000e+00 -1.000000e+00 0.000000e+00
    outer loop
      vertex   9.396089e+01 8.396374e+01 1.962132e+02
      vertex   9.045651e+01 8.396374e+01 1.931508e+02
      vertex   9.063065e+01 8.396374e+01 1.930977e+02
    endloop
  endfacet
  facet normal 0.000000e+00 -1.000000e+00 0.000000e+00
    outer loop
      vertex   9.396089e+01 8.396374e+01 1.962132e+02
      vertex   9.063065e+01 8.396374e+01 1.930977e+02
      vertex   9.079925e+01 8.396374e+01 1.930290e+02
    endloop
  endfacet
  facet normal 0.000000e+00 -1.000000e+00 0.000000e+00
    outer loop
      vertex   9.079925e+01 8.396374e+01 1.930290e+02
      vertex   9.096089e+01 8.396374e+01 1.929453e+02
      vertex   9.396089e+01 8.396374e+01 1.962132e+02
    endloop
  endfacet
  facet normal 0.000000e+00 -1.000000e+00 0.000000e+00
    outer loop
      vertex   9.396089e+01 8.396374e+01 1.962132e+02
      vertex   9.096089e+01 8.396374e+01 1.929453e+02
      vertex   9.111425e+01 8.396374e+01 1.928471e+02
    endloop
  endfacet
  facet normal 0.000000e+00 -1.000000e+00 0.000000e+00
    outer loop
      vertex   9.396089e+01 8.396374e+01 1.962132e+02
      vertex   9.111425e+01 8.396374e+01 1.928471e+02
      vertex   9.125806e+01 8.396374e+01 1.927355e+02
    endloop
  endfacet
  facet normal 0.000000e+00 -1.000000e+00 0.000000e+00
    outer loop
      vertex   9.125806e+01 8.396374e+01 1.927355e+02
      vertex   9.139111e+01 8.396374e+01 1.926112e+02
      vertex   9.396089e+01 8.396374e+01 1.962132e+02
    endloop
  endfacet
  facet normal 0.000000e+00 -1.000000e+00 0.000000e+00
    outer loop
      vertex   9.396089e+01 8.396374e+01 1.962132e+02
      vertex   9.139111e+01 8.396374e+01 1.926112e+02
      vertex   9.151232e+01 8.396374e+01 1.924754e+02
    endloop
  endfacet
  facet normal 0.000000e+00 -1.000000e+00 0.000000e+00
    outer loop
      vertex   9.396089e+01 8.396374e+01 1.962132e+02
      vertex   9.151232e+01 8.396374e+01 1.924754e+02
      vertex   9.162066e+01 8.396374e+01 1.923291e+02
    endloop
  endfacet
  facet normal 0.000000e+00 -1.000000e+00 0.000000e+00
    outer loop
      vertex   9.162066e+01 8.396374e+01 1.923291e+02
      vertex   9.171526e+01 8.396374e+01 1.921735e+02
      vertex   9.396089e+01 8.396374e+01 1.962132e+02
    endloop
  endfacet
  facet normal 0.000000e+00 -1.000000e+00 0.000000e+00
    outer loop
      vertex   9.396089e+01 8.396374e+01 1.962132e+02
      vertex   9.171526e+01 8.396374e+01 1.921735e+02
      vertex   9.179532e+01 8.396374e+01 1.920100e+02
    endloop
  endfacet
  facet normal 0.000000e+00 -1.000000e+00 0.000000e+00
    outer loop
      vertex   9.396089e+01 8.396374e+01 1.962132e+02
      vertex   9.179532e+01 8.396374e+01 1.920100e+02
      vertex   9.186017e+01 8.396374e+01 1.918399e+02
    endloop
  endfacet
  facet normal 0.000000e+00 -1.000000e+00 0.000000e+00
    outer loop
      vertex   9.186017e+01 8.396374e+01 1.918399e+02
      vertex   9.190929e+01 8.396374e+01 1.916646e+02
      vertex   9.396089e+01 8.396374e+01 1.962132e+02
    endloop
  endfacet
  facet normal 0.000000e+00 -1.000000e+00 0.000000e+00
    outer loop
      vertex   9.396089e+01 8.396374e+01 1.962132e+02
      vertex   9.190929e+01 8.396374e+01 1.916646e+02
      vertex   9.194227e+01 8.396374e+01 1.914855e+02
    endloop
  endfacet
  facet normal 0.000000e+00 -1.000000e+00 0.000000e+00
    outer loop
      vertex   9.396089e+01 8.396374e+01 1.962132e+02
      vertex   9.194227e+01 8.396374e+01 1.914855e+02
      vertex   9.195882e+01 8.396374e+01 1.913042e+02
    endloop
  endfacet
  facet normal 0.000000e+00 -1.000000e+00 0.000000e+00
    outer loop
      vertex   9.195882e+01 8.396374e+01 1.913042e+02
      vertex   9.195882e+01 8.396374e+01 1.911222e+02
      vertex   9.396089e+01 8.396374e+01 1.962132e+02
    endloop
  endfacet
  facet normal 0.000000e+00 -1.000000e+00 -0.000000e+00
    outer loop
      vertex   9.396089e+01 8.396374e+01 1.962132e+02
      vertex   9.195882e+01 8.396374e+01 1.911222e+02
      vertex   9.496089e+01 8.396374e+01 1.952132e+02
    endloop
  endfacet
  facet normal 0.000000e+00 -1.000000e+00 0.000000e+00
    outer loop
      vertex   9.496089e+01 8.396374e+01 1.952132e+02
      vertex   9.195882e+01 8.396374e+01 1.911222e+02
      vertex   9.194227e+01 8.396374e+01 1.909409e+02
    endloop
  endfacet
  facet normal 0.000000e+00 -1.000000e+00 0.000000e+00
    outer loop
      vertex   9.496089e+01 8.396374e+01 1.952132e+02
      vertex   9.194227e+01 8.396374e+01 1.909409e+02
      vertex   9.190929e+01 8.396374e+01 1.907618e+02
    endloop
  endfacet
  facet normal 0.000000e+00 -1.000000e+00 -0.000000e+00
    outer loop
      vertex   9.190929e+01 8.396374e+01 1.907618e+02
      vertex   9.186017e+01 8.396374e+01 1.905865e+02
      vertex   9.496089e+01 8.396374e+01 1.952132e+02
    endloop
  endfacet
  facet normal 0.000000e+00 -1.000000e+00 -0.000000e+00
    outer loop
      vertex   9.496089e+01 8.396374e+01 1.952132e+02
      vertex   9.186017e+01 8.396374e+01 1.905865e+02
      vertex   9.496089e+01 8.396374e+01 1.612132e+02
    endloop
  endfacet
  facet normal 0.000000e+00 -1.000000e+00 0.000000e+00
    outer loop
      vertex   9.496089e+01 8.396374e+01 1.612132e+02
      vertex   9.186017e+01 8.396374e+01 1.905865e+02
      vertex   9.179532e+01 8.396374e+01 1.904164e+02
    endloop
  endfacet
  facet normal 0.000000e+00 -1.000000e+00 0.000000e+00
    outer loop
      vertex   9.496089e+01 8.396374e+01 1.612132e+02
      vertex   9.179532e+01 8.396374e+01 1.904164e+02
      vertex   9.171526e+01 8.396374e+01 1.902529e+02
    endloop
  endfacet
  facet normal 0.000000e+00 -1.000000e+00 -0.000000e+00
    outer loop
      vertex   9.171526e+01 8.396374e+01 1.902529e+02
      vertex   9.162066e+01 8.396374e+01 1.900973e+02
      vertex   9.496089e+01 8.396374e+01 1.612132e+02
    endloop
  endfacet
  facet normal -0.000000e+00 -1.000000e+00 0.000000e+00
    outer loop
      vertex   9.496089e+01 8.396374e+01 1.612132e+02
      vertex   9.162066e+01 8.396374e+01 1.900973e+02
      vertex   9.396089e+01 8.396374e+01 1.602132e+02
    endloop
  endfacet
  facet normal 0.000000e+00 -1.000000e+00 0.000000e+00
    outer loop
      vertex   9.396089e+01 8.396374e+01 1.602132e+02
      vertex   9.162066e+01 8.396374e+01 1.900973e+02
      vertex   9.151232e+01 8.396374e+01 1.899510e+02
    endloop
  endfacet
  facet normal 0.000000e+00 -1.000000e+00 0.000000e+00
    outer loop
      vertex   9.396089e+01 8.396374e+01 1.602132e+02
      vertex   9.151232e+01 8.396374e+01 1.899510e+02
      vertex   9.139111e+01 8.396374e+01 1.898152e+02
    endloop
  endfacet
  facet normal 0.000000e+00 -1.000000e+00 -0.000000e+00
    outer loop
      vertex   9.139111e+01 8.396374e+01 1.898152e+02
      vertex   9.125806e+01 8.396374e+01 1.896909e+02
      vertex   9.396089e+01 8.396374e+01 1.602132e+02
    endloop
  endfacet
  facet normal 0.000000e+00 -1.000000e+00 0.000000e+00
    outer loop
      vertex   9.396089e+01 8.396374e+01 1.602132e+02
      vertex   9.125806e+01 8.396374e+01 1.896909e+02
      vertex   9.111425e+01 8.396374e+01 1.895793e+02
    endloop
  endfacet
  facet normal 0.000000e+00 -1.000000e+00 0.000000e+00
    outer loop
      vertex   9.396089e+01 8.396374e+01 1.602132e+02
      vertex   9.111425e+01 8.396374e+01 1.895793e+02
      vertex   9.096089e+01 8.396374e+01 1.894812e+02
    endloop
  endfacet
  facet normal 0.000000e+00 -1.000000e+00 -0.000000e+00
    outer loop
      vertex   9.096089e+01 8.396374e+01 1.894812e+02
      vertex   9.079925e+01 8.396374e+01 1.893974e+02
      vertex   9.396089e+01 8.396374e+01 1.602132e+02
    endloop
  endfacet
  facet normal 0.000000e+00 -1.000000e+00 0.000000e+00
    outer loop
      vertex   9.396089e+01 8.396374e+01 1.602132e+02
      vertex   9.079925e+01 8.396374e+01 1.893974e+02
      vertex   9.063065e+01 8.396374e+01 1.893287e+02
    endloop
  endfacet
  facet normal 0.000000e+00 -1.000000e+00 0.000000e+00
    outer loop
      vertex   9.396089e+01 8.396374e+01 1.602132e+02
      vertex   9.063065e+01 8.396374e+01 1.893287e+02
      vertex   9.045651e+01 8.396374e+01 1.892756e+02
    endloop
  endfacet
  facet normal 0.000000e+00 -1.000000e+00 -0.000000e+00
    outer loop
      vertex   9.045651e+01 8.396374e+01 1.892756e+02
      vertex   9.027826e+01 8.396374e+01 1.892385e+02
      vertex   9.396089e+01 8.396374e+01 1.602132e+02
    endloop
  endfacet
  facet normal 0.000000e+00 -1.000000e+00 0.000000e+00
    outer loop
      vertex   9.396089e+01 8.396374e+01 1.602132e+02
      vertex   9.027826e+01 8.396374e+01 1.892385e+02
      vertex   9.009738e+01 8.396374e+01 1.892179e+02
    endloop
  endfacet
  facet normal 0.000000e+00 -1.000000e+00 0.000000e+00
    outer loop
      vertex   9.396089e+01 8.396374e+01 1.602132e+02
      vertex   9.009738e+01 8.396374e+01 1.892179e+02
      vertex   8.991537e+01 8.396374e+01 1.892137e+02
    endloop
  endfacet
  facet normal 0.000000e+00 -1.000000e+00 0.000000e+00
    outer loop
      vertex   9.396089e+01 8.396374e+01 1.602132e+02
      vertex   8.991537e+01 8.396374e+01 1.892137e+02
      vertex   8.596089e+01 8.396374e+01 1.602132e+02
    endloop
  endfacet
  facet normal 0.000000e+00 -1.000000e+00 0.000000e+00
    outer loop
      vertex   8.596089e+01 8.396374e+01 1.602132e+02
      vertex   8.991537e+01 8.396374e+01 1.892137e+02
      vertex   8.973373e+01 8.396374e+01 1.892262e+02
    endloop
  endfacet
  facet normal 0.000000e+00 -1.000000e+00 0.000000e+00
    outer loop
      vertex   8.596089e+01 8.396374e+01 1.602132e+02
      vertex   8.973373e+01 8.396374e+01 1.892262e+02
      vertex   8.955398e+01 8.396374e+01 1.892550e+02
    endloop
  endfacet
  facet normal -0.000000e+00 -1.000000e+00 0.000000e+00
    outer loop
      vertex   8.955398e+01 8.396374e+01 1.892550e+02
      vertex   8.937760e+01 8.396374e+01 1.893002e+02
      vertex   8.596089e+01 8.396374e+01 1.602132e+02
    endloop
  endfacet
  facet normal 0.000000e+00 -1.000000e+00 0.000000e+00
    outer loop
      vertex   8.596089e+01 8.396374e+01 1.602132e+02
      vertex   8.937760e+01 8.396374e+01 1.893002e+02
      vertex   8.920606e+01 8.396374e+01 1.893611e+02
    endloop
  endfacet
  facet normal 0.000000e+00 -1.000000e+00 0.000000e+00
    outer loop
      vertex   8.596089e+01 8.396374e+01 1.602132e+02
      vertex   8.920606e+01 8.396374e+01 1.893611e+02
      vertex   8.904076e+01 8.396374e+01 1.894374e+02
    endloop
  endfacet
  facet normal -0.000000e+00 -1.000000e+00 0.000000e+00
    outer loop
      vertex   8.904076e+01 8.396374e+01 1.894374e+02
      vertex   8.888310e+01 8.396374e+01 1.895285e+02
      vertex   8.596089e+01 8.396374e+01 1.602132e+02
    endloop
  endfacet
  facet normal 0.000000e+00 -1.000000e+00 0.000000e+00
    outer loop
      vertex   8.596089e+01 8.396374e+01 1.602132e+02
      vertex   8.888310e+01 8.396374e+01 1.895285e+02
      vertex   8.873436e+01 8.396374e+01 1.896335e+02
    endloop
  endfacet
  facet normal 0.000000e+00 -1.000000e+00 0.000000e+00
    outer loop
      vertex   8.596089e+01 8.396374e+01 1.602132e+02
      vertex   8.873436e+01 8.396374e+01 1.896335e+02
      vertex   8.859579e+01 8.396374e+01 1.897515e+02
    endloop
  endfacet
  facet normal -0.000000e+00 -1.000000e+00 0.000000e+00
    outer loop
      vertex   8.859579e+01 8.396374e+01 1.897515e+02
      vertex   8.846853e+01 8.396374e+01 1.898817e+02
      vertex   8.596089e+01 8.396374e+01 1.602132e+02
    endloop
  endfacet
  facet normal 0.000000e+00 -1.000000e+00 0.000000e+00
    outer loop
      vertex   8.596089e+01 8.396374e+01 1.602132e+02
      vertex   8.846853e+01 8.396374e+01 1.898817e+02
      vertex   8.835363e+01 8.396374e+01 1.900230e+02
    endloop
  endfacet
  facet normal 0.000000e+00 -1.000000e+00 0.000000e+00
    outer loop
      vertex   8.596089e+01 8.396374e+01 1.602132e+02
      vertex   8.835363e+01 8.396374e+01 1.900230e+02
      vertex   8.825205e+01 8.396374e+01 1.901740e+02
    endloop
  endfacet
  facet normal 0.000000e+00 -1.000000e+00 0.000000e+00
    outer loop
      vertex   8.596089e+01 8.396374e+01 1.602132e+02
      vertex   8.825205e+01 8.396374e+01 1.901740e+02
      vertex   8.496089e+01 8.396374e+01 1.612132e+02
    endloop
  endfacet
  facet normal 0.000000e+00 -1.000000e+00 0.000000e+00
    outer loop
      vertex   8.496089e+01 8.396374e+01 1.612132e+02
      vertex   8.825205e+01 8.396374e+01 1.901740e+02
      vertex   8.816464e+01 8.396374e+01 1.903337e+02
    endloop
  endfacet
  facet normal 0.000000e+00 -1.000000e+00 0.000000e+00
    outer loop
      vertex   8.496089e+01 8.396374e+01 1.612132e+02
      vertex   8.816464e+01 8.396374e+01 1.903337e+02
      vertex   8.809211e+01 8.396374e+01 1.905007e+02
    endloop
  endfacet
  facet normal -0.000000e+00 -1.000000e+00 0.000000e+00
    outer loop
      vertex   8.809211e+01 8.396374e+01 1.905007e+02
      vertex   8.803506e+01 8.396374e+01 1.906736e+02
      vertex   8.496089e+01 8.396374e+01 1.612132e+02
    endloop
  endfacet
  facet normal 0.000000e+00 -1.000000e+00 0.000000e+00
    outer loop
      vertex   8.496089e+01 8.396374e+01 1.612132e+02
      vertex   8.803506e+01 8.396374e+01 1.906736e+02
      vertex   8.496089e+01 8.396374e+01 1.952132e+02
    endloop
  endfacet
  facet normal 0.000000e+00 -1.000000e+00 0.000000e+00
    outer loop
      vertex   8.496089e+01 8.396374e+01 1.952132e+02
      vertex   8.803506e+01 8.396374e+01 1.906736e+02
      vertex   8.799397e+01 8.396374e+01 1.908510e+02
    endloop
  endfacet
  facet normal 0.000000e+00 -1.000000e+00 0.000000e+00
    outer loop
      vertex   8.496089e+01 8.396374e+01 1.952132e+02
      vertex   8.799397e+01 8.396374e+01 1.908510e+02
      vertex   8.796918e+01 8.396374e+01 1.910313e+02
    endloop
  endfacet
  facet normal 0.000000e+00 -1.000000e+00 0.000000e+00
    outer loop
      vertex   8.496089e+01 8.396374e+01 1.952132e+02
      vertex   8.796918e+01 8.396374e+01 1.910313e+02
      vertex   8.596089e+01 8.396374e+01 1.962132e+02
    endloop
  endfacet
  facet normal 7.071068e-01 0.000000e+00 -7.071068e-01
    outer loop
      vertex   9.396089e+01 9.796374e+01 1.602132e+02
      vertex   9.496089e+01 9.796374e+01 1.612132e+02
      vertex   9.396089e+01 8.396374e+01 1.602132e+02
    endloop
  endfacet
  facet normal 7.071068e-01 0.000000e+00 -7.071068e-01
    outer loop
      vertex   9.396089e+01 8.396374e+01 1.602132e+02
      vertex   9.496089e+01 9.796374e+01 1.612132e+02
      vertex   9.496089e+01 8.396374e+01 1.612132e+02
    endloop
  endfacet
  facet normal 1.000000e+00 0.000000e+00 0.000000e+00
    outer loop
      vertex   9.496089e+01 8.396374e+01 1.952132e+02
      vertex   9.496089e+01 8.396374e+01 1.612132e+02
      vertex   9.496089e+01 9.396374e+01 1.772132e+02
    endloop
  endfacet
  facet normal 1.000000e+00 0.000000e+00 0.000000e+00
    outer loop
      vertex   9.496089e+01 9.396374e+01 1.772132e+02
      vertex   9.496089e+01 8.396374e+01 1.612132e+02
      vertex   9.496089e+01 9.796374e+01 1.612132e+02
    endloop
  endfacet
  facet normal 1.000000e+00 -0.000000e+00 0.000000e+00
    outer loop
      vertex   9.496089e+01 9.396374e+01 1.772132e+02
      vertex   9.496089e+01 9.796374e+01 1.612132e+02
      vertex   9.496089e+01 9.796374e+01 1.772132e+02
    endloop
  endfacet
  facet normal 1.000000e+00 0.000000e+00 -0.000000e+00
    outer loop
      vertex   9.496089e+01 9.396374e+01 1.772132e+02
      vertex   9.496089e+01 9.396374e+01 1.872132e+02
      vertex   9.496089e+01 8.396374e+01 1.952132e+02
    endloop
  endfacet
  facet normal 1.000000e+00 -0.000000e+00 0.000000e+00
    outer loop
      vertex   9.496089e+01 8.396374e+01 1.952132e+02
      vertex   9.496089e+01 9.396374e+01 1.872132e+02
      vertex   9.496089e+01 1.029637e+02 1.952132e+02
    endloop
  endfacet
  facet normal 1.000000e+00 0.000000e+00 0.000000e+00
    outer loop
      vertex   9.496089e+01 1.029637e+02 1.952132e+02
      vertex   9.496089e+01 9.396374e+01 1.872132e+02
      vertex   9.496089e+01 1.029637e+02 1.872132e+02
    endloop
  endfacet
  facet normal -0.000000e+00 1.000000e+00 0.000000e+00
    outer loop
      vertex   8.496089e+01 9.796374e+01 1.612132e+02
      vertex   8.496089e+01 9.796374e+01 1.772132e+02
      vertex   8.596089e+01 9.796374e+01 1.602132e+02
    endloop
  endfacet
  facet normal 0.000000e+00 1.000000e+00 -0.000000e+00
    outer loop
      vertex   8.596089e+01 9.796374e+01 1.602132e+02
      vertex   8.496089e+01 9.796374e+01 1.772132e+02
      vertex   8.596089e+01 9.796374e+01 1.782132e+02
    endloop
  endfacet
  facet normal 0.000000e+00 1.000000e+00 0.000000e+00
    outer loop
      vertex   8.596089e+01 9.796374e+01 1.602132e+02
      vertex   8.596089e+01 9.796374e+01 1.782132e+02
      vertex   9.396089e+01 9.796374e+01 1.602132e+02
    endloop
  endfacet
  facet normal 0.000000e+00 1.000000e+00 -0.000000e+00
    outer loop
      vertex   9.396089e+01 9.796374e+01 1.602132e+02
      vertex   8.596089e+01 9.796374e+01 1.782132e+02
      vertex   9.396089e+01 9.796374e+01 1.782132e+02
    endloop
  endfacet
  facet normal 0.000000e+00 1.000000e+00 0.000000e+00
    outer loop
      vertex   9.396089e+01 9.796374e+01 1.602132e+02
      vertex   9.396089e+01 9.796374e+01 1.782132e+02
      vertex   9.496089e+01 9.796374e+01 1.612132e+02
    endloop
  endfacet
  facet normal 0.000000e+00 1.000000e+00 -0.000000e+00
    outer loop
      vertex   9.496089e+01 9.796374e+01 1.612132e+02
      vertex   9.396089e+01 9.796374e+01 1.782132e+02
      vertex   9.496089e+01 9.796374e+01 1.772132e+02
    endloop
  endfacet
  facet normal 7.071068e-01 0.000000e+00 7.071068e-01
    outer loop
      vertex   9.496089e+01 9.796374e+01 1.772132e+02
      vertex   9.396089e+01 9.796374e+01 1.782132e+02
      vertex   9.496089e+01 9.396374e+01 1.772132e+02
    endloop
  endfacet
  facet normal 7.071068e-01 0.000000e+00 7.071068e-01
    outer loop
      vertex   9.496089e+01 9.396374e+01 1.772132e+02
      vertex   9.396089e+01 9.796374e+01 1.782132e+02
      vertex   9.396089e+01 9.396374e+01 1.782132e+02
    endloop
  endfacet
  facet normal 7.071068e-01 0.000000e+00 -7.071068e-01
    outer loop
      vertex   9.396089e+01 1.029637e+02 1.862132e+02
      vertex   9.496089e+01 1.029637e+02 1.872132e+02
      vertex   9.396089e+01 9.396374e+01 1.862132e+02
    endloop
  endfacet
  facet normal 7.071068e-01 0.000000e+00 -7.071068e-01
    outer loop
      vertex   9.396089e+01 9.396374e+01 1.862132e+02
      vertex   9.496089e+01 1.029637e+02 1.872132e+02
      vertex   9.496089e+01 9.396374e+01 1.872132e+02
    endloop
  endfacet
  facet normal 0.000000e+00 0.000000e+00 -1.000000e+00
    outer loop
      vertex   9.396089e+01 9.396374e+01 1.862132e+02
      vertex   8.596089e+01 9.396374e+01 1.862132e+02
      vertex   9.396089e+01 1.029637e+02 1.862132e+02
    endloop
  endfacet
  facet normal -0.000000e+00 0.000000e+00 -1.000000e+00
    outer loop
      vertex   9.396089e+01 1.029637e+02 1.862132e+02
      vertex   8.596089e+01 9.396374e+01 1.862132e+02
      vertex   8.596089e+01 1.029637e+02 1.862132e+02
    endloop
  endfacet
  facet normal 7.071068e-01 -0.000000e+00 7.071068e-01
    outer loop
      vertex   9.396089e+01 8.396374e+01 1.962132e+02
      vertex   9.496089e+01 8.396374e+01 1.952132e+02
      vertex   9.396089e+01 1.029637e+02 1.962132e+02
    endloop
  endfacet
  facet normal 7.071068e-01 0.000000e+00 7.071068e-01
    outer loop
      vertex   9.396089e+01 1.029637e+02 1.962132e+02
      vertex   9.496089e+01 8.396374e+01 1.952132e+02
      vertex   9.496089e+01 1.029637e+02 1.952132e+02
    endloop
  endfacet
  facet normal -7.071068e-01 -0.000000e+00 -7.071068e-01
    outer loop
      vertex   8.496089e+01 1.029637e+02 1.872132e+02
      vertex   8.596089e+01 1.029637e+02 1.862132e+02
      vertex   8.496089e+01 9.396374e+01 1.872132e+02
    endloop
  endfacet
  facet normal -7.071068e-01 0.000000e+00 -7.071068e-01
    outer loop
      vertex   8.496089e+01 9.396374e+01 1.872132e+02
      vertex   8.596089e+01 1.029637e+02 1.862132e+02
      vertex   8.596089e+01 9.396374e+01 1.862132e+02
    endloop
  endfacet
  facet normal 0.000000e+00 1.000000e+00 -0.000000e+00
    outer loop
      vertex   9.396089e+01 1.029637e+02 1.862132e+02
      vertex   9.106324e+01 1.029637e+02 1.900535e+02
      vertex   9.496089e+01 1.029637e+02 1.872132e+02
    endloop
  endfacet
  facet normal 0.000000e+00 1.000000e+00 0.000000e+00
    outer loop
      vertex   9.496089e+01 1.029637e+02 1.872132e+02
      vertex   9.106324e+01 1.029637e+02 1.900535e+02
      vertex   9.117491e+01 1.029637e+02 1.901710e+02
    endloop
  endfacet
  facet normal 0.000000e+00 1.000000e+00 0.000000e+00
    outer loop
      vertex   9.496089e+01 1.029637e+02 1.872132e+02
      vertex   9.117491e+01 1.029637e+02 1.901710e+02
      vertex   9.127411e+01 1.029637e+02 1.902992e+02
    endloop
  endfacet
  facet normal 0.000000e+00 1.000000e+00 0.000000e+00
    outer loop
      vertex   8.596089e+01 1.029637e+02 1.862132e+02
      vertex   9.004193e+01 1.029637e+02 1.896153e+02
      vertex   9.396089e+01 1.029637e+02 1.862132e+02
    endloop
  endfacet
  facet normal 0.000000e+00 1.000000e+00 0.000000e+00
    outer loop
      vertex   9.396089e+01 1.029637e+02 1.862132e+02
      vertex   9.004193e+01 1.029637e+02 1.896153e+02
      vertex   9.020318e+01 1.029637e+02 1.896317e+02
    endloop
  endfacet
  facet normal 0.000000e+00 1.000000e+00 0.000000e+00
    outer loop
      vertex   9.396089e+01 1.029637e+02 1.862132e+02
      vertex   9.020318e+01 1.029637e+02 1.896317e+02
      vertex   9.036194e+01 1.029637e+02 1.896643e+02
    endloop
  endfacet
  facet normal -0.000000e+00 1.000000e+00 0.000000e+00
    outer loop
      vertex   8.496089e+01 1.029637e+02 1.872132e+02
      vertex   8.885855e+01 1.029637e+02 1.900535e+02
      vertex   8.596089e+01 1.029637e+02 1.862132e+02
    endloop
  endfacet
  facet normal 0.000000e+00 1.000000e+00 0.000000e+00
    outer loop
      vertex   8.596089e+01 1.029637e+02 1.862132e+02
      vertex   8.885855e+01 1.029637e+02 1.900535e+02
      vertex   8.898152e+01 1.029637e+02 1.899480e+02
    endloop
  endfacet
  facet normal 0.000000e+00 1.000000e+00 0.000000e+00
    outer loop
      vertex   8.596089e+01 1.029637e+02 1.862132e+02
      vertex   8.898152e+01 1.029637e+02 1.899480e+02
      vertex   8.911455e+01 1.029637e+02 1.898554e+02
    endloop
  endfacet
  facet normal 0.000000e+00 1.000000e+00 0.000000e+00
    outer loop
      vertex   8.496089e+01 1.029637e+02 1.952132e+02
      vertex   8.836089e+01 1.029637e+02 1.912132e+02
      vertex   8.496089e+01 1.029637e+02 1.872132e+02
    endloop
  endfacet
  facet normal 0.000000e+00 1.000000e+00 0.000000e+00
    outer loop
      vertex   8.496089e+01 1.029637e+02 1.872132e+02
      vertex   8.836089e+01 1.029637e+02 1.912132e+02
      vertex   8.836910e+01 1.029637e+02 1.910513e+02
    endloop
  endfacet
  facet normal 0.000000e+00 1.000000e+00 0.000000e+00
    outer loop
      vertex   8.496089e+01 1.029637e+02 1.872132e+02
      vertex   8.836910e+01 1.029637e+02 1.910513e+02
      vertex   8.839365e+01 1.029637e+02 1.908911e+02
    endloop
  endfacet
  facet normal 0.000000e+00 1.000000e+00 0.000000e+00
    outer loop
      vertex   8.596089e+01 1.029637e+02 1.962132e+02
      vertex   8.885855e+01 1.029637e+02 1.923729e+02
      vertex   8.496089e+01 1.029637e+02 1.952132e+02
    endloop
  endfacet
  facet normal 0.000000e+00 1.000000e+00 0.000000e+00
    outer loop
      vertex   8.496089e+01 1.029637e+02 1.952132e+02
      vertex   8.885855e+01 1.029637e+02 1.923729e+02
      vertex   8.874688e+01 1.029637e+02 1.922554e+02
    endloop
  endfacet
  facet normal 0.000000e+00 1.000000e+00 0.000000e+00
    outer loop
      vertex   8.496089e+01 1.029637e+02 1.952132e+02
      vertex   8.874688e+01 1.029637e+02 1.922554e+02
      vertex   8.864767e+01 1.029637e+02 1.921272e+02
    endloop
  endfacet
  facet normal 0.000000e+00 1.000000e+00 0.000000e+00
    outer loop
      vertex   9.396089e+01 1.029637e+02 1.962132e+02
      vertex   8.987985e+01 1.029637e+02 1.928112e+02
      vertex   8.596089e+01 1.029637e+02 1.962132e+02
    endloop
  endfacet
  facet normal 0.000000e+00 1.000000e+00 0.000000e+00
    outer loop
      vertex   8.596089e+01 1.029637e+02 1.962132e+02
      vertex   8.987985e+01 1.029637e+02 1.928112e+02
      vertex   8.971861e+01 1.029637e+02 1.927948e+02
    endloop
  endfacet
  facet normal 0.000000e+00 1.000000e+00 0.000000e+00
    outer loop
      vertex   8.596089e+01 1.029637e+02 1.962132e+02
      vertex   8.971861e+01 1.029637e+02 1.927948e+02
      vertex   8.955985e+01 1.029637e+02 1.927621e+02
    endloop
  endfacet
  facet normal 0.000000e+00 1.000000e+00 0.000000e+00
    outer loop
      vertex   9.496089e+01 1.029637e+02 1.952132e+02
      vertex   9.106324e+01 1.029637e+02 1.923729e+02
      vertex   9.396089e+01 1.029637e+02 1.962132e+02
    endloop
  endfacet
  facet normal 0.000000e+00 1.000000e+00 0.000000e+00
    outer loop
      vertex   9.396089e+01 1.029637e+02 1.962132e+02
      vertex   9.106324e+01 1.029637e+02 1.923729e+02
      vertex   9.094026e+01 1.029637e+02 1.924784e+02
    endloop
  endfacet
  facet normal 0.000000e+00 1.000000e+00 0.000000e+00
    outer loop
      vertex   9.396089e+01 1.029637e+02 1.962132e+02
      vertex   9.094026e+01 1.029637e+02 1.924784e+02
      vertex   9.080724e+01 1.029637e+02 1.925710e+02
    endloop
  endfacet
  facet normal 0.000000e+00 1.000000e+00 -0.000000e+00
    outer loop
      vertex   9.496089e+01 1.029637e+02 1.872132e+02
      vertex   9.156089e+01 1.029637e+02 1.912132e+02
      vertex   9.496089e+01 1.029637e+02 1.952132e+02
    endloop
  endfacet
  facet normal 0.000000e+00 1.000000e+00 0.000000e+00
    outer loop
      vertex   9.496089e+01 1.029637e+02 1.952132e+02
      vertex   9.156089e+01 1.029637e+02 1.912132e+02
      vertex   9.155268e+01 1.029637e+02 1.913751e+02
    endloop
  endfacet
  facet normal 0.000000e+00 1.000000e+00 0.000000e+00
    outer loop
      vertex   9.496089e+01 1.029637e+02 1.952132e+02
      vertex   9.155268e+01 1.029637e+02 1.913751e+02
      vertex   9.152814e+01 1.029637e+02 1.915353e+02
    endloop
  endfacet
  facet normal 0.000000e+00 1.000000e+00 -0.000000e+00
    outer loop
      vertex   9.152814e+01 1.029637e+02 1.915353e+02
      vertex   9.148752e+01 1.029637e+02 1.916922e+02
      vertex   9.496089e+01 1.029637e+02 1.952132e+02
    endloop
  endfacet
  facet normal 0.000000e+00 1.000000e+00 0.000000e+00
    outer loop
      vertex   9.496089e+01 1.029637e+02 1.952132e+02
      vertex   9.148752e+01 1.029637e+02 1.916922e+02
      vertex   9.143123e+01 1.029637e+02 1.918442e+02
    endloop
  endfacet
  facet normal 0.000000e+00 1.000000e+00 0.000000e+00
    outer loop
      vertex   9.496089e+01 1.029637e+02 1.952132e+02
      vertex   9.143123e+01 1.029637e+02 1.918442e+02
      vertex   9.135985e+01 1.029637e+02 1.919897e+02
    endloop
  endfacet
  facet normal 0.000000e+00 1.000000e+00 -0.000000e+00
    outer loop
      vertex   9.135985e+01 1.029637e+02 1.919897e+02
      vertex   9.127411e+01 1.029637e+02 1.921272e+02
      vertex   9.496089e+01 1.029637e+02 1.952132e+02
    endloop
  endfacet
  facet normal 0.000000e+00 1.000000e+00 0.000000e+00
    outer loop
      vertex   9.496089e+01 1.029637e+02 1.952132e+02
      vertex   9.127411e+01 1.029637e+02 1.921272e+02
      vertex   9.117491e+01 1.029637e+02 1.922554e+02
    endloop
  endfacet
  facet normal 0.000000e+00 1.000000e+00 0.000000e+00
    outer loop
      vertex   9.496089e+01 1.029637e+02 1.952132e+02
      vertex   9.117491e+01 1.029637e+02 1.922554e+02
      vertex   9.106324e+01 1.029637e+02 1.923729e+02
    endloop
  endfacet
  facet normal 0.000000e+00 1.000000e+00 -0.000000e+00
    outer loop
      vertex   9.080724e+01 1.029637e+02 1.925710e+02
      vertex   9.066552e+01 1.029637e+02 1.926497e+02
      vertex   9.396089e+01 1.029637e+02 1.962132e+02
    endloop
  endfacet
  facet normal 0.000000e+00 1.000000e+00 0.000000e+00
    outer loop
      vertex   9.396089e+01 1.029637e+02 1.962132e+02
      vertex   9.066552e+01 1.029637e+02 1.926497e+02
      vertex   9.051658e+01 1.029637e+02 1.927136e+02
    endloop
  endfacet
  facet normal 0.000000e+00 1.000000e+00 0.000000e+00
    outer loop
      vertex   9.396089e+01 1.029637e+02 1.962132e+02
      vertex   9.051658e+01 1.029637e+02 1.927136e+02
      vertex   9.036194e+01 1.029637e+02 1.927621e+02
    endloop
  endfacet
  facet normal 0.000000e+00 1.000000e+00 -0.000000e+00
    outer loop
      vertex   9.036194e+01 1.029637e+02 1.927621e+02
      vertex   9.020318e+01 1.029637e+02 1.927948e+02
      vertex   9.396089e+01 1.029637e+02 1.962132e+02
    endloop
  endfacet
  facet normal 0.000000e+00 1.000000e+00 0.000000e+00
    outer loop
      vertex   9.396089e+01 1.029637e+02 1.962132e+02
      vertex   9.020318e+01 1.029637e+02 1.927948e+02
      vertex   9.004193e+01 1.029637e+02 1.928112e+02
    endloop
  endfacet
  facet normal 0.000000e+00 1.000000e+00 0.000000e+00
    outer loop
      vertex   9.396089e+01 1.029637e+02 1.962132e+02
      vertex   9.004193e+01 1.029637e+02 1.928112e+02
      vertex   8.987985e+01 1.029637e+02 1.928112e+02
    endloop
  endfacet
  facet normal 0.000000e+00 1.000000e+00 0.000000e+00
    outer loop
      vertex   8.955985e+01 1.029637e+02 1.927621e+02
      vertex   8.940521e+01 1.029637e+02 1.927136e+02
      vertex   8.596089e+01 1.029637e+02 1.962132e+02
    endloop
  endfacet
  facet normal 0.000000e+00 1.000000e+00 0.000000e+00
    outer loop
      vertex   8.596089e+01 1.029637e+02 1.962132e+02
      vertex   8.940521e+01 1.029637e+02 1.927136e+02
      vertex   8.925626e+01 1.029637e+02 1.926497e+02
    endloop
  endfacet
  facet normal 0.000000e+00 1.000000e+00 0.000000e+00
    outer loop
      vertex   8.596089e+01 1.029637e+02 1.962132e+02
      vertex   8.925626e+01 1.029637e+02 1.926497e+02
      vertex   8.911455e+01 1.029637e+02 1.925710e+02
    endloop
  endfacet
  facet normal 0.000000e+00 1.000000e+00 0.000000e+00
    outer loop
      vertex   8.911455e+01 1.029637e+02 1.925710e+02
      vertex   8.898152e+01 1.029637e+02 1.924784e+02
      vertex   8.596089e+01 1.029637e+02 1.962132e+02
    endloop
  endfacet
  facet normal 0.000000e+00 1.000000e+00 0.000000e+00
    outer loop
      vertex   8.596089e+01 1.029637e+02 1.962132e+02
      vertex   8.898152e+01 1.029637e+02 1.924784e+02
      vertex   8.885855e+01 1.029637e+02 1.923729e+02
    endloop
  endfacet
  facet normal 0.000000e+00 1.000000e+00 0.000000e+00
    outer loop
      vertex   8.864767e+01 1.029637e+02 1.921272e+02
      vertex   8.856194e+01 1.029637e+02 1.919897e+02
      vertex   8.496089e+01 1.029637e+02 1.952132e+02
    endloop
  endfacet
  facet normal 0.000000e+00 1.000000e+00 0.000000e+00
    outer loop
      vertex   8.496089e+01 1.029637e+02 1.952132e+02
      vertex   8.856194e+01 1.029637e+02 1.919897e+02
      vertex   8.849056e+01 1.029637e+02 1.918442e+02
    endloop
  endfacet
  facet normal 0.000000e+00 1.000000e+00 0.000000e+00
    outer loop
      vertex   8.496089e+01 1.029637e+02 1.952132e+02
      vertex   8.849056e+01 1.029637e+02 1.918442e+02
      vertex   8.843427e+01 1.029637e+02 1.916922e+02
    endloop
  endfacet
  facet normal 0.000000e+00 1.000000e+00 0.000000e+00
    outer loop
      vertex   8.843427e+01 1.029637e+02 1.916922e+02
      vertex   8.839365e+01 1.029637e+02 1.915353e+02
      vertex   8.496089e+01 1.029637e+02 1.952132e+02
    endloop
  endfacet
  facet normal 0.000000e+00 1.000000e+00 0.000000e+00
    outer loop
      vertex   8.496089e+01 1.029637e+02 1.952132e+02
      vertex   8.839365e+01 1.029637e+02 1.915353e+02
      vertex   8.836910e+01 1.029637e+02 1.913751e+02
    endloop
  endfacet
  facet normal 0.000000e+00 1.000000e+00 0.000000e+00
    outer loop
      vertex   8.496089e+01 1.029637e+02 1.952132e+02
      vertex   8.836910e+01 1.029637e+02 1.913751e+02
      vertex   8.836089e+01 1.029637e+02 1.912132e+02
    endloop
  endfacet
  facet normal 0.000000e+00 1.000000e+00 0.000000e+00
    outer loop
      vertex   8.839365e+01 1.029637e+02 1.908911e+02
      vertex   8.843427e+01 1.029637e+02 1.907342e+02
      vertex   8.496089e+01 1.029637e+02 1.872132e+02
    endloop
  endfacet
  facet normal 0.000000e+00 1.000000e+00 0.000000e+00
    outer loop
      vertex   8.496089e+01 1.029637e+02 1.872132e+02
      vertex   8.843427e+01 1.029637e+02 1.907342e+02
      vertex   8.849056e+01 1.029637e+02 1.905822e+02
    endloop
  endfacet
  facet normal 0.000000e+00 1.000000e+00 0.000000e+00
    outer loop
      vertex   8.496089e+01 1.029637e+02 1.872132e+02
      vertex   8.849056e+01 1.029637e+02 1.905822e+02
      vertex   8.856194e+01 1.029637e+02 1.904367e+02
    endloop
  endfacet
  facet normal 0.000000e+00 1.000000e+00 0.000000e+00
    outer loop
      vertex   8.856194e+01 1.029637e+02 1.904367e+02
      vertex   8.864767e+01 1.029637e+02 1.902992e+02
      vertex   8.496089e+01 1.029637e+02 1.872132e+02
    endloop
  endfacet
  facet normal 0.000000e+00 1.000000e+00 0.000000e+00
    outer loop
      vertex   8.496089e+01 1.029637e+02 1.872132e+02
      vertex   8.864767e+01 1.029637e+02 1.902992e+02
      vertex   8.874688e+01 1.029637e+02 1.901710e+02
    endloop
  endfacet
  facet normal 0.000000e+00 1.000000e+00 0.000000e+00
    outer loop
      vertex   8.496089e+01 1.029637e+02 1.872132e+02
      vertex   8.874688e+01 1.029637e+02 1.901710e+02
      vertex   8.885855e+01 1.029637e+02 1.900535e+02
    endloop
  endfacet
  facet normal 0.000000e+00 1.000000e+00 0.000000e+00
    outer loop
      vertex   8.911455e+01 1.029637e+02 1.898554e+02
      vertex   8.925626e+01 1.029637e+02 1.897767e+02
      vertex   8.596089e+01 1.029637e+02 1.862132e+02
    endloop
  endfacet
  facet normal 0.000000e+00 1.000000e+00 0.000000e+00
    outer loop
      vertex   8.596089e+01 1.029637e+02 1.862132e+02
      vertex   8.925626e+01 1.029637e+02 1.897767e+02
      vertex   8.940521e+01 1.029637e+02 1.897128e+02
    endloop
  endfacet
  facet normal 0.000000e+00 1.000000e+00 0.000000e+00
    outer loop
      vertex   8.596089e+01 1.029637e+02 1.862132e+02
      vertex   8.940521e+01 1.029637e+02 1.897128e+02
      vertex   8.955985e+01 1.029637e+02 1.896643e+02
    endloop
  endfacet
  facet normal 0.000000e+00 1.000000e+00 0.000000e+00
    outer loop
      vertex   8.955985e+01 1.029637e+02 1.896643e+02
      vertex   8.971861e+01 1.029637e+02 1.896317e+02
      vertex   8.596089e+01 1.029637e+02 1.862132e+02
    endloop
  endfacet
  facet normal 0.000000e+00 1.000000e+00 0.000000e+00
    outer loop
      vertex   8.596089e+01 1.029637e+02 1.862132e+02
      vertex   8.971861e+01 1.029637e+02 1.896317e+02
      vertex   8.987985e+01 1.029637e+02 1.896153e+02
    endloop
  endfacet
  facet normal 0.000000e+00 1.000000e+00 0.000000e+00
    outer loop
      vertex   8.596089e+01 1.029637e+02 1.862132e+02
      vertex   8.987985e+01 1.029637e+02 1.896153e+02
      vertex   9.004193e+01 1.029637e+02 1.896153e+02
    endloop
  endfacet
  facet normal -0.000000e+00 1.000000e+00 0.000000e+00
    outer loop
      vertex   9.036194e+01 1.029637e+02 1.896643e+02
      vertex   9.051658e+01 1.029637e+02 1.897128e+02
      vertex   9.396089e+01 1.029637e+02 1.862132e+02
    endloop
  endfacet
  facet normal 0.000000e+00 1.000000e+00 0.000000e+00
    outer loop
      vertex   9.396089e+01 1.029637e+02 1.862132e+02
      vertex   9.051658e+01 1.029637e+02 1.897128e+02
      vertex   9.066552e+01 1.029637e+02 1.897767e+02
    endloop
  endfacet
  facet normal 0.000000e+00 1.000000e+00 0.000000e+00
    outer loop
      vertex   9.396089e+01 1.029637e+02 1.862132e+02
      vertex   9.066552e+01 1.029637e+02 1.897767e+02
      vertex   9.080724e+01 1.029637e+02 1.898554e+02
    endloop
  endfacet
  facet normal -0.000000e+00 1.000000e+00 0.000000e+00
    outer loop
      vertex   9.080724e+01 1.029637e+02 1.898554e+02
      vertex   9.094026e+01 1.029637e+02 1.899480e+02
      vertex   9.396089e+01 1.029637e+02 1.862132e+02
    endloop
  endfacet
  facet normal 0.000000e+00 1.000000e+00 0.000000e+00
    outer loop
      vertex   9.396089e+01 1.029637e+02 1.862132e+02
      vertex   9.094026e+01 1.029637e+02 1.899480e+02
      vertex   9.106324e+01 1.029637e+02 1.900535e+02
    endloop
  endfacet
  facet normal -0.000000e+00 1.000000e+00 0.000000e+00
    outer loop
      vertex   9.127411e+01 1.029637e+02 1.902992e+02
      vertex   9.135985e+01 1.029637e+02 1.904367e+02
      vertex   9.496089e+01 1.029637e+02 1.872132e+02
    endloop
  endfacet
  facet normal 0.000000e+00 1.000000e+00 0.000000e+00
    outer loop
      vertex   9.496089e+01 1.029637e+02 1.872132e+02
      vertex   9.135985e+01 1.029637e+02 1.904367e+02
      vertex   9.143123e+01 1.029637e+02 1.905822e+02
    endloop
  endfacet
  facet normal 0.000000e+00 1.000000e+00 0.000000e+00
    outer loop
      vertex   9.496089e+01 1.029637e+02 1.872132e+02
      vertex   9.143123e+01 1.029637e+02 1.905822e+02
      vertex   9.148752e+01 1.029637e+02 1.907342e+02
    endloop
  endfacet
  facet normal -0.000000e+00 1.000000e+00 0.000000e+00
    outer loop
      vertex   9.148752e+01 1.029637e+02 1.907342e+02
      vertex   9.152814e+01 1.029637e+02 1.908911e+02
      vertex   9.496089e+01 1.029637e+02 1.872132e+02
    endloop
  endfacet
  facet normal 0.000000e+00 1.000000e+00 0.000000e+00
    outer loop
      vertex   9.496089e+01 1.029637e+02 1.872132e+02
      vertex   9.152814e+01 1.029637e+02 1.908911e+02
      vertex   9.155268e+01 1.029637e+02 1.910513e+02
    endloop
  endfacet
  facet normal 0.000000e+00 1.000000e+00 0.000000e+00
    outer loop
      vertex   9.496089e+01 1.029637e+02 1.872132e+02
      vertex   9.155268e+01 1.029637e+02 1.910513e+02
      vertex   9.156089e+01 1.029637e+02 1.912132e+02
    endloop
  endfacet
  facet normal -7.071068e-01 0.000000e+00 7.071068e-01
    outer loop
      vertex   8.496089e+01 8.396374e+01 1.952132e+02
      vertex   8.596089e+01 8.396374e+01 1.962132e+02
      vertex   8.496089e+01 1.029637e+02 1.952132e+02
    endloop
  endfacet
  facet normal -7.071068e-01 0.000000e+00 7.071068e-01
    outer loop
      vertex   8.496089e+01 1.029637e+02 1.952132e+02
      vertex   8.596089e+01 8.396374e+01 1.962132e+02
      vertex   8.596089e+01 1.029637e+02 1.962132e+02
    endloop
  endfacet
  facet normal 9.989637e-01 0.000000e+00 -4.551460e-02
    outer loop
      vertex   8.796918e+01 9.096374e+01 1.913951e+02
      vertex   8.796918e+01 8.746374e+01 1.913951e+02
      vertex   8.796089e+01 9.096374e+01 1.912132e+02
    endloop
  endfacet
  facet normal 9.989637e-01 0.000000e+00 -4.551460e-02
    outer loop
      vertex   8.796089e+01 9.096374e+01 1.912132e+02
      vertex   8.796918e+01 8.746374e+01 1.913951e+02
      vertex   8.796089e+01 8.746374e+01 1.912132e+02
    endloop
  endfacet
  facet normal 9.989637e-01 0.000000e+00 4.551460e-02
    outer loop
      vertex   8.796089e+01 9.096374e+01 1.912132e+02
      vertex   8.796089e+01 8.746374e+01 1.912132e+02
      vertex   8.796918e+01 9.096374e+01 1.910313e+02
    endloop
  endfacet
  facet normal 9.989637e-01 0.000000e+00 4.551460e-02
    outer loop
      vertex   8.796918e+01 9.096374e+01 1.910313e+02
      vertex   8.796089e+01 8.746374e+01 1.912132e+02
      vertex   8.796918e+01 8.746374e+01 1.910313e+02
    endloop
  endfacet
  facet normal 9.906859e-01 0.000000e+00 1.361666e-01
    outer loop
      vertex   8.796918e+01 9.096374e+01 1.910313e+02
      vertex   8.796918e+01 8.746374e+01 1.910313e+02
      vertex   8.799397e+01 9.096374e+01 1.908510e+02
    endloop
  endfacet
  facet normal 9.906859e-01 0.000000e+00 1.361666e-01
    outer loop
      vertex   8.799397e+01 9.096374e+01 1.908510e+02
      vertex   8.796918e+01 8.746374e+01 1.910313e+02
      vertex   8.799397e+01 8.746374e+01 1.908510e+02
    endloop
  endfacet
  facet normal 9.741991e-01 0.000000e+00 2.256904e-01
    outer loop
      vertex   8.799397e+01 9.096374e+01 1.908510e+02
      vertex   8.799397e+01 8.746374e+01 1.908510e+02
      vertex   8.803506e+01 9.096374e+01 1.906736e+02
    endloop
  endfacet
  facet normal 9.741991e-01 7.910972e-15 2.256904e-01
    outer loop
      vertex   8.803506e+01 9.096374e+01 1.906736e+02
      vertex   8.799397e+01 8.746374e+01 1.908510e+02
      vertex   8.803506e+01 8.746374e+01 1.906736e+02
    endloop
  endfacet
  facet normal 9.496397e-01 7.711538e-15 3.133440e-01
    outer loop
      vertex   8.803506e+01 9.096374e+01 1.906736e+02
      vertex   8.803506e+01 8.746374e+01 1.906736e+02
      vertex   8.809211e+01 9.096374e+01 1.905007e+02
    endloop
  endfacet
  facet normal 9.496397e-01 0.000000e+00 3.133440e-01
    outer loop
      vertex   8.809211e+01 9.096374e+01 1.905007e+02
      vertex   8.803506e+01 8.746374e+01 1.906736e+02
      vertex   8.809211e+01 8.746374e+01 1.905007e+02
    endloop
  endfacet
  facet normal 9.172113e-01 0.000000e+00 3.984011e-01
    outer loop
      vertex   8.809211e+01 9.096374e+01 1.905007e+02
      vertex   8.809211e+01 8.746374e+01 1.905007e+02
      vertex   8.816464e+01 9.096374e+01 1.903337e+02
    endloop
  endfacet
  facet normal 9.172113e-01 0.000000e+00 3.984011e-01
    outer loop
      vertex   8.816464e+01 9.096374e+01 1.903337e+02
      vertex   8.809211e+01 8.746374e+01 1.905007e+02
      vertex   8.816464e+01 8.746374e+01 1.903337e+02
    endloop
  endfacet
  facet normal 8.771826e-01 0.000000e+00 4.801569e-01
    outer loop
      vertex   8.816464e+01 9.096374e+01 1.903337e+02
      vertex   8.816464e+01 8.746374e+01 1.903337e+02
      vertex   8.825205e+01 9.096374e+01 1.901740e+02
    endloop
  endfacet
  facet normal 8.771826e-01 0.000000e+00 4.801569e-01
    outer loop
      vertex   8.825205e+01 9.096374e+01 1.901740e+02
      vertex   8.816464e+01 8.746374e+01 1.903337e+02
      vertex   8.825205e+01 8.746374e+01 1.901740e+02
    endloop
  endfacet
  facet normal 8.298853e-01 0.000000e+00 5.579340e-01
    outer loop
      vertex   8.825205e+01 9.096374e+01 1.901740e+02
      vertex   8.825205e+01 8.746374e+01 1.901740e+02
      vertex   8.835363e+01 9.096374e+01 1.900230e+02
    endloop
  endfacet
  facet normal 8.298853e-01 0.000000e+00 5.579340e-01
    outer loop
      vertex   8.835363e+01 9.096374e+01 1.900230e+02
      vertex   8.825205e+01 8.746374e+01 1.901740e+02
      vertex   8.835363e+01 8.746374e+01 1.900230e+02
    endloop
  endfacet
  facet normal 7.757113e-01 0.000000e+00 6.310879e-01
    outer loop
      vertex   8.835363e+01 9.096374e+01 1.900230e+02
      vertex   8.835363e+01 8.746374e+01 1.900230e+02
      vertex   8.846853e+01 9.096374e+01 1.898817e+02
    endloop
  endfacet
  facet normal 7.757113e-01 0.000000e+00 6.310879e-01
    outer loop
      vertex   8.846853e+01 9.096374e+01 1.898817e+02
      vertex   8.835363e+01 8.746374e+01 1.900230e+02
      vertex   8.846853e+01 8.746374e+01 1.898817e+02
    endloop
  endfacet
  facet normal 7.151095e-01 0.000000e+00 6.990124e-01
    outer loop
      vertex   8.846853e+01 9.096374e+01 1.898817e+02
      vertex   8.846853e+01 8.746374e+01 1.898817e+02
      vertex   8.859579e+01 9.096374e+01 1.897515e+02
    endloop
  endfacet
  facet normal 7.151095e-01 0.000000e+00 6.990124e-01
    outer loop
      vertex   8.859579e+01 9.096374e+01 1.897515e+02
      vertex   8.846853e+01 8.746374e+01 1.898817e+02
      vertex   8.859579e+01 8.746374e+01 1.897515e+02
    endloop
  endfacet
  facet normal 6.485821e-01 0.000000e+00 7.611447e-01
    outer loop
      vertex   8.859579e+01 9.096374e+01 1.897515e+02
      vertex   8.859579e+01 8.746374e+01 1.897515e+02
      vertex   8.873436e+01 9.096374e+01 1.896335e+02
    endloop
  endfacet
  facet normal 6.485821e-01 0.000000e+00 7.611447e-01
    outer loop
      vertex   8.873436e+01 9.096374e+01 1.896335e+02
      vertex   8.859579e+01 8.746374e+01 1.897515e+02
      vertex   8.873436e+01 8.746374e+01 1.896335e+02
    endloop
  endfacet
  facet normal 5.766803e-01 0.000000e+00 8.169699e-01
    outer loop
      vertex   8.873436e+01 9.096374e+01 1.896335e+02
      vertex   8.873436e+01 8.746374e+01 1.896335e+02
      vertex   8.888310e+01 9.096374e+01 1.895285e+02
    endloop
  endfacet
  facet normal 5.766803e-01 0.000000e+00 8.169699e-01
    outer loop
      vertex   8.888310e+01 9.096374e+01 1.895285e+02
      vertex   8.873436e+01 8.746374e+01 1.896335e+02
      vertex   8.888310e+01 8.746374e+01 1.895285e+02
    endloop
  endfacet
  facet normal 5.000000e-01 0.000000e+00 8.660254e-01
    outer loop
      vertex   8.888310e+01 9.096374e+01 1.895285e+02
      vertex   8.888310e+01 8.746374e+01 1.895285e+02
      vertex   8.904076e+01 9.096374e+01 1.894374e+02
    endloop
  endfacet
  facet normal 5.000000e-01 0.000000e+00 8.660254e-01
    outer loop
      vertex   8.904076e+01 9.096374e+01 1.894374e+02
      vertex   8.888310e+01 8.746374e+01 1.895285e+02
      vertex   8.904076e+01 8.746374e+01 1.894374e+02
    endloop
  endfacet
  facet normal 4.191765e-01 0.000000e+00 9.079048e-01
    outer loop
      vertex   8.904076e+01 9.096374e+01 1.894374e+02
      vertex   8.904076e+01 8.746374e+01 1.894374e+02
      vertex   8.920606e+01 9.096374e+01 1.893611e+02
    endloop
  endfacet
  facet normal 4.191765e-01 0.000000e+00 9.079048e-01
    outer loop
      vertex   8.920606e+01 9.096374e+01 1.893611e+02
      vertex   8.904076e+01 8.746374e+01 1.894374e+02
      vertex   8.920606e+01 8.746374e+01 1.893611e+02
    endloop
  endfacet
  facet normal 3.348796e-01 0.000000e+00 9.422609e-01
    outer loop
      vertex   8.920606e+01 9.096374e+01 1.893611e+02
      vertex   8.920606e+01 8.746374e+01 1.893611e+02
      vertex   8.937760e+01 9.096374e+01 1.893002e+02
    endloop
  endfacet
  facet normal 3.348796e-01 0.000000e+00 9.422609e-01
    outer loop
      vertex   8.937760e+01 9.096374e+01 1.893002e+02
      vertex   8.920606e+01 8.746374e+01 1.893611e+02
      vertex   8.937760e+01 8.746374e+01 1.893002e+02
    endloop
  endfacet
  facet normal 2.478078e-01 0.000000e+00 9.688092e-01
    outer loop
      vertex   8.937760e+01 9.096374e+01 1.893002e+02
      vertex   8.937760e+01 8.746374e+01 1.893002e+02
      vertex   8.955398e+01 9.096374e+01 1.892550e+02
    endloop
  endfacet
  facet normal 2.478078e-01 0.000000e+00 9.688092e-01
    outer loop
      vertex   8.955398e+01 9.096374e+01 1.892550e+02
      vertex   8.937760e+01 8.746374e+01 1.893002e+02
      vertex   8.955398e+01 8.746374e+01 1.892550e+02
    endloop
  endfacet
  facet normal 1.586825e-01 0.000000e+00 9.873297e-01
    outer loop
      vertex   8.955398e+01 9.096374e+01 1.892550e+02
      vertex   8.955398e+01 8.746374e+01 1.892550e+02
      vertex   8.973373e+01 9.096374e+01 1.892262e+02
    endloop
  endfacet
  facet normal 1.586825e-01 0.000000e+00 9.873297e-01
    outer loop
      vertex   8.973373e+01 9.096374e+01 1.892262e+02
      vertex   8.955398e+01 8.746374e+01 1.892550e+02
      vertex   8.973373e+01 8.746374e+01 1.892262e+02
    endloop
  endfacet
  facet normal 6.824241e-02 0.000000e+00 9.976688e-01
    outer loop
      vertex   8.973373e+01 9.096374e+01 1.892262e+02
      vertex   8.973373e+01 8.746374e+01 1.892262e+02
      vertex   8.991537e+01 9.096374e+01 1.892137e+02
    endloop
  endfacet
  facet normal 6.824241e-02 0.000000e+00 9.976688e-01
    outer loop
      vertex   8.991537e+01 9.096374e+01 1.892137e+02
      vertex   8.973373e+01 8.746374e+01 1.892262e+02
      vertex   8.991537e+01 8.746374e+01 1.892137e+02
    endloop
  endfacet
  facet normal -2.276320e-02 0.000000e+00 9.997409e-01
    outer loop
      vertex   8.991537e+01 9.096374e+01 1.892137e+02
      vertex   8.991537e+01 8.746374e+01 1.892137e+02
      vertex   9.009738e+01 9.096374e+01 1.892179e+02
    endloop
  endfacet
  facet normal -2.276320e-02 0.000000e+00 9.997409e-01
    outer loop
      vertex   9.009738e+01 9.096374e+01 1.892179e+02
      vertex   8.991537e+01 8.746374e+01 1.892137e+02
      vertex   9.009738e+01 8.746374e+01 1.892179e+02
    endloop
  endfacet
  facet normal -1.135802e-01 0.000000e+00 9.935288e-01
    outer loop
      vertex   9.009738e+01 9.096374e+01 1.892179e+02
      vertex   9.009738e+01 8.746374e+01 1.892179e+02
      vertex   9.027826e+01 9.096374e+01 1.892385e+02
    endloop
  endfacet
  facet normal -1.135802e-01 0.000000e+00 9.935288e-01
    outer loop
      vertex   9.027826e+01 9.096374e+01 1.892385e+02
      vertex   9.009738e+01 8.746374e+01 1.892179e+02
      vertex   9.027826e+01 8.746374e+01 1.892385e+02
    endloop
  endfacet
  facet normal -2.034560e-01 0.000000e+00 9.790841e-01
    outer loop
      vertex   9.027826e+01 9.096374e+01 1.892385e+02
      vertex   9.027826e+01 8.746374e+01 1.892385e+02
      vertex   9.045651e+01 9.096374e+01 1.892756e+02
    endloop
  endfacet
  facet normal -2.034560e-01 0.000000e+00 9.790841e-01
    outer loop
      vertex   9.045651e+01 9.096374e+01 1.892756e+02
      vertex   9.027826e+01 8.746374e+01 1.892385e+02
      vertex   9.045651e+01 8.746374e+01 1.892756e+02
    endloop
  endfacet
  facet normal -2.916459e-01 0.000000e+00 9.565263e-01
    outer loop
      vertex   9.045651e+01 9.096374e+01 1.892756e+02
      vertex   9.045651e+01 8.746374e+01 1.892756e+02
      vertex   9.063065e+01 9.096374e+01 1.893287e+02
    endloop
  endfacet
  facet normal -2.916459e-01 0.000000e+00 9.565263e-01
    outer loop
      vertex   9.063065e+01 9.096374e+01 1.893287e+02
      vertex   9.045651e+01 8.746374e+01 1.892756e+02
      vertex   9.063065e+01 8.746374e+01 1.893287e+02
    endloop
  endfacet
  facet normal -3.774192e-01 0.000000e+00 9.260425e-01
    outer loop
      vertex   9.063065e+01 9.096374e+01 1.893287e+02
      vertex   9.063065e+01 8.746374e+01 1.893287e+02
      vertex   9.079925e+01 9.096374e+01 1.893974e+02
    endloop
  endfacet
  facet normal -3.774192e-01 0.000000e+00 9.260425e-01
    outer loop
      vertex   9.079925e+01 9.096374e+01 1.893974e+02
      vertex   9.063065e+01 8.746374e+01 1.893287e+02
      vertex   9.079925e+01 8.746374e+01 1.893974e+02
    endloop
  endfacet
  facet normal -4.600650e-01 0.000000e+00 8.878852e-01
    outer loop
      vertex   9.079925e+01 9.096374e+01 1.893974e+02
      vertex   9.079925e+01 8.746374e+01 1.893974e+02
      vertex   9.096089e+01 9.096374e+01 1.894812e+02
    endloop
  endfacet
  facet normal -4.600650e-01 0.000000e+00 8.878852e-01
    outer loop
      vertex   9.096089e+01 9.096374e+01 1.894812e+02
      vertex   9.079925e+01 8.746374e+01 1.893974e+02
      vertex   9.096089e+01 8.746374e+01 1.894812e+02
    endloop
  endfacet
  facet normal -5.388986e-01 0.000000e+00 8.423706e-01
    outer loop
      vertex   9.096089e+01 9.096374e+01 1.894812e+02
      vertex   9.096089e+01 8.746374e+01 1.894812e+02
      vertex   9.111425e+01 9.096374e+01 1.895793e+02
    endloop
  endfacet
  facet normal -5.388986e-01 0.000000e+00 8.423706e-01
    outer loop
      vertex   9.111425e+01 9.096374e+01 1.895793e+02
      vertex   9.096089e+01 8.746374e+01 1.894812e+02
      vertex   9.111425e+01 8.746374e+01 1.895793e+02
    endloop
  endfacet
  facet normal -6.132668e-01 0.000000e+00 7.898759e-01
    outer loop
      vertex   9.111425e+01 9.096374e+01 1.895793e+02
      vertex   9.111425e+01 8.746374e+01 1.895793e+02
      vertex   9.125806e+01 9.096374e+01 1.896909e+02
    endloop
  endfacet
  facet normal -6.132668e-01 0.000000e+00 7.898759e-01
    outer loop
      vertex   9.125806e+01 9.096374e+01 1.896909e+02
      vertex   9.111425e+01 8.746374e+01 1.895793e+02
      vertex   9.125806e+01 8.746374e+01 1.896909e+02
    endloop
  endfacet
  facet normal -6.825531e-01 0.000000e+00 7.308360e-01
    outer loop
      vertex   9.125806e+01 9.096374e+01 1.896909e+02
      vertex   9.125806e+01 8.746374e+01 1.896909e+02
      vertex   9.139111e+01 9.096374e+01 1.898152e+02
    endloop
  endfacet
  facet normal -6.825531e-01 0.000000e+00 7.308360e-01
    outer loop
      vertex   9.139111e+01 9.096374e+01 1.898152e+02
      vertex   9.125806e+01 8.746374e+01 1.896909e+02
      vertex   9.139111e+01 8.746374e+01 1.898152e+02
    endloop
  endfacet
  facet normal -7.461837e-01 0.000000e+00 6.657401e-01
    outer loop
      vertex   9.139111e+01 9.096374e+01 1.898152e+02
      vertex   9.139111e+01 8.746374e+01 1.898152e+02
      vertex   9.151232e+01 9.096374e+01 1.899510e+02
    endloop
  endfacet
  facet normal -7.461837e-01 0.000000e+00 6.657401e-01
    outer loop
      vertex   9.151232e+01 9.096374e+01 1.899510e+02
      vertex   9.139111e+01 8.746374e+01 1.898152e+02
      vertex   9.151232e+01 8.746374e+01 1.899510e+02
    endloop
  endfacet
  facet normal -8.036311e-01 0.000000e+00 5.951277e-01
    outer loop
      vertex   9.151232e+01 9.096374e+01 1.899510e+02
      vertex   9.151232e+01 8.746374e+01 1.899510e+02
      vertex   9.162066e+01 9.096374e+01 1.900973e+02
    endloop
  endfacet
  facet normal -8.036311e-01 0.000000e+00 5.951277e-01
    outer loop
      vertex   9.162066e+01 9.096374e+01 1.900973e+02
      vertex   9.151232e+01 8.746374e+01 1.899510e+02
      vertex   9.162066e+01 8.746374e+01 1.900973e+02
    endloop
  endfacet
  facet normal -8.544194e-01 0.000000e+00 5.195840e-01
    outer loop
      vertex   9.162066e+01 9.096374e+01 1.900973e+02
      vertex   9.162066e+01 8.746374e+01 1.900973e+02
      vertex   9.171526e+01 9.096374e+01 1.902529e+02
    endloop
  endfacet
  facet normal -8.544194e-01 0.000000e+00 5.195840e-01
    outer loop
      vertex   9.171526e+01 9.096374e+01 1.902529e+02
      vertex   9.162066e+01 8.746374e+01 1.900973e+02
      vertex   9.171526e+01 8.746374e+01 1.902529e+02
    endloop
  endfacet
  facet normal -8.981277e-01 0.000000e+00 4.397347e-01
    outer loop
      vertex   9.171526e+01 9.096374e+01 1.902529e+02
      vertex   9.171526e+01 8.746374e+01 1.902529e+02
      vertex   9.179532e+01 9.096374e+01 1.904164e+02
    endloop
  endfacet
  facet normal -8.981277e-01 0.000000e+00 4.397347e-01
    outer loop
      vertex   9.179532e+01 9.096374e+01 1.904164e+02
      vertex   9.171526e+01 8.746374e+01 1.902529e+02
      vertex   9.179532e+01 8.746374e+01 1.904164e+02
    endloop
  endfacet
  facet normal -9.343938e-01 0.000000e+00 3.562417e-01
    outer loop
      vertex   9.179532e+01 9.096374e+01 1.904164e+02
      vertex   9.179532e+01 8.746374e+01 1.904164e+02
      vertex   9.186017e+01 9.096374e+01 1.905865e+02
    endloop
  endfacet
  facet normal -9.343938e-01 0.000000e+00 3.562417e-01
    outer loop
      vertex   9.186017e+01 9.096374e+01 1.905865e+02
      vertex   9.179532e+01 8.746374e+01 1.904164e+02
      vertex   9.186017e+01 8.746374e+01 1.905865e+02
    endloop
  endfacet
  facet normal -9.629173e-01 0.000000e+00 2.697968e-01
    outer loop
      vertex   9.186017e+01 9.096374e+01 1.905865e+02
      vertex   9.186017e+01 8.746374e+01 1.905865e+02
      vertex   9.190929e+01 9.096374e+01 1.907618e+02
    endloop
  endfacet
  facet normal -9.629173e-01 0.000000e+00 2.697968e-01
    outer loop
      vertex   9.190929e+01 9.096374e+01 1.907618e+02
      vertex   9.186017e+01 8.746374e+01 1.905865e+02
      vertex   9.190929e+01 8.746374e+01 1.907618e+02
    endloop
  endfacet
  facet normal -9.834617e-01 0.000000e+00 1.811162e-01
    outer loop
      vertex   9.190929e+01 9.096374e+01 1.907618e+02
      vertex   9.190929e+01 8.746374e+01 1.907618e+02
      vertex   9.194227e+01 9.096374e+01 1.909409e+02
    endloop
  endfacet
  facet normal -9.834617e-01 0.000000e+00 1.811162e-01
    outer loop
      vertex   9.194227e+01 9.096374e+01 1.909409e+02
      vertex   9.190929e+01 8.746374e+01 1.907618e+02
      vertex   9.194227e+01 8.746374e+01 1.909409e+02
    endloop
  endfacet
  facet normal -9.958568e-01 0.000000e+00 9.093486e-02
    outer loop
      vertex   9.194227e+01 9.096374e+01 1.909409e+02
      vertex   9.194227e+01 8.746374e+01 1.909409e+02
      vertex   9.195882e+01 9.096374e+01 1.911222e+02
    endloop
  endfacet
  facet normal -9.958568e-01 0.000000e+00 9.093486e-02
    outer loop
      vertex   9.195882e+01 9.096374e+01 1.911222e+02
      vertex   9.194227e+01 8.746374e+01 1.909409e+02
      vertex   9.195882e+01 8.746374e+01 1.911222e+02
    endloop
  endfacet
  facet normal -1.000000e+00 0.000000e+00 0.000000e+00
    outer loop
      vertex   9.195882e+01 9.096374e+01 1.911222e+02
      vertex   9.195882e+01 8.746374e+01 1.911222e+02
      vertex   9.195882e+01 9.096374e+01 1.913042e+02
    endloop
  endfacet
  facet normal -1.000000e+00 -0.000000e+00 0.000000e+00
    outer loop
      vertex   9.195882e+01 9.096374e+01 1.913042e+02
      vertex   9.195882e+01 8.746374e+01 1.911222e+02
      vertex   9.195882e+01 8.746374e+01 1.913042e+02
    endloop
  endfacet
  facet normal -9.958568e-01 -0.000000e+00 -9.093486e-02
    outer loop
      vertex   9.195882e+01 9.096374e+01 1.913042e+02
      vertex   9.195882e+01 8.746374e+01 1.913042e+02
      vertex   9.194227e+01 9.096374e+01 1.914855e+02
    endloop
  endfacet
  facet normal -9.958568e-01 -0.000000e+00 -9.093486e-02
    outer loop
      vertex   9.194227e+01 9.096374e+01 1.914855e+02
      vertex   9.195882e+01 8.746374e+01 1.913042e+02
      vertex   9.194227e+01 8.746374e+01 1.914855e+02
    endloop
  endfacet
  facet normal -9.834617e-01 -0.000000e+00 -1.811162e-01
    outer loop
      vertex   9.194227e+01 9.096374e+01 1.914855e+02
      vertex   9.194227e+01 8.746374e+01 1.914855e+02
      vertex   9.190929e+01 9.096374e+01 1.916646e+02
    endloop
  endfacet
  facet normal -9.834617e-01 -0.000000e+00 -1.811162e-01
    outer loop
      vertex   9.190929e+01 9.096374e+01 1.916646e+02
      vertex   9.194227e+01 8.746374e+01 1.914855e+02
      vertex   9.190929e+01 8.746374e+01 1.916646e+02
    endloop
  endfacet
  facet normal -9.629173e-01 -0.000000e+00 -2.697968e-01
    outer loop
      vertex   9.190929e+01 9.096374e+01 1.916646e+02
      vertex   9.190929e+01 8.746374e+01 1.916646e+02
      vertex   9.186017e+01 9.096374e+01 1.918399e+02
    endloop
  endfacet
  facet normal -9.629173e-01 -0.000000e+00 -2.697968e-01
    outer loop
      vertex   9.186017e+01 9.096374e+01 1.918399e+02
      vertex   9.190929e+01 8.746374e+01 1.916646e+02
      vertex   9.186017e+01 8.746374e+01 1.918399e+02
    endloop
  endfacet
  facet normal -9.343938e-01 -0.000000e+00 -3.562417e-01
    outer loop
      vertex   9.186017e+01 9.096374e+01 1.918399e+02
      vertex   9.186017e+01 8.746374e+01 1.918399e+02
      vertex   9.179532e+01 9.096374e+01 1.920100e+02
    endloop
  endfacet
  facet normal -9.343938e-01 -0.000000e+00 -3.562417e-01
    outer loop
      vertex   9.179532e+01 9.096374e+01 1.920100e+02
      vertex   9.186017e+01 8.746374e+01 1.918399e+02
      vertex   9.179532e+01 8.746374e+01 1.920100e+02
    endloop
  endfacet
  facet normal -8.981277e-01 -0.000000e+00 -4.397347e-01
    outer loop
      vertex   9.179532e+01 9.096374e+01 1.920100e+02
      vertex   9.179532e+01 8.746374e+01 1.920100e+02
      vertex   9.171526e+01 9.096374e+01 1.921735e+02
    endloop
  endfacet
  facet normal -8.981277e-01 -0.000000e+00 -4.397347e-01
    outer loop
      vertex   9.171526e+01 9.096374e+01 1.921735e+02
      vertex   9.179532e+01 8.746374e+01 1.920100e+02
      vertex   9.171526e+01 8.746374e+01 1.921735e+02
    endloop
  endfacet
  facet normal -8.544194e-01 -0.000000e+00 -5.195840e-01
    outer loop
      vertex   9.171526e+01 9.096374e+01 1.921735e+02
      vertex   9.171526e+01 8.746374e+01 1.921735e+02
      vertex   9.162066e+01 9.096374e+01 1.923291e+02
    endloop
  endfacet
  facet normal -8.544194e-01 -0.000000e+00 -5.195840e-01
    outer loop
      vertex   9.162066e+01 9.096374e+01 1.923291e+02
      vertex   9.171526e+01 8.746374e+01 1.921735e+02
      vertex   9.162066e+01 8.746374e+01 1.923291e+02
    endloop
  endfacet
  facet normal -8.036311e-01 -0.000000e+00 -5.951277e-01
    outer loop
      vertex   9.162066e+01 9.096374e+01 1.923291e+02
      vertex   9.162066e+01 8.746374e+01 1.923291e+02
      vertex   9.151232e+01 9.096374e+01 1.924754e+02
    endloop
  endfacet
  facet normal -8.036311e-01 -0.000000e+00 -5.951277e-01
    outer loop
      vertex   9.151232e+01 9.096374e+01 1.924754e+02
      vertex   9.162066e+01 8.746374e+01 1.923291e+02
      vertex   9.151232e+01 8.746374e+01 1.924754e+02
    endloop
  endfacet
  facet normal -7.461837e-01 -0.000000e+00 -6.657401e-01
    outer loop
      vertex   9.151232e+01 9.096374e+01 1.924754e+02
      vertex   9.151232e+01 8.746374e+01 1.924754e+02
      vertex   9.139111e+01 9.096374e+01 1.926112e+02
    endloop
  endfacet
  facet normal -7.461837e-01 -0.000000e+00 -6.657401e-01
    outer loop
      vertex   9.139111e+01 9.096374e+01 1.926112e+02
      vertex   9.151232e+01 8.746374e+01 1.924754e+02
      vertex   9.139111e+01 8.746374e+01 1.926112e+02
    endloop
  endfacet
  facet normal -6.825531e-01 -0.000000e+00 -7.308360e-01
    outer loop
      vertex   9.139111e+01 9.096374e+01 1.926112e+02
      vertex   9.139111e+01 8.746374e+01 1.926112e+02
      vertex   9.125806e+01 9.096374e+01 1.927355e+02
    endloop
  endfacet
  facet normal -6.825531e-01 -0.000000e+00 -7.308360e-01
    outer loop
      vertex   9.125806e+01 9.096374e+01 1.927355e+02
      vertex   9.139111e+01 8.746374e+01 1.926112e+02
      vertex   9.125806e+01 8.746374e+01 1.927355e+02
    endloop
  endfacet
  facet normal -6.132668e-01 -0.000000e+00 -7.898759e-01
    outer loop
      vertex   9.125806e+01 9.096374e+01 1.927355e+02
      vertex   9.125806e+01 8.746374e+01 1.927355e+02
      vertex   9.111425e+01 9.096374e+01 1.928471e+02
    endloop
  endfacet
  facet normal -6.132668e-01 -0.000000e+00 -7.898759e-01
    outer loop
      vertex   9.111425e+01 9.096374e+01 1.928471e+02
      vertex   9.125806e+01 8.746374e+01 1.927355e+02
      vertex   9.111425e+01 8.746374e+01 1.928471e+02
    endloop
  endfacet
  facet normal -5.388986e-01 -0.000000e+00 -8.423706e-01
    outer loop
      vertex   9.111425e+01 9.096374e+01 1.928471e+02
      vertex   9.111425e+01 8.746374e+01 1.928471e+02
      vertex   9.096089e+01 9.096374e+01 1.929453e+02
    endloop
  endfacet
  facet normal -5.388986e-01 -0.000000e+00 -8.423706e-01
    outer loop
      vertex   9.096089e+01 9.096374e+01 1.929453e+02
      vertex   9.111425e+01 8.746374e+01 1.928471e+02
      vertex   9.096089e+01 8.746374e+01 1.929453e+02
    endloop
  endfacet
  facet normal -4.600650e-01 -0.000000e+00 -8.878852e-01
    outer loop
      vertex   9.096089e+01 9.096374e+01 1.929453e+02
      vertex   9.096089e+01 8.746374e+01 1.929453e+02
      vertex   9.079925e+01 9.096374e+01 1.930290e+02
    endloop
  endfacet
  facet normal -4.600650e-01 -0.000000e+00 -8.878852e-01
    outer loop
      vertex   9.079925e+01 9.096374e+01 1.930290e+02
      vertex   9.096089e+01 8.746374e+01 1.929453e+02
      vertex   9.079925e+01 8.746374e+01 1.930290e+02
    endloop
  endfacet
  facet normal -3.774192e-01 -0.000000e+00 -9.260425e-01
    outer loop
      vertex   9.079925e+01 9.096374e+01 1.930290e+02
      vertex   9.079925e+01 8.746374e+01 1.930290e+02
      vertex   9.063065e+01 9.096374e+01 1.930977e+02
    endloop
  endfacet
  facet normal -3.774192e-01 -0.000000e+00 -9.260425e-01
    outer loop
      vertex   9.063065e+01 9.096374e+01 1.930977e+02
      vertex   9.079925e+01 8.746374e+01 1.930290e+02
      vertex   9.063065e+01 8.746374e+01 1.930977e+02
    endloop
  endfacet
  facet normal -2.916459e-01 -0.000000e+00 -9.565263e-01
    outer loop
      vertex   9.063065e+01 9.096374e+01 1.930977e+02
      vertex   9.063065e+01 8.746374e+01 1.930977e+02
      vertex   9.045651e+01 9.096374e+01 1.931508e+02
    endloop
  endfacet
  facet normal -2.916459e-01 -0.000000e+00 -9.565263e-01
    outer loop
      vertex   9.045651e+01 9.096374e+01 1.931508e+02
      vertex   9.063065e+01 8.746374e+01 1.930977e+02
      vertex   9.045651e+01 8.746374e+01 1.931508e+02
    endloop
  endfacet
  facet normal -2.034560e-01 -0.000000e+00 -9.790841e-01
    outer loop
      vertex   9.045651e+01 9.096374e+01 1.931508e+02
      vertex   9.045651e+01 8.746374e+01 1.931508e+02
      vertex   9.027826e+01 9.096374e+01 1.931879e+02
    endloop
  endfacet
  facet normal -2.034560e-01 -0.000000e+00 -9.790841e-01
    outer loop
      vertex   9.027826e+01 9.096374e+01 1.931879e+02
      vertex   9.045651e+01 8.746374e+01 1.931508e+02
      vertex   9.027826e+01 8.746374e+01 1.931879e+02
    endloop
  endfacet
  facet normal -1.135802e-01 -0.000000e+00 -9.935288e-01
    outer loop
      vertex   9.027826e+01 9.096374e+01 1.931879e+02
      vertex   9.027826e+01 8.746374e+01 1.931879e+02
      vertex   9.009738e+01 9.096374e+01 1.932085e+02
    endloop
  endfacet
  facet normal -1.135802e-01 -0.000000e+00 -9.935288e-01
    outer loop
      vertex   9.009738e+01 9.096374e+01 1.932085e+02
      vertex   9.027826e+01 8.746374e+01 1.931879e+02
      vertex   9.009738e+01 8.746374e+01 1.932085e+02
    endloop
  endfacet
  facet normal -2.276320e-02 -0.000000e+00 -9.997409e-01
    outer loop
      vertex   9.009738e+01 9.096374e+01 1.932085e+02
      vertex   9.009738e+01 8.746374e+01 1.932085e+02
      vertex   8.991537e+01 9.096374e+01 1.932127e+02
    endloop
  endfacet
  facet normal -2.276320e-02 -0.000000e+00 -9.997409e-01
    outer loop
      vertex   8.991537e+01 9.096374e+01 1.932127e+02
      vertex   9.009738e+01 8.746374e+01 1.932085e+02
      vertex   8.991537e+01 8.746374e+01 1.932127e+02
    endloop
  endfacet
  facet normal 6.824241e-02 0.000000e+00 -9.976688e-01
    outer loop
      vertex   8.991537e+01 9.096374e+01 1.932127e+02
      vertex   8.991537e+01 8.746374e+01 1.932127e+02
      vertex   8.973373e+01 9.096374e+01 1.932003e+02
    endloop
  endfacet
  facet normal 6.824241e-02 0.000000e+00 -9.976688e-01
    outer loop
      vertex   8.973373e+01 9.096374e+01 1.932003e+02
      vertex   8.991537e+01 8.746374e+01 1.932127e+02
      vertex   8.973373e+01 8.746374e+01 1.932003e+02
    endloop
  endfacet
  facet normal 1.586825e-01 0.000000e+00 -9.873297e-01
    outer loop
      vertex   8.973373e+01 9.096374e+01 1.932003e+02
      vertex   8.973373e+01 8.746374e+01 1.932003e+02
      vertex   8.955398e+01 9.096374e+01 1.931714e+02
    endloop
  endfacet
  facet normal 1.586825e-01 0.000000e+00 -9.873297e-01
    outer loop
      vertex   8.955398e+01 9.096374e+01 1.931714e+02
      vertex   8.973373e+01 8.746374e+01 1.932003e+02
      vertex   8.955398e+01 8.746374e+01 1.931714e+02
    endloop
  endfacet
  facet normal 2.478078e-01 0.000000e+00 -9.688092e-01
    outer loop
      vertex   8.955398e+01 9.096374e+01 1.931714e+02
      vertex   8.955398e+01 8.746374e+01 1.931714e+02
      vertex   8.937760e+01 9.096374e+01 1.931263e+02
    endloop
  endfacet
  facet normal 2.478078e-01 0.000000e+00 -9.688092e-01
    outer loop
      vertex   8.937760e+01 9.096374e+01 1.931263e+02
      vertex   8.955398e+01 8.746374e+01 1.931714e+02
      vertex   8.937760e+01 8.746374e+01 1.931263e+02
    endloop
  endfacet
  facet normal 3.348796e-01 0.000000e+00 -9.422609e-01
    outer loop
      vertex   8.937760e+01 9.096374e+01 1.931263e+02
      vertex   8.937760e+01 8.746374e+01 1.931263e+02
      vertex   8.920606e+01 9.096374e+01 1.930653e+02
    endloop
  endfacet
  facet normal 3.348796e-01 0.000000e+00 -9.422609e-01
    outer loop
      vertex   8.920606e+01 9.096374e+01 1.930653e+02
      vertex   8.937760e+01 8.746374e+01 1.931263e+02
      vertex   8.920606e+01 8.746374e+01 1.930653e+02
    endloop
  endfacet
  facet normal 4.191765e-01 0.000000e+00 -9.079048e-01
    outer loop
      vertex   8.920606e+01 9.096374e+01 1.930653e+02
      vertex   8.920606e+01 8.746374e+01 1.930653e+02
      vertex   8.904076e+01 9.096374e+01 1.929890e+02
    endloop
  endfacet
  facet normal 4.191765e-01 0.000000e+00 -9.079048e-01
    outer loop
      vertex   8.904076e+01 9.096374e+01 1.929890e+02
      vertex   8.920606e+01 8.746374e+01 1.930653e+02
      vertex   8.904076e+01 8.746374e+01 1.929890e+02
    endloop
  endfacet
  facet normal 5.000000e-01 0.000000e+00 -8.660254e-01
    outer loop
      vertex   8.904076e+01 9.096374e+01 1.929890e+02
      vertex   8.904076e+01 8.746374e+01 1.929890e+02
      vertex   8.888310e+01 9.096374e+01 1.928979e+02
    endloop
  endfacet
  facet normal 5.000000e-01 0.000000e+00 -8.660254e-01
    outer loop
      vertex   8.888310e+01 9.096374e+01 1.928979e+02
      vertex   8.904076e+01 8.746374e+01 1.929890e+02
      vertex   8.888310e+01 8.746374e+01 1.928979e+02
    endloop
  endfacet
  facet normal 5.766803e-01 0.000000e+00 -8.169699e-01
    outer loop
      vertex   8.888310e+01 9.096374e+01 1.928979e+02
      vertex   8.888310e+01 8.746374e+01 1.928979e+02
      vertex   8.873436e+01 9.096374e+01 1.927930e+02
    endloop
  endfacet
  facet normal 5.766803e-01 0.000000e+00 -8.169699e-01
    outer loop
      vertex   8.873436e+01 9.096374e+01 1.927930e+02
      vertex   8.888310e+01 8.746374e+01 1.928979e+02
      vertex   8.873436e+01 8.746374e+01 1.927930e+02
    endloop
  endfacet
  facet normal 6.485821e-01 0.000000e+00 -7.611447e-01
    outer loop
      vertex   8.873436e+01 9.096374e+01 1.927930e+02
      vertex   8.873436e+01 8.746374e+01 1.927930e+02
      vertex   8.859579e+01 9.096374e+01 1.926749e+02
    endloop
  endfacet
  facet normal 6.485821e-01 0.000000e+00 -7.611447e-01
    outer loop
      vertex   8.859579e+01 9.096374e+01 1.926749e+02
      vertex   8.873436e+01 8.746374e+01 1.927930e+02
      vertex   8.859579e+01 8.746374e+01 1.926749e+02
    endloop
  endfacet
  facet normal 7.151095e-01 0.000000e+00 -6.990124e-01
    outer loop
      vertex   8.859579e+01 9.096374e+01 1.926749e+02
      vertex   8.859579e+01 8.746374e+01 1.926749e+02
      vertex   8.846853e+01 9.096374e+01 1.925447e+02
    endloop
  endfacet
  facet normal 7.151095e-01 0.000000e+00 -6.990124e-01
    outer loop
      vertex   8.846853e+01 9.096374e+01 1.925447e+02
      vertex   8.859579e+01 8.746374e+01 1.926749e+02
      vertex   8.846853e+01 8.746374e+01 1.925447e+02
    endloop
  endfacet
  facet normal 7.757113e-01 0.000000e+00 -6.310879e-01
    outer loop
      vertex   8.846853e+01 9.096374e+01 1.925447e+02
      vertex   8.846853e+01 8.746374e+01 1.925447e+02
      vertex   8.835363e+01 9.096374e+01 1.924035e+02
    endloop
  endfacet
  facet normal 7.757113e-01 0.000000e+00 -6.310879e-01
    outer loop
      vertex   8.835363e+01 9.096374e+01 1.924035e+02
      vertex   8.846853e+01 8.746374e+01 1.925447e+02
      vertex   8.835363e+01 8.746374e+01 1.924035e+02
    endloop
  endfacet
  facet normal 8.298853e-01 0.000000e+00 -5.579340e-01
    outer loop
      vertex   8.835363e+01 9.096374e+01 1.924035e+02
      vertex   8.835363e+01 8.746374e+01 1.924035e+02
      vertex   8.825205e+01 9.096374e+01 1.922524e+02
    endloop
  endfacet
  facet normal 8.298853e-01 0.000000e+00 -5.579340e-01
    outer loop
      vertex   8.825205e+01 9.096374e+01 1.922524e+02
      vertex   8.835363e+01 8.746374e+01 1.924035e+02
      vertex   8.825205e+01 8.746374e+01 1.922524e+02
    endloop
  endfacet
  facet normal 8.771826e-01 0.000000e+00 -4.801569e-01
    outer loop
      vertex   8.825205e+01 9.096374e+01 1.922524e+02
      vertex   8.825205e+01 8.746374e+01 1.922524e+02
      vertex   8.816464e+01 9.096374e+01 1.920927e+02
    endloop
  endfacet
  facet normal 8.771826e-01 0.000000e+00 -4.801569e-01
    outer loop
      vertex   8.816464e+01 9.096374e+01 1.920927e+02
      vertex   8.825205e+01 8.746374e+01 1.922524e+02
      vertex   8.816464e+01 8.746374e+01 1.920927e+02
    endloop
  endfacet
  facet normal 9.172113e-01 0.000000e+00 -3.984011e-01
    outer loop
      vertex   8.816464e+01 9.096374e+01 1.920927e+02
      vertex   8.816464e+01 8.746374e+01 1.920927e+02
      vertex   8.809211e+01 9.096374e+01 1.919257e+02
    endloop
  endfacet
  facet normal 9.172113e-01 0.000000e+00 -3.984011e-01
    outer loop
      vertex   8.809211e+01 9.096374e+01 1.919257e+02
      vertex   8.816464e+01 8.746374e+01 1.920927e+02
      vertex   8.809211e+01 8.746374e+01 1.919257e+02
    endloop
  endfacet
  facet normal 9.496397e-01 0.000000e+00 -3.133440e-01
    outer loop
      vertex   8.809211e+01 9.096374e+01 1.919257e+02
      vertex   8.809211e+01 8.746374e+01 1.919257e+02
      vertex   8.803506e+01 9.096374e+01 1.917528e+02
    endloop
  endfacet
  facet normal 9.496397e-01 7.711538e-15 -3.133440e-01
    outer loop
      vertex   8.803506e+01 9.096374e+01 1.917528e+02
      vertex   8.809211e+01 8.746374e+01 1.919257e+02
      vertex   8.803506e+01 8.746374e+01 1.917528e+02
    endloop
  endfacet
  facet normal 9.741991e-01 7.910972e-15 -2.256904e-01
    outer loop
      vertex   8.803506e+01 9.096374e+01 1.917528e+02
      vertex   8.803506e+01 8.746374e+01 1.917528e+02
      vertex   8.799397e+01 9.096374e+01 1.915754e+02
    endloop
  endfacet
  facet normal 9.741991e-01 0.000000e+00 -2.256904e-01
    outer loop
      vertex   8.799397e+01 9.096374e+01 1.915754e+02
      vertex   8.803506e+01 8.746374e+01 1.917528e+02
      vertex   8.799397e+01 8.746374e+01 1.915754e+02
    endloop
  endfacet
  facet normal 9.906859e-01 0.000000e+00 -1.361666e-01
    outer loop
      vertex   8.799397e+01 9.096374e+01 1.915754e+02
      vertex   8.799397e+01 8.746374e+01 1.915754e+02
      vertex   8.796918e+01 9.096374e+01 1.913951e+02
    endloop
  endfacet
  facet normal 9.906859e-01 0.000000e+00 -1.361666e-01
    outer loop
      vertex   8.796918e+01 9.096374e+01 1.913951e+02
      vertex   8.799397e+01 8.746374e+01 1.915754e+02
      vertex   8.796918e+01 8.746374e+01 1.913951e+02
    endloop
  endfacet
  facet normal 9.989637e-01 -0.000000e+00 4.551460e-02
    outer loop
      vertex   8.796918e+01 8.396374e+01 1.910313e+02
      vertex   8.796918e+01 8.746374e+01 1.910313e+02
      vertex   8.796089e+01 8.396374e+01 1.912132e+02
    endloop
  endfacet
  facet normal 9.989637e-01 -0.000000e+00 4.551460e-02
    outer loop
      vertex   8.796089e+01 8.396374e+01 1.912132e+02
      vertex   8.796918e+01 8.746374e+01 1.910313e+02
      vertex   8.796089e+01 8.746374e+01 1.912132e+02
    endloop
  endfacet
  facet normal 9.989637e-01 0.000000e+00 -4.551460e-02
    outer loop
      vertex   8.796089e+01 8.396374e+01 1.912132e+02
      vertex   8.796089e+01 8.746374e+01 1.912132e+02
      vertex   8.796918e+01 8.396374e+01 1.913951e+02
    endloop
  endfacet
  facet normal 9.989637e-01 0.000000e+00 -4.551460e-02
    outer loop
      vertex   8.796918e+01 8.396374e+01 1.913951e+02
      vertex   8.796089e+01 8.746374e+01 1.912132e+02
      vertex   8.796918e+01 8.746374e+01 1.913951e+02
    endloop
  endfacet
  facet normal 9.906859e-01 0.000000e+00 -1.361666e-01
    outer loop
      vertex   8.796918e+01 8.396374e+01 1.913951e+02
      vertex   8.796918e+01 8.746374e+01 1.913951e+02
      vertex   8.799397e+01 8.396374e+01 1.915754e+02
    endloop
  endfacet
  facet normal 9.906859e-01 0.000000e+00 -1.361666e-01
    outer loop
      vertex   8.799397e+01 8.396374e+01 1.915754e+02
      vertex   8.796918e+01 8.746374e+01 1.913951e+02
      vertex   8.799397e+01 8.746374e+01 1.915754e+02
    endloop
  endfacet
  facet normal 9.741991e-01 0.000000e+00 -2.256904e-01
    outer loop
      vertex   8.799397e+01 8.396374e+01 1.915754e+02
      vertex   8.799397e+01 8.746374e+01 1.915754e+02
      vertex   8.803506e+01 8.396374e+01 1.917528e+02
    endloop
  endfacet
  facet normal 9.741991e-01 -7.910972e-15 -2.256904e-01
    outer loop
      vertex   8.803506e+01 8.396374e+01 1.917528e+02
      vertex   8.799397e+01 8.746374e+01 1.915754e+02
      vertex   8.803506e+01 8.746374e+01 1.917528e+02
    endloop
  endfacet
  facet normal 9.496397e-01 -7.711538e-15 -3.133440e-01
    outer loop
      vertex   8.803506e+01 8.396374e+01 1.917528e+02
      vertex   8.803506e+01 8.746374e+01 1.917528e+02
      vertex   8.809211e+01 8.396374e+01 1.919257e+02
    endloop
  endfacet
  facet normal 9.496397e-01 0.000000e+00 -3.133440e-01
    outer loop
      vertex   8.809211e+01 8.396374e+01 1.919257e+02
      vertex   8.803506e+01 8.746374e+01 1.917528e+02
      vertex   8.809211e+01 8.746374e+01 1.919257e+02
    endloop
  endfacet
  facet normal 9.172113e-01 0.000000e+00 -3.984011e-01
    outer loop
      vertex   8.809211e+01 8.396374e+01 1.919257e+02
      vertex   8.809211e+01 8.746374e+01 1.919257e+02
      vertex   8.816464e+01 8.396374e+01 1.920927e+02
    endloop
  endfacet
  facet normal 9.172113e-01 0.000000e+00 -3.984011e-01
    outer loop
      vertex   8.816464e+01 8.396374e+01 1.920927e+02
      vertex   8.809211e+01 8.746374e+01 1.919257e+02
      vertex   8.816464e+01 8.746374e+01 1.920927e+02
    endloop
  endfacet
  facet normal 8.771826e-01 0.000000e+00 -4.801569e-01
    outer loop
      vertex   8.816464e+01 8.396374e+01 1.920927e+02
      vertex   8.816464e+01 8.746374e+01 1.920927e+02
      vertex   8.825205e+01 8.396374e+01 1.922524e+02
    endloop
  endfacet
  facet normal 8.771826e-01 0.000000e+00 -4.801569e-01
    outer loop
      vertex   8.825205e+01 8.396374e+01 1.922524e+02
      vertex   8.816464e+01 8.746374e+01 1.920927e+02
      vertex   8.825205e+01 8.746374e+01 1.922524e+02
    endloop
  endfacet
  facet normal 8.298853e-01 0.000000e+00 -5.579340e-01
    outer loop
      vertex   8.825205e+01 8.396374e+01 1.922524e+02
      vertex   8.825205e+01 8.746374e+01 1.922524e+02
      vertex   8.835363e+01 8.396374e+01 1.924035e+02
    endloop
  endfacet
  facet normal 8.298853e-01 0.000000e+00 -5.579340e-01
    outer loop
      vertex   8.835363e+01 8.396374e+01 1.924035e+02
      vertex   8.825205e+01 8.746374e+01 1.922524e+02
      vertex   8.835363e+01 8.746374e+01 1.924035e+02
    endloop
  endfacet
  facet normal 7.757113e-01 0.000000e+00 -6.310879e-01
    outer loop
      vertex   8.835363e+01 8.396374e+01 1.924035e+02
      vertex   8.835363e+01 8.746374e+01 1.924035e+02
      vertex   8.846853e+01 8.396374e+01 1.925447e+02
    endloop
  endfacet
  facet normal 7.757113e-01 0.000000e+00 -6.310879e-01
    outer loop
      vertex   8.846853e+01 8.396374e+01 1.925447e+02
      vertex   8.835363e+01 8.746374e+01 1.924035e+02
      vertex   8.846853e+01 8.746374e+01 1.925447e+02
    endloop
  endfacet
  facet normal 7.151095e-01 0.000000e+00 -6.990124e-01
    outer loop
      vertex   8.846853e+01 8.396374e+01 1.925447e+02
      vertex   8.846853e+01 8.746374e+01 1.925447e+02
      vertex   8.859579e+01 8.396374e+01 1.926749e+02
    endloop
  endfacet
  facet normal 7.151095e-01 0.000000e+00 -6.990124e-01
    outer loop
      vertex   8.859579e+01 8.396374e+01 1.926749e+02
      vertex   8.846853e+01 8.746374e+01 1.925447e+02
      vertex   8.859579e+01 8.746374e+01 1.926749e+02
    endloop
  endfacet
  facet normal 6.485821e-01 0.000000e+00 -7.611447e-01
    outer loop
      vertex   8.859579e+01 8.396374e+01 1.926749e+02
      vertex   8.859579e+01 8.746374e+01 1.926749e+02
      vertex   8.873436e+01 8.396374e+01 1.927930e+02
    endloop
  endfacet
  facet normal 6.485821e-01 0.000000e+00 -7.611447e-01
    outer loop
      vertex   8.873436e+01 8.396374e+01 1.927930e+02
      vertex   8.859579e+01 8.746374e+01 1.926749e+02
      vertex   8.873436e+01 8.746374e+01 1.927930e+02
    endloop
  endfacet
  facet normal 5.766803e-01 0.000000e+00 -8.169699e-01
    outer loop
      vertex   8.873436e+01 8.396374e+01 1.927930e+02
      vertex   8.873436e+01 8.746374e+01 1.927930e+02
      vertex   8.888310e+01 8.396374e+01 1.928979e+02
    endloop
  endfacet
  facet normal 5.766803e-01 0.000000e+00 -8.169699e-01
    outer loop
      vertex   8.888310e+01 8.396374e+01 1.928979e+02
      vertex   8.873436e+01 8.746374e+01 1.927930e+02
      vertex   8.888310e+01 8.746374e+01 1.928979e+02
    endloop
  endfacet
  facet normal 5.000000e-01 0.000000e+00 -8.660254e-01
    outer loop
      vertex   8.888310e+01 8.396374e+01 1.928979e+02
      vertex   8.888310e+01 8.746374e+01 1.928979e+02
      vertex   8.904076e+01 8.396374e+01 1.929890e+02
    endloop
  endfacet
  facet normal 5.000000e-01 0.000000e+00 -8.660254e-01
    outer loop
      vertex   8.904076e+01 8.396374e+01 1.929890e+02
      vertex   8.888310e+01 8.746374e+01 1.928979e+02
      vertex   8.904076e+01 8.746374e+01 1.929890e+02
    endloop
  endfacet
  facet normal 4.191765e-01 0.000000e+00 -9.079048e-01
    outer loop
      vertex   8.904076e+01 8.396374e+01 1.929890e+02
      vertex   8.904076e+01 8.746374e+01 1.929890e+02
      vertex   8.920606e+01 8.396374e+01 1.930653e+02
    endloop
  endfacet
  facet normal 4.191765e-01 0.000000e+00 -9.079048e-01
    outer loop
      vertex   8.920606e+01 8.396374e+01 1.930653e+02
      vertex   8.904076e+01 8.746374e+01 1.929890e+02
      vertex   8.920606e+01 8.746374e+01 1.930653e+02
    endloop
  endfacet
  facet normal 3.348796e-01 0.000000e+00 -9.422609e-01
    outer loop
      vertex   8.920606e+01 8.396374e+01 1.930653e+02
      vertex   8.920606e+01 8.746374e+01 1.930653e+02
      vertex   8.937760e+01 8.396374e+01 1.931263e+02
    endloop
  endfacet
  facet normal 3.348796e-01 0.000000e+00 -9.422609e-01
    outer loop
      vertex   8.937760e+01 8.396374e+01 1.931263e+02
      vertex   8.920606e+01 8.746374e+01 1.930653e+02
      vertex   8.937760e+01 8.746374e+01 1.931263e+02
    endloop
  endfacet
  facet normal 2.478078e-01 0.000000e+00 -9.688092e-01
    outer loop
      vertex   8.937760e+01 8.396374e+01 1.931263e+02
      vertex   8.937760e+01 8.746374e+01 1.931263e+02
      vertex   8.955398e+01 8.396374e+01 1.931714e+02
    endloop
  endfacet
  facet normal 2.478078e-01 0.000000e+00 -9.688092e-01
    outer loop
      vertex   8.955398e+01 8.396374e+01 1.931714e+02
      vertex   8.937760e+01 8.746374e+01 1.931263e+02
      vertex   8.955398e+01 8.746374e+01 1.931714e+02
    endloop
  endfacet
  facet normal 1.586825e-01 0.000000e+00 -9.873297e-01
    outer loop
      vertex   8.955398e+01 8.396374e+01 1.931714e+02
      vertex   8.955398e+01 8.746374e+01 1.931714e+02
      vertex   8.973373e+01 8.396374e+01 1.932003e+02
    endloop
  endfacet
  facet normal 1.586825e-01 0.000000e+00 -9.873297e-01
    outer loop
      vertex   8.973373e+01 8.396374e+01 1.932003e+02
      vertex   8.955398e+01 8.746374e+01 1.931714e+02
      vertex   8.973373e+01 8.746374e+01 1.932003e+02
    endloop
  endfacet
  facet normal 6.824241e-02 0.000000e+00 -9.976688e-01
    outer loop
      vertex   8.973373e+01 8.396374e+01 1.932003e+02
      vertex   8.973373e+01 8.746374e+01 1.932003e+02
      vertex   8.991537e+01 8.396374e+01 1.932127e+02
    endloop
  endfacet
  facet normal 6.824241e-02 0.000000e+00 -9.976688e-01
    outer loop
      vertex   8.991537e+01 8.396374e+01 1.932127e+02
      vertex   8.973373e+01 8.746374e+01 1.932003e+02
      vertex   8.991537e+01 8.746374e+01 1.932127e+02
    endloop
  endfacet
  facet normal -2.276320e-02 0.000000e+00 -9.997409e-01
    outer loop
      vertex   8.991537e+01 8.396374e+01 1.932127e+02
      vertex   8.991537e+01 8.746374e+01 1.932127e+02
      vertex   9.009738e+01 8.396374e+01 1.932085e+02
    endloop
  endfacet
  facet normal -2.276320e-02 0.000000e+00 -9.997409e-01
    outer loop
      vertex   9.009738e+01 8.396374e+01 1.932085e+02
      vertex   8.991537e+01 8.746374e+01 1.932127e+02
      vertex   9.009738e+01 8.746374e+01 1.932085e+02
    endloop
  endfacet
  facet normal -1.135802e-01 0.000000e+00 -9.935288e-01
    outer loop
      vertex   9.009738e+01 8.396374e+01 1.932085e+02
      vertex   9.009738e+01 8.746374e+01 1.932085e+02
      vertex   9.027826e+01 8.396374e+01 1.931879e+02
    endloop
  endfacet
  facet normal -1.135802e-01 0.000000e+00 -9.935288e-01
    outer loop
      vertex   9.027826e+01 8.396374e+01 1.931879e+02
      vertex   9.009738e+01 8.746374e+01 1.932085e+02
      vertex   9.027826e+01 8.746374e+01 1.931879e+02
    endloop
  endfacet
  facet normal -2.034560e-01 0.000000e+00 -9.790841e-01
    outer loop
      vertex   9.027826e+01 8.396374e+01 1.931879e+02
      vertex   9.027826e+01 8.746374e+01 1.931879e+02
      vertex   9.045651e+01 8.396374e+01 1.931508e+02
    endloop
  endfacet
  facet normal -2.034560e-01 0.000000e+00 -9.790841e-01
    outer loop
      vertex   9.045651e+01 8.396374e+01 1.931508e+02
      vertex   9.027826e+01 8.746374e+01 1.931879e+02
      vertex   9.045651e+01 8.746374e+01 1.931508e+02
    endloop
  endfacet
  facet normal -2.916459e-01 0.000000e+00 -9.565263e-01
    outer loop
      vertex   9.045651e+01 8.396374e+01 1.931508e+02
      vertex   9.045651e+01 8.746374e+01 1.931508e+02
      vertex   9.063065e+01 8.396374e+01 1.930977e+02
    endloop
  endfacet
  facet normal -2.916459e-01 0.000000e+00 -9.565263e-01
    outer loop
      vertex   9.063065e+01 8.396374e+01 1.930977e+02
      vertex   9.045651e+01 8.746374e+01 1.931508e+02
      vertex   9.063065e+01 8.746374e+01 1.930977e+02
    endloop
  endfacet
  facet normal -3.774192e-01 0.000000e+00 -9.260425e-01
    outer loop
      vertex   9.063065e+01 8.396374e+01 1.930977e+02
      vertex   9.063065e+01 8.746374e+01 1.930977e+02
      vertex   9.079925e+01 8.396374e+01 1.930290e+02
    endloop
  endfacet
  facet normal -3.774192e-01 0.000000e+00 -9.260425e-01
    outer loop
      vertex   9.079925e+01 8.396374e+01 1.930290e+02
      vertex   9.063065e+01 8.746374e+01 1.930977e+02
      vertex   9.079925e+01 8.746374e+01 1.930290e+02
    endloop
  endfacet
  facet normal -4.600650e-01 0.000000e+00 -8.878852e-01
    outer loop
      vertex   9.079925e+01 8.396374e+01 1.930290e+02
      vertex   9.079925e+01 8.746374e+01 1.930290e+02
      vertex   9.096089e+01 8.396374e+01 1.929453e+02
    endloop
  endfacet
  facet normal -4.600650e-01 0.000000e+00 -8.878852e-01
    outer loop
      vertex   9.096089e+01 8.396374e+01 1.929453e+02
      vertex   9.079925e+01 8.746374e+01 1.930290e+02
      vertex   9.096089e+01 8.746374e+01 1.929453e+02
    endloop
  endfacet
  facet normal -5.388986e-01 0.000000e+00 -8.423706e-01
    outer loop
      vertex   9.096089e+01 8.396374e+01 1.929453e+02
      vertex   9.096089e+01 8.746374e+01 1.929453e+02
      vertex   9.111425e+01 8.396374e+01 1.928471e+02
    endloop
  endfacet
  facet normal -5.388986e-01 0.000000e+00 -8.423706e-01
    outer loop
      vertex   9.111425e+01 8.396374e+01 1.928471e+02
      vertex   9.096089e+01 8.746374e+01 1.929453e+02
      vertex   9.111425e+01 8.746374e+01 1.928471e+02
    endloop
  endfacet
  facet normal -6.132668e-01 0.000000e+00 -7.898759e-01
    outer loop
      vertex   9.111425e+01 8.396374e+01 1.928471e+02
      vertex   9.111425e+01 8.746374e+01 1.928471e+02
      vertex   9.125806e+01 8.396374e+01 1.927355e+02
    endloop
  endfacet
  facet normal -6.132668e-01 0.000000e+00 -7.898759e-01
    outer loop
      vertex   9.125806e+01 8.396374e+01 1.927355e+02
      vertex   9.111425e+01 8.746374e+01 1.928471e+02
      vertex   9.125806e+01 8.746374e+01 1.927355e+02
    endloop
  endfacet
  facet normal -6.825531e-01 0.000000e+00 -7.308360e-01
    outer loop
      vertex   9.125806e+01 8.396374e+01 1.927355e+02
      vertex   9.125806e+01 8.746374e+01 1.927355e+02
      vertex   9.139111e+01 8.396374e+01 1.926112e+02
    endloop
  endfacet
  facet normal -6.825531e-01 0.000000e+00 -7.308360e-01
    outer loop
      vertex   9.139111e+01 8.396374e+01 1.926112e+02
      vertex   9.125806e+01 8.746374e+01 1.927355e+02
      vertex   9.139111e+01 8.746374e+01 1.926112e+02
    endloop
  endfacet
  facet normal -7.461837e-01 0.000000e+00 -6.657401e-01
    outer loop
      vertex   9.139111e+01 8.396374e+01 1.926112e+02
      vertex   9.139111e+01 8.746374e+01 1.926112e+02
      vertex   9.151232e+01 8.396374e+01 1.924754e+02
    endloop
  endfacet
  facet normal -7.461837e-01 0.000000e+00 -6.657401e-01
    outer loop
      vertex   9.151232e+01 8.396374e+01 1.924754e+02
      vertex   9.139111e+01 8.746374e+01 1.926112e+02
      vertex   9.151232e+01 8.746374e+01 1.924754e+02
    endloop
  endfacet
  facet normal -8.036311e-01 0.000000e+00 -5.951277e-01
    outer loop
      vertex   9.151232e+01 8.396374e+01 1.924754e+02
      vertex   9.151232e+01 8.746374e+01 1.924754e+02
      vertex   9.162066e+01 8.396374e+01 1.923291e+02
    endloop
  endfacet
  facet normal -8.036311e-01 0.000000e+00 -5.951277e-01
    outer loop
      vertex   9.162066e+01 8.396374e+01 1.923291e+02
      vertex   9.151232e+01 8.746374e+01 1.924754e+02
      vertex   9.162066e+01 8.746374e+01 1.923291e+02
    endloop
  endfacet
  facet normal -8.544194e-01 0.000000e+00 -5.195840e-01
    outer loop
      vertex   9.162066e+01 8.396374e+01 1.923291e+02
      vertex   9.162066e+01 8.746374e+01 1.923291e+02
      vertex   9.171526e+01 8.396374e+01 1.921735e+02
    endloop
  endfacet
  facet normal -8.544194e-01 0.000000e+00 -5.195840e-01
    outer loop
      vertex   9.171526e+01 8.396374e+01 1.921735e+02
      vertex   9.162066e+01 8.746374e+01 1.923291e+02
      vertex   9.171526e+01 8.746374e+01 1.921735e+02
    endloop
  endfacet
  facet normal -8.981277e-01 0.000000e+00 -4.397347e-01
    outer loop
      vertex   9.171526e+01 8.396374e+01 1.921735e+02
      vertex   9.171526e+01 8.746374e+01 1.921735e+02
      vertex   9.179532e+01 8.396374e+01 1.920100e+02
    endloop
  endfacet
  facet normal -8.981277e-01 0.000000e+00 -4.397347e-01
    outer loop
      vertex   9.179532e+01 8.396374e+01 1.920100e+02
      vertex   9.171526e+01 8.746374e+01 1.921735e+02
      vertex   9.179532e+01 8.746374e+01 1.920100e+02
    endloop
  endfacet
  facet normal -9.343938e-01 0.000000e+00 -3.562417e-01
    outer loop
      vertex   9.179532e+01 8.396374e+01 1.920100e+02
      vertex   9.179532e+01 8.746374e+01 1.920100e+02
      vertex   9.186017e+01 8.396374e+01 1.918399e+02
    endloop
  endfacet
  facet normal -9.343938e-01 0.000000e+00 -3.562417e-01
    outer loop
      vertex   9.186017e+01 8.396374e+01 1.918399e+02
      vertex   9.179532e+01 8.746374e+01 1.920100e+02
      vertex   9.186017e+01 8.746374e+01 1.918399e+02
    endloop
  endfacet
  facet normal -9.629173e-01 0.000000e+00 -2.697968e-01
    outer loop
      vertex   9.186017e+01 8.396374e+01 1.918399e+02
      vertex   9.186017e+01 8.746374e+01 1.918399e+02
      vertex   9.190929e+01 8.396374e+01 1.916646e+02
    endloop
  endfacet
  facet normal -9.629173e-01 0.000000e+00 -2.697968e-01
    outer loop
      vertex   9.190929e+01 8.396374e+01 1.916646e+02
      vertex   9.186017e+01 8.746374e+01 1.918399e+02
      vertex   9.190929e+01 8.746374e+01 1.916646e+02
    endloop
  endfacet
  facet normal -9.834617e-01 0.000000e+00 -1.811162e-01
    outer loop
      vertex   9.190929e+01 8.396374e+01 1.916646e+02
      vertex   9.190929e+01 8.746374e+01 1.916646e+02
      vertex   9.194227e+01 8.396374e+01 1.914855e+02
    endloop
  endfacet
  facet normal -9.834617e-01 0.000000e+00 -1.811162e-01
    outer loop
      vertex   9.194227e+01 8.396374e+01 1.914855e+02
      vertex   9.190929e+01 8.746374e+01 1.916646e+02
      vertex   9.194227e+01 8.746374e+01 1.914855e+02
    endloop
  endfacet
  facet normal -9.958568e-01 0.000000e+00 -9.093486e-02
    outer loop
      vertex   9.194227e+01 8.396374e+01 1.914855e+02
      vertex   9.194227e+01 8.746374e+01 1.914855e+02
      vertex   9.195882e+01 8.396374e+01 1.913042e+02
    endloop
  endfacet
  facet normal -9.958568e-01 0.000000e+00 -9.093486e-02
    outer loop
      vertex   9.195882e+01 8.396374e+01 1.913042e+02
      vertex   9.194227e+01 8.746374e+01 1.914855e+02
      vertex   9.195882e+01 8.746374e+01 1.913042e+02
    endloop
  endfacet
  facet normal -1.000000e+00 0.000000e+00 0.000000e+00
    outer loop
      vertex   9.195882e+01 8.396374e+01 1.913042e+02
      vertex   9.195882e+01 8.746374e+01 1.913042e+02
      vertex   9.195882e+01 8.396374e+01 1.911222e+02
    endloop
  endfacet
  facet normal -1.000000e+00 0.000000e+00 0.000000e+00
    outer loop
      vertex   9.195882e+01 8.396374e+01 1.911222e+02
      vertex   9.195882e+01 8.746374e+01 1.913042e+02
      vertex   9.195882e+01 8.746374e+01 1.911222e+02
    endloop
  endfacet
  facet normal -9.958568e-01 0.000000e+00 9.093486e-02
    outer loop
      vertex   9.195882e+01 8.396374e+01 1.911222e+02
      vertex   9.195882e+01 8.746374e+01 1.911222e+02
      vertex   9.194227e+01 8.396374e+01 1.909409e+02
    endloop
  endfacet
  facet normal -9.958568e-01 0.000000e+00 9.093486e-02
    outer loop
      vertex   9.194227e+01 8.396374e+01 1.909409e+02
      vertex   9.195882e+01 8.746374e+01 1.911222e+02
      vertex   9.194227e+01 8.746374e+01 1.909409e+02
    endloop
  endfacet
  facet normal -9.834617e-01 0.000000e+00 1.811162e-01
    outer loop
      vertex   9.194227e+01 8.396374e+01 1.909409e+02
      vertex   9.194227e+01 8.746374e+01 1.909409e+02
      vertex   9.190929e+01 8.396374e+01 1.907618e+02
    endloop
  endfacet
  facet normal -9.834617e-01 0.000000e+00 1.811162e-01
    outer loop
      vertex   9.190929e+01 8.396374e+01 1.907618e+02
      vertex   9.194227e+01 8.746374e+01 1.909409e+02
      vertex   9.190929e+01 8.746374e+01 1.907618e+02
    endloop
  endfacet
  facet normal -9.629173e-01 0.000000e+00 2.697968e-01
    outer loop
      vertex   9.190929e+01 8.396374e+01 1.907618e+02
      vertex   9.190929e+01 8.746374e+01 1.907618e+02
      vertex   9.186017e+01 8.396374e+01 1.905865e+02
    endloop
  endfacet
  facet normal -9.629173e-01 0.000000e+00 2.697968e-01
    outer loop
      vertex   9.186017e+01 8.396374e+01 1.905865e+02
      vertex   9.190929e+01 8.746374e+01 1.907618e+02
      vertex   9.186017e+01 8.746374e+01 1.905865e+02
    endloop
  endfacet
  facet normal -9.343938e-01 0.000000e+00 3.562417e-01
    outer loop
      vertex   9.186017e+01 8.396374e+01 1.905865e+02
      vertex   9.186017e+01 8.746374e+01 1.905865e+02
      vertex   9.179532e+01 8.396374e+01 1.904164e+02
    endloop
  endfacet
  facet normal -9.343938e-01 0.000000e+00 3.562417e-01
    outer loop
      vertex   9.179532e+01 8.396374e+01 1.904164e+02
      vertex   9.186017e+01 8.746374e+01 1.905865e+02
      vertex   9.179532e+01 8.746374e+01 1.904164e+02
    endloop
  endfacet
  facet normal -8.981277e-01 0.000000e+00 4.397347e-01
    outer loop
      vertex   9.179532e+01 8.396374e+01 1.904164e+02
      vertex   9.179532e+01 8.746374e+01 1.904164e+02
      vertex   9.171526e+01 8.396374e+01 1.902529e+02
    endloop
  endfacet
  facet normal -8.981277e-01 0.000000e+00 4.397347e-01
    outer loop
      vertex   9.171526e+01 8.396374e+01 1.902529e+02
      vertex   9.179532e+01 8.746374e+01 1.904164e+02
      vertex   9.171526e+01 8.746374e+01 1.902529e+02
    endloop
  endfacet
  facet normal -8.544194e-01 0.000000e+00 5.195840e-01
    outer loop
      vertex   9.171526e+01 8.396374e+01 1.902529e+02
      vertex   9.171526e+01 8.746374e+01 1.902529e+02
      vertex   9.162066e+01 8.396374e+01 1.900973e+02
    endloop
  endfacet
  facet normal -8.544194e-01 0.000000e+00 5.195840e-01
    outer loop
      vertex   9.162066e+01 8.396374e+01 1.900973e+02
      vertex   9.171526e+01 8.746374e+01 1.902529e+02
      vertex   9.162066e+01 8.746374e+01 1.900973e+02
    endloop
  endfacet
  facet normal -8.036311e-01 0.000000e+00 5.951277e-01
    outer loop
      vertex   9.162066e+01 8.396374e+01 1.900973e+02
      vertex   9.162066e+01 8.746374e+01 1.900973e+02
      vertex   9.151232e+01 8.396374e+01 1.899510e+02
    endloop
  endfacet
  facet normal -8.036311e-01 0.000000e+00 5.951277e-01
    outer loop
      vertex   9.151232e+01 8.396374e+01 1.899510e+02
      vertex   9.162066e+01 8.746374e+01 1.900973e+02
      vertex   9.151232e+01 8.746374e+01 1.899510e+02
    endloop
  endfacet
  facet normal -7.461837e-01 0.000000e+00 6.657401e-01
    outer loop
      vertex   9.151232e+01 8.396374e+01 1.899510e+02
      vertex   9.151232e+01 8.746374e+01 1.899510e+02
      vertex   9.139111e+01 8.396374e+01 1.898152e+02
    endloop
  endfacet
  facet normal -7.461837e-01 0.000000e+00 6.657401e-01
    outer loop
      vertex   9.139111e+01 8.396374e+01 1.898152e+02
      vertex   9.151232e+01 8.746374e+01 1.899510e+02
      vertex   9.139111e+01 8.746374e+01 1.898152e+02
    endloop
  endfacet
  facet normal -6.825531e-01 0.000000e+00 7.308360e-01
    outer loop
      vertex   9.139111e+01 8.396374e+01 1.898152e+02
      vertex   9.139111e+01 8.746374e+01 1.898152e+02
      vertex   9.125806e+01 8.396374e+01 1.896909e+02
    endloop
  endfacet
  facet normal -6.825531e-01 0.000000e+00 7.308360e-01
    outer loop
      vertex   9.125806e+01 8.396374e+01 1.896909e+02
      vertex   9.139111e+01 8.746374e+01 1.898152e+02
      vertex   9.125806e+01 8.746374e+01 1.896909e+02
    endloop
  endfacet
  facet normal -6.132668e-01 0.000000e+00 7.898759e-01
    outer loop
      vertex   9.125806e+01 8.396374e+01 1.896909e+02
      vertex   9.125806e+01 8.746374e+01 1.896909e+02
      vertex   9.111425e+01 8.396374e+01 1.895793e+02
    endloop
  endfacet
  facet normal -6.132668e-01 0.000000e+00 7.898759e-01
    outer loop
      vertex   9.111425e+01 8.396374e+01 1.895793e+02
      vertex   9.125806e+01 8.746374e+01 1.896909e+02
      vertex   9.111425e+01 8.746374e+01 1.895793e+02
    endloop
  endfacet
  facet normal -5.388986e-01 0.000000e+00 8.423706e-01
    outer loop
      vertex   9.111425e+01 8.396374e+01 1.895793e+02
      vertex   9.111425e+01 8.746374e+01 1.895793e+02
      vertex   9.096089e+01 8.396374e+01 1.894812e+02
    endloop
  endfacet
  facet normal -5.388986e-01 0.000000e+00 8.423706e-01
    outer loop
      vertex   9.096089e+01 8.396374e+01 1.894812e+02
      vertex   9.111425e+01 8.746374e+01 1.895793e+02
      vertex   9.096089e+01 8.746374e+01 1.894812e+02
    endloop
  endfacet
  facet normal -4.600650e-01 0.000000e+00 8.878852e-01
    outer loop
      vertex   9.096089e+01 8.396374e+01 1.894812e+02
      vertex   9.096089e+01 8.746374e+01 1.894812e+02
      vertex   9.079925e+01 8.396374e+01 1.893974e+02
    endloop
  endfacet
  facet normal -4.600650e-01 0.000000e+00 8.878852e-01
    outer loop
      vertex   9.079925e+01 8.396374e+01 1.893974e+02
      vertex   9.096089e+01 8.746374e+01 1.894812e+02
      vertex   9.079925e+01 8.746374e+01 1.893974e+02
    endloop
  endfacet
  facet normal -3.774192e-01 0.000000e+00 9.260425e-01
    outer loop
      vertex   9.079925e+01 8.396374e+01 1.893974e+02
      vertex   9.079925e+01 8.746374e+01 1.893974e+02
      vertex   9.063065e+01 8.396374e+01 1.893287e+02
    endloop
  endfacet
  facet normal -3.774192e-01 0.000000e+00 9.260425e-01
    outer loop
      vertex   9.063065e+01 8.396374e+01 1.893287e+02
      vertex   9.079925e+01 8.746374e+01 1.893974e+02
      vertex   9.063065e+01 8.746374e+01 1.893287e+02
    endloop
  endfacet
  facet normal -2.916459e-01 0.000000e+00 9.565263e-01
    outer loop
      vertex   9.063065e+01 8.396374e+01 1.893287e+02
      vertex   9.063065e+01 8.746374e+01 1.893287e+02
      vertex   9.045651e+01 8.396374e+01 1.892756e+02
    endloop
  endfacet
  facet normal -2.916459e-01 0.000000e+00 9.565263e-01
    outer loop
      vertex   9.045651e+01 8.396374e+01 1.892756e+02
      vertex   9.063065e+01 8.746374e+01 1.893287e+02
      vertex   9.045651e+01 8.746374e+01 1.892756e+02
    endloop
  endfacet
  facet normal -2.034560e-01 0.000000e+00 9.790841e-01
    outer loop
      vertex   9.045651e+01 8.396374e+01 1.892756e+02
      vertex   9.045651e+01 8.746374e+01 1.892756e+02
      vertex   9.027826e+01 8.396374e+01 1.892385e+02
    endloop
  endfacet
  facet normal -2.034560e-01 0.000000e+00 9.790841e-01
    outer loop
      vertex   9.027826e+01 8.396374e+01 1.892385e+02
      vertex   9.045651e+01 8.746374e+01 1.892756e+02
      vertex   9.027826e+01 8.746374e+01 1.892385e+02
    endloop
  endfacet
  facet normal -1.135802e-01 0.000000e+00 9.935288e-01
    outer loop
      vertex   9.027826e+01 8.396374e+01 1.892385e+02
      vertex   9.027826e+01 8.746374e+01 1.892385e+02
      vertex   9.009738e+01 8.396374e+01 1.892179e+02
    endloop
  endfacet
  facet normal -1.135802e-01 0.000000e+00 9.935288e-01
    outer loop
      vertex   9.009738e+01 8.396374e+01 1.892179e+02
      vertex   9.027826e+01 8.746374e+01 1.892385e+02
      vertex   9.009738e+01 8.746374e+01 1.892179e+02
    endloop
  endfacet
  facet normal -2.276320e-02 0.000000e+00 9.997409e-01
    outer loop
      vertex   9.009738e+01 8.396374e+01 1.892179e+02
      vertex   9.009738e+01 8.746374e+01 1.892179e+02
      vertex   8.991537e+01 8.396374e+01 1.892137e+02
    endloop
  endfacet
  facet normal -2.276320e-02 0.000000e+00 9.997409e-01
    outer loop
      vertex   8.991537e+01 8.396374e+01 1.892137e+02
      vertex   9.009738e+01 8.746374e+01 1.892179e+02
      vertex   8.991537e+01 8.746374e+01 1.892137e+02
    endloop
  endfacet
  facet normal 6.824241e-02 -0.000000e+00 9.976688e-01
    outer loop
      vertex   8.991537e+01 8.396374e+01 1.892137e+02
      vertex   8.991537e+01 8.746374e+01 1.892137e+02
      vertex   8.973373e+01 8.396374e+01 1.892262e+02
    endloop
  endfacet
  facet normal 6.824241e-02 -0.000000e+00 9.976688e-01
    outer loop
      vertex   8.973373e+01 8.396374e+01 1.892262e+02
      vertex   8.991537e+01 8.746374e+01 1.892137e+02
      vertex   8.973373e+01 8.746374e+01 1.892262e+02
    endloop
  endfacet
  facet normal 1.586825e-01 -0.000000e+00 9.873297e-01
    outer loop
      vertex   8.973373e+01 8.396374e+01 1.892262e+02
      vertex   8.973373e+01 8.746374e+01 1.892262e+02
      vertex   8.955398e+01 8.396374e+01 1.892550e+02
    endloop
  endfacet
  facet normal 1.586825e-01 -0.000000e+00 9.873297e-01
    outer loop
      vertex   8.955398e+01 8.396374e+01 1.892550e+02
      vertex   8.973373e+01 8.746374e+01 1.892262e+02
      vertex   8.955398e+01 8.746374e+01 1.892550e+02
    endloop
  endfacet
  facet normal 2.478078e-01 -0.000000e+00 9.688092e-01
    outer loop
      vertex   8.955398e+01 8.396374e+01 1.892550e+02
      vertex   8.955398e+01 8.746374e+01 1.892550e+02
      vertex   8.937760e+01 8.396374e+01 1.893002e+02
    endloop
  endfacet
  facet normal 2.478078e-01 -0.000000e+00 9.688092e-01
    outer loop
      vertex   8.937760e+01 8.396374e+01 1.893002e+02
      vertex   8.955398e+01 8.746374e+01 1.892550e+02
      vertex   8.937760e+01 8.746374e+01 1.893002e+02
    endloop
  endfacet
  facet normal 3.348796e-01 -0.000000e+00 9.422609e-01
    outer loop
      vertex   8.937760e+01 8.396374e+01 1.893002e+02
      vertex   8.937760e+01 8.746374e+01 1.893002e+02
      vertex   8.920606e+01 8.396374e+01 1.893611e+02
    endloop
  endfacet
  facet normal 3.348796e-01 -0.000000e+00 9.422609e-01
    outer loop
      vertex   8.920606e+01 8.396374e+01 1.893611e+02
      vertex   8.937760e+01 8.746374e+01 1.893002e+02
      vertex   8.920606e+01 8.746374e+01 1.893611e+02
    endloop
  endfacet
  facet normal 4.191765e-01 -0.000000e+00 9.079048e-01
    outer loop
      vertex   8.920606e+01 8.396374e+01 1.893611e+02
      vertex   8.920606e+01 8.746374e+01 1.893611e+02
      vertex   8.904076e+01 8.396374e+01 1.894374e+02
    endloop
  endfacet
  facet normal 4.191765e-01 -0.000000e+00 9.079048e-01
    outer loop
      vertex   8.904076e+01 8.396374e+01 1.894374e+02
      vertex   8.920606e+01 8.746374e+01 1.893611e+02
      vertex   8.904076e+01 8.746374e+01 1.894374e+02
    endloop
  endfacet
  facet normal 5.000000e-01 -0.000000e+00 8.660254e-01
    outer loop
      vertex   8.904076e+01 8.396374e+01 1.894374e+02
      vertex   8.904076e+01 8.746374e+01 1.894374e+02
      vertex   8.888310e+01 8.396374e+01 1.895285e+02
    endloop
  endfacet
  facet normal 5.000000e-01 -0.000000e+00 8.660254e-01
    outer loop
      vertex   8.888310e+01 8.396374e+01 1.895285e+02
      vertex   8.904076e+01 8.746374e+01 1.894374e+02
      vertex   8.888310e+01 8.746374e+01 1.895285e+02
    endloop
  endfacet
  facet normal 5.766803e-01 -0.000000e+00 8.169699e-01
    outer loop
      vertex   8.888310e+01 8.396374e+01 1.895285e+02
      vertex   8.888310e+01 8.746374e+01 1.895285e+02
      vertex   8.873436e+01 8.396374e+01 1.896335e+02
    endloop
  endfacet
  facet normal 5.766803e-01 -0.000000e+00 8.169699e-01
    outer loop
      vertex   8.873436e+01 8.396374e+01 1.896335e+02
      vertex   8.888310e+01 8.746374e+01 1.895285e+02
      vertex   8.873436e+01 8.746374e+01 1.896335e+02
    endloop
  endfacet
  facet normal 6.485821e-01 -0.000000e+00 7.611447e-01
    outer loop
      vertex   8.873436e+01 8.396374e+01 1.896335e+02
      vertex   8.873436e+01 8.746374e+01 1.896335e+02
      vertex   8.859579e+01 8.396374e+01 1.897515e+02
    endloop
  endfacet
  facet normal 6.485821e-01 -0.000000e+00 7.611447e-01
    outer loop
      vertex   8.859579e+01 8.396374e+01 1.897515e+02
      vertex   8.873436e+01 8.746374e+01 1.896335e+02
      vertex   8.859579e+01 8.746374e+01 1.897515e+02
    endloop
  endfacet
  facet normal 7.151095e-01 -0.000000e+00 6.990124e-01
    outer loop
      vertex   8.859579e+01 8.396374e+01 1.897515e+02
      vertex   8.859579e+01 8.746374e+01 1.897515e+02
      vertex   8.846853e+01 8.396374e+01 1.898817e+02
    endloop
  endfacet
  facet normal 7.151095e-01 -0.000000e+00 6.990124e-01
    outer loop
      vertex   8.846853e+01 8.396374e+01 1.898817e+02
      vertex   8.859579e+01 8.746374e+01 1.897515e+02
      vertex   8.846853e+01 8.746374e+01 1.898817e+02
    endloop
  endfacet
  facet normal 7.757113e-01 -0.000000e+00 6.310879e-01
    outer loop
      vertex   8.846853e+01 8.396374e+01 1.898817e+02
      vertex   8.846853e+01 8.746374e+01 1.898817e+02
      vertex   8.835363e+01 8.396374e+01 1.900230e+02
    endloop
  endfacet
  facet normal 7.757113e-01 -0.000000e+00 6.310879e-01
    outer loop
      vertex   8.835363e+01 8.396374e+01 1.900230e+02
      vertex   8.846853e+01 8.746374e+01 1.898817e+02
      vertex   8.835363e+01 8.746374e+01 1.900230e+02
    endloop
  endfacet
  facet normal 8.298853e-01 -0.000000e+00 5.579340e-01
    outer loop
      vertex   8.835363e+01 8.396374e+01 1.900230e+02
      vertex   8.835363e+01 8.746374e+01 1.900230e+02
      vertex   8.825205e+01 8.396374e+01 1.901740e+02
    endloop
  endfacet
  facet normal 8.298853e-01 -0.000000e+00 5.579340e-01
    outer loop
      vertex   8.825205e+01 8.396374e+01 1.901740e+02
      vertex   8.835363e+01 8.746374e+01 1.900230e+02
      vertex   8.825205e+01 8.746374e+01 1.901740e+02
    endloop
  endfacet
  facet normal 8.771826e-01 -0.000000e+00 4.801569e-01
    outer loop
      vertex   8.825205e+01 8.396374e+01 1.901740e+02
      vertex   8.825205e+01 8.746374e+01 1.901740e+02
      vertex   8.816464e+01 8.396374e+01 1.903337e+02
    endloop
  endfacet
  facet normal 8.771826e-01 -0.000000e+00 4.801569e-01
    outer loop
      vertex   8.816464e+01 8.396374e+01 1.903337e+02
      vertex   8.825205e+01 8.746374e+01 1.901740e+02
      vertex   8.816464e+01 8.746374e+01 1.903337e+02
    endloop
  endfacet
  facet normal 9.172113e-01 -0.000000e+00 3.984011e-01
    outer loop
      vertex   8.816464e+01 8.396374e+01 1.903337e+02
      vertex   8.816464e+01 8.746374e+01 1.903337e+02
      vertex   8.809211e+01 8.396374e+01 1.905007e+02
    endloop
  endfacet
  facet normal 9.172113e-01 -0.000000e+00 3.984011e-01
    outer loop
      vertex   8.809211e+01 8.396374e+01 1.905007e+02
      vertex   8.816464e+01 8.746374e+01 1.903337e+02
      vertex   8.809211e+01 8.746374e+01 1.905007e+02
    endloop
  endfacet
  facet normal 9.496397e-01 -0.000000e+00 3.133440e-01
    outer loop
      vertex   8.809211e+01 8.396374e+01 1.905007e+02
      vertex   8.809211e+01 8.746374e+01 1.905007e+02
      vertex   8.803506e+01 8.396374e+01 1.906736e+02
    endloop
  endfacet
  facet normal 9.496397e-01 -7.711538e-15 3.133440e-01
    outer loop
      vertex   8.803506e+01 8.396374e+01 1.906736e+02
      vertex   8.809211e+01 8.746374e+01 1.905007e+02
      vertex   8.803506e+01 8.746374e+01 1.906736e+02
    endloop
  endfacet
  facet normal 9.741991e-01 -7.910972e-15 2.256904e-01
    outer loop
      vertex   8.803506e+01 8.396374e+01 1.906736e+02
      vertex   8.803506e+01 8.746374e+01 1.906736e+02
      vertex   8.799397e+01 8.396374e+01 1.908510e+02
    endloop
  endfacet
  facet normal 9.741991e-01 -0.000000e+00 2.256904e-01
    outer loop
      vertex   8.799397e+01 8.396374e+01 1.908510e+02
      vertex   8.803506e+01 8.746374e+01 1.906736e+02
      vertex   8.799397e+01 8.746374e+01 1.908510e+02
    endloop
  endfacet
  facet normal 9.906859e-01 -0.000000e+00 1.361666e-01
    outer loop
      vertex   8.799397e+01 8.396374e+01 1.908510e+02
      vertex   8.799397e+01 8.746374e+01 1.908510e+02
      vertex   8.796918e+01 8.396374e+01 1.910313e+02
    endloop
  endfacet
  facet normal 9.906859e-01 -0.000000e+00 1.361666e-01
    outer loop
      vertex   8.796918e+01 8.396374e+01 1.910313e+02
      vertex   8.799397e+01 8.746374e+01 1.908510e+02
      vertex   8.796918e+01 8.746374e+01 1.910313e+02
    endloop
  endfacet
  facet normal -0.000000e+00 -1.000000e+00 0.000000e+00
    outer loop
      vertex   8.836910e+01 9.096374e+01 1.913751e+02
      vertex   8.796918e+01 9.096374e+01 1.913951e+02
      vertex   8.836089e+01 9.096374e+01 1.912132e+02
    endloop
  endfacet
  facet normal 0.000000e+00 -1.000000e+00 0.000000e+00
    outer loop
      vertex   8.836089e+01 9.096374e+01 1.912132e+02
      vertex   8.796918e+01 9.096374e+01 1.913951e+02
      vertex   8.796089e+01 9.096374e+01 1.912132e+02
    endloop
  endfacet
  facet normal -0.000000e+00 -1.000000e+00 0.000000e+00
    outer loop
      vertex   8.836089e+01 9.096374e+01 1.912132e+02
      vertex   8.796089e+01 9.096374e+01 1.912132e+02
      vertex   8.796918e+01 9.096374e+01 1.910313e+02
    endloop
  endfacet
  facet normal 0.000000e+00 -1.000000e+00 0.000000e+00
    outer loop
      vertex   8.796918e+01 9.096374e+01 1.913951e+02
      vertex   8.836910e+01 9.096374e+01 1.913751e+02
      vertex   8.799397e+01 9.096374e+01 1.915754e+02
    endloop
  endfacet
  facet normal 0.000000e+00 -1.000000e+00 0.000000e+00
    outer loop
      vertex   8.799397e+01 9.096374e+01 1.915754e+02
      vertex   8.836910e+01 9.096374e+01 1.913751e+02
      vertex   8.839365e+01 9.096374e+01 1.915353e+02
    endloop
  endfacet
  facet normal 0.000000e+00 -1.000000e+00 0.000000e+00
    outer loop
      vertex   8.799397e+01 9.096374e+01 1.915754e+02
      vertex   8.839365e+01 9.096374e+01 1.915353e+02
      vertex   8.803506e+01 9.096374e+01 1.917528e+02
    endloop
  endfacet
  facet normal 0.000000e+00 -1.000000e+00 0.000000e+00
    outer loop
      vertex   8.803506e+01 9.096374e+01 1.917528e+02
      vertex   8.839365e+01 9.096374e+01 1.915353e+02
      vertex   8.843427e+01 9.096374e+01 1.916922e+02
    endloop
  endfacet
  facet normal 0.000000e+00 -1.000000e+00 0.000000e+00
    outer loop
      vertex   8.803506e+01 9.096374e+01 1.917528e+02
      vertex   8.843427e+01 9.096374e+01 1.916922e+02
      vertex   8.809211e+01 9.096374e+01 1.919257e+02
    endloop
  endfacet
  facet normal 0.000000e+00 -1.000000e+00 0.000000e+00
    outer loop
      vertex   8.809211e+01 9.096374e+01 1.919257e+02
      vertex   8.843427e+01 9.096374e+01 1.916922e+02
      vertex   8.849056e+01 9.096374e+01 1.918442e+02
    endloop
  endfacet
  facet normal 0.000000e+00 -1.000000e+00 0.000000e+00
    outer loop
      vertex   8.809211e+01 9.096374e+01 1.919257e+02
      vertex   8.849056e+01 9.096374e+01 1.918442e+02
      vertex   8.816464e+01 9.096374e+01 1.920927e+02
    endloop
  endfacet
  facet normal 0.000000e+00 -1.000000e+00 0.000000e+00
    outer loop
      vertex   8.816464e+01 9.096374e+01 1.920927e+02
      vertex   8.849056e+01 9.096374e+01 1.918442e+02
      vertex   8.856194e+01 9.096374e+01 1.919897e+02
    endloop
  endfacet
  facet normal 0.000000e+00 -1.000000e+00 0.000000e+00
    outer loop
      vertex   8.816464e+01 9.096374e+01 1.920927e+02
      vertex   8.856194e+01 9.096374e+01 1.919897e+02
      vertex   8.825205e+01 9.096374e+01 1.922524e+02
    endloop
  endfacet
  facet normal 0.000000e+00 -1.000000e+00 0.000000e+00
    outer loop
      vertex   8.825205e+01 9.096374e+01 1.922524e+02
      vertex   8.856194e+01 9.096374e+01 1.919897e+02
      vertex   8.864767e+01 9.096374e+01 1.921272e+02
    endloop
  endfacet
  facet normal 0.000000e+00 -1.000000e+00 0.000000e+00
    outer loop
      vertex   8.825205e+01 9.096374e+01 1.922524e+02
      vertex   8.864767e+01 9.096374e+01 1.921272e+02
      vertex   8.835363e+01 9.096374e+01 1.924035e+02
    endloop
  endfacet
  facet normal 0.000000e+00 -1.000000e+00 0.000000e+00
    outer loop
      vertex   8.835363e+01 9.096374e+01 1.924035e+02
      vertex   8.864767e+01 9.096374e+01 1.921272e+02
      vertex   8.874688e+01 9.096374e+01 1.922554e+02
    endloop
  endfacet
  facet normal 0.000000e+00 -1.000000e+00 0.000000e+00
    outer loop
      vertex   8.835363e+01 9.096374e+01 1.924035e+02
      vertex   8.874688e+01 9.096374e+01 1.922554e+02
      vertex   8.846853e+01 9.096374e+01 1.925447e+02
    endloop
  endfacet
  facet normal 0.000000e+00 -1.000000e+00 0.000000e+00
    outer loop
      vertex   8.846853e+01 9.096374e+01 1.925447e+02
      vertex   8.874688e+01 9.096374e+01 1.922554e+02
      vertex   8.885855e+01 9.096374e+01 1.923729e+02
    endloop
  endfacet
  facet normal 0.000000e+00 -1.000000e+00 0.000000e+00
    outer loop
      vertex   8.846853e+01 9.096374e+01 1.925447e+02
      vertex   8.885855e+01 9.096374e+01 1.923729e+02
      vertex   8.859579e+01 9.096374e+01 1.926749e+02
    endloop
  endfacet
  facet normal 0.000000e+00 -1.000000e+00 0.000000e+00
    outer loop
      vertex   8.859579e+01 9.096374e+01 1.926749e+02
      vertex   8.885855e+01 9.096374e+01 1.923729e+02
      vertex   8.898152e+01 9.096374e+01 1.924784e+02
    endloop
  endfacet
  facet normal 0.000000e+00 -1.000000e+00 0.000000e+00
    outer loop
      vertex   8.859579e+01 9.096374e+01 1.926749e+02
      vertex   8.898152e+01 9.096374e+01 1.924784e+02
      vertex   8.873436e+01 9.096374e+01 1.927930e+02
    endloop
  endfacet
  facet normal 0.000000e+00 -1.000000e+00 0.000000e+00
    outer loop
      vertex   8.873436e+01 9.096374e+01 1.927930e+02
      vertex   8.898152e+01 9.096374e+01 1.924784e+02
      vertex   8.888310e+01 9.096374e+01 1.928979e+02
    endloop
  endfacet
  facet normal 0.000000e+00 -1.000000e+00 0.000000e+00
    outer loop
      vertex   8.888310e+01 9.096374e+01 1.928979e+02
      vertex   8.898152e+01 9.096374e+01 1.924784e+02
      vertex   8.911455e+01 9.096374e+01 1.925710e+02
    endloop
  endfacet
  facet normal 0.000000e+00 -1.000000e+00 0.000000e+00
    outer loop
      vertex   8.888310e+01 9.096374e+01 1.928979e+02
      vertex   8.911455e+01 9.096374e+01 1.925710e+02
      vertex   8.904076e+01 9.096374e+01 1.929890e+02
    endloop
  endfacet
  facet normal 0.000000e+00 -1.000000e+00 0.000000e+00
    outer loop
      vertex   8.904076e+01 9.096374e+01 1.929890e+02
      vertex   8.911455e+01 9.096374e+01 1.925710e+02
      vertex   8.925626e+01 9.096374e+01 1.926497e+02
    endloop
  endfacet
  facet normal 0.000000e+00 -1.000000e+00 0.000000e+00
    outer loop
      vertex   8.904076e+01 9.096374e+01 1.929890e+02
      vertex   8.925626e+01 9.096374e+01 1.926497e+02
      vertex   8.920606e+01 9.096374e+01 1.930653e+02
    endloop
  endfacet
  facet normal 0.000000e+00 -1.000000e+00 0.000000e+00
    outer loop
      vertex   8.920606e+01 9.096374e+01 1.930653e+02
      vertex   8.925626e+01 9.096374e+01 1.926497e+02
      vertex   8.940521e+01 9.096374e+01 1.927136e+02
    endloop
  endfacet
  facet normal 0.000000e+00 -1.000000e+00 0.000000e+00
    outer loop
      vertex   8.920606e+01 9.096374e+01 1.930653e+02
      vertex   8.940521e+01 9.096374e+01 1.927136e+02
      vertex   8.937760e+01 9.096374e+01 1.931263e+02
    endloop
  endfacet
  facet normal 0.000000e+00 -1.000000e+00 0.000000e+00
    outer loop
      vertex   8.937760e+01 9.096374e+01 1.931263e+02
      vertex   8.940521e+01 9.096374e+01 1.927136e+02
      vertex   8.955985e+01 9.096374e+01 1.927621e+02
    endloop
  endfacet
  facet normal 0.000000e+00 -1.000000e+00 0.000000e+00
    outer loop
      vertex   8.937760e+01 9.096374e+01 1.931263e+02
      vertex   8.955985e+01 9.096374e+01 1.927621e+02
      vertex   8.955398e+01 9.096374e+01 1.931714e+02
    endloop
  endfacet
  facet normal 0.000000e+00 -1.000000e+00 0.000000e+00
    outer loop
      vertex   8.955398e+01 9.096374e+01 1.931714e+02
      vertex   8.955985e+01 9.096374e+01 1.927621e+02
      vertex   8.971861e+01 9.096374e+01 1.927948e+02
    endloop
  endfacet
  facet normal 0.000000e+00 -1.000000e+00 0.000000e+00
    outer loop
      vertex   8.955398e+01 9.096374e+01 1.931714e+02
      vertex   8.971861e+01 9.096374e+01 1.927948e+02
      vertex   8.973373e+01 9.096374e+01 1.932003e+02
    endloop
  endfacet
  facet normal 0.000000e+00 -1.000000e+00 -0.000000e+00
    outer loop
      vertex   8.973373e+01 9.096374e+01 1.932003e+02
      vertex   8.971861e+01 9.096374e+01 1.927948e+02
      vertex   8.987985e+01 9.096374e+01 1.928112e+02
    endloop
  endfacet
  facet normal 0.000000e+00 -1.000000e+00 0.000000e+00
    outer loop
      vertex   8.973373e+01 9.096374e+01 1.932003e+02
      vertex   8.987985e+01 9.096374e+01 1.928112e+02
      vertex   8.991537e+01 9.096374e+01 1.932127e+02
    endloop
  endfacet
  facet normal 0.000000e+00 -1.000000e+00 -0.000000e+00
    outer loop
      vertex   8.991537e+01 9.096374e+01 1.932127e+02
      vertex   8.987985e+01 9.096374e+01 1.928112e+02
      vertex   9.004193e+01 9.096374e+01 1.928112e+02
    endloop
  endfacet
  facet normal 0.000000e+00 -1.000000e+00 0.000000e+00
    outer loop
      vertex   8.991537e+01 9.096374e+01 1.932127e+02
      vertex   9.004193e+01 9.096374e+01 1.928112e+02
      vertex   9.009738e+01 9.096374e+01 1.932085e+02
    endloop
  endfacet
  facet normal 0.000000e+00 -1.000000e+00 -0.000000e+00
    outer loop
      vertex   9.009738e+01 9.096374e+01 1.932085e+02
      vertex   9.004193e+01 9.096374e+01 1.928112e+02
      vertex   9.020318e+01 9.096374e+01 1.927948e+02
    endloop
  endfacet
  facet normal 0.000000e+00 -1.000000e+00 0.000000e+00
    outer loop
      vertex   9.009738e+01 9.096374e+01 1.932085e+02
      vertex   9.020318e+01 9.096374e+01 1.927948e+02
      vertex   9.027826e+01 9.096374e+01 1.931879e+02
    endloop
  endfacet
  facet normal 0.000000e+00 -1.000000e+00 -0.000000e+00
    outer loop
      vertex   9.027826e+01 9.096374e+01 1.931879e+02
      vertex   9.020318e+01 9.096374e+01 1.927948e+02
      vertex   9.036194e+01 9.096374e+01 1.927621e+02
    endloop
  endfacet
  facet normal 0.000000e+00 -1.000000e+00 0.000000e+00
    outer loop
      vertex   9.027826e+01 9.096374e+01 1.931879e+02
      vertex   9.036194e+01 9.096374e+01 1.927621e+02
      vertex   9.045651e+01 9.096374e+01 1.931508e+02
    endloop
  endfacet
  facet normal 0.000000e+00 -1.000000e+00 -0.000000e+00
    outer loop
      vertex   9.045651e+01 9.096374e+01 1.931508e+02
      vertex   9.036194e+01 9.096374e+01 1.927621e+02
      vertex   9.063065e+01 9.096374e+01 1.930977e+02
    endloop
  endfacet
  facet normal 0.000000e+00 -1.000000e+00 0.000000e+00
    outer loop
      vertex   9.063065e+01 9.096374e+01 1.930977e+02
      vertex   9.036194e+01 9.096374e+01 1.927621e+02
      vertex   9.051658e+01 9.096374e+01 1.927136e+02
    endloop
  endfacet
  facet normal 0.000000e+00 -1.000000e+00 -0.000000e+00
    outer loop
      vertex   9.063065e+01 9.096374e+01 1.930977e+02
      vertex   9.051658e+01 9.096374e+01 1.927136e+02
      vertex   9.079925e+01 9.096374e+01 1.930290e+02
    endloop
  endfacet
  facet normal 0.000000e+00 -1.000000e+00 0.000000e+00
    outer loop
      vertex   9.079925e+01 9.096374e+01 1.930290e+02
      vertex   9.051658e+01 9.096374e+01 1.927136e+02
      vertex   9.066552e+01 9.096374e+01 1.926497e+02
    endloop
  endfacet
  facet normal 0.000000e+00 -1.000000e+00 -0.000000e+00
    outer loop
      vertex   9.079925e+01 9.096374e+01 1.930290e+02
      vertex   9.066552e+01 9.096374e+01 1.926497e+02
      vertex   9.096089e+01 9.096374e+01 1.929453e+02
    endloop
  endfacet
  facet normal 0.000000e+00 -1.000000e+00 0.000000e+00
    outer loop
      vertex   9.096089e+01 9.096374e+01 1.929453e+02
      vertex   9.066552e+01 9.096374e+01 1.926497e+02
      vertex   9.080724e+01 9.096374e+01 1.925710e+02
    endloop
  endfacet
  facet normal 0.000000e+00 -1.000000e+00 -0.000000e+00
    outer loop
      vertex   9.096089e+01 9.096374e+01 1.929453e+02
      vertex   9.080724e+01 9.096374e+01 1.925710e+02
      vertex   9.111425e+01 9.096374e+01 1.928471e+02
    endloop
  endfacet
  facet normal 0.000000e+00 -1.000000e+00 0.000000e+00
    outer loop
      vertex   9.111425e+01 9.096374e+01 1.928471e+02
      vertex   9.080724e+01 9.096374e+01 1.925710e+02
      vertex   9.094026e+01 9.096374e+01 1.924784e+02
    endloop
  endfacet
  facet normal 0.000000e+00 -1.000000e+00 -0.000000e+00
    outer loop
      vertex   9.111425e+01 9.096374e+01 1.928471e+02
      vertex   9.094026e+01 9.096374e+01 1.924784e+02
      vertex   9.125806e+01 9.096374e+01 1.927355e+02
    endloop
  endfacet
  facet normal 0.000000e+00 -1.000000e+00 0.000000e+00
    outer loop
      vertex   9.125806e+01 9.096374e+01 1.927355e+02
      vertex   9.094026e+01 9.096374e+01 1.924784e+02
      vertex   9.106324e+01 9.096374e+01 1.923729e+02
    endloop
  endfacet
  facet normal 0.000000e+00 -1.000000e+00 -0.000000e+00
    outer loop
      vertex   9.125806e+01 9.096374e+01 1.927355e+02
      vertex   9.106324e+01 9.096374e+01 1.923729e+02
      vertex   9.139111e+01 9.096374e+01 1.926112e+02
    endloop
  endfacet
  facet normal 0.000000e+00 -1.000000e+00 0.000000e+00
    outer loop
      vertex   9.139111e+01 9.096374e+01 1.926112e+02
      vertex   9.106324e+01 9.096374e+01 1.923729e+02
      vertex   9.117491e+01 9.096374e+01 1.922554e+02
    endloop
  endfacet
  facet normal 0.000000e+00 -1.000000e+00 -0.000000e+00
    outer loop
      vertex   9.139111e+01 9.096374e+01 1.926112e+02
      vertex   9.117491e+01 9.096374e+01 1.922554e+02
      vertex   9.151232e+01 9.096374e+01 1.924754e+02
    endloop
  endfacet
  facet normal 0.000000e+00 -1.000000e+00 0.000000e+00
    outer loop
      vertex   9.151232e+01 9.096374e+01 1.924754e+02
      vertex   9.117491e+01 9.096374e+01 1.922554e+02
      vertex   9.127411e+01 9.096374e+01 1.921272e+02
    endloop
  endfacet
  facet normal 0.000000e+00 -1.000000e+00 -0.000000e+00
    outer loop
      vertex   9.151232e+01 9.096374e+01 1.924754e+02
      vertex   9.127411e+01 9.096374e+01 1.921272e+02
      vertex   9.162066e+01 9.096374e+01 1.923291e+02
    endloop
  endfacet
  facet normal 0.000000e+00 -1.000000e+00 0.000000e+00
    outer loop
      vertex   9.162066e+01 9.096374e+01 1.923291e+02
      vertex   9.127411e+01 9.096374e+01 1.921272e+02
      vertex   9.135985e+01 9.096374e+01 1.919897e+02
    endloop
  endfacet
  facet normal 0.000000e+00 -1.000000e+00 -0.000000e+00
    outer loop
      vertex   9.162066e+01 9.096374e+01 1.923291e+02
      vertex   9.135985e+01 9.096374e+01 1.919897e+02
      vertex   9.171526e+01 9.096374e+01 1.921735e+02
    endloop
  endfacet
  facet normal 0.000000e+00 -1.000000e+00 0.000000e+00
    outer loop
      vertex   9.171526e+01 9.096374e+01 1.921735e+02
      vertex   9.135985e+01 9.096374e+01 1.919897e+02
      vertex   9.143123e+01 9.096374e+01 1.918442e+02
    endloop
  endfacet
  facet normal 0.000000e+00 -1.000000e+00 -0.000000e+00
    outer loop
      vertex   9.171526e+01 9.096374e+01 1.921735e+02
      vertex   9.143123e+01 9.096374e+01 1.918442e+02
      vertex   9.179532e+01 9.096374e+01 1.920100e+02
    endloop
  endfacet
  facet normal 0.000000e+00 -1.000000e+00 -0.000000e+00
    outer loop
      vertex   9.179532e+01 9.096374e+01 1.920100e+02
      vertex   9.143123e+01 9.096374e+01 1.918442e+02
      vertex   9.186017e+01 9.096374e+01 1.918399e+02
    endloop
  endfacet
  facet normal -0.000000e+00 -1.000000e+00 0.000000e+00
    outer loop
      vertex   9.186017e+01 9.096374e+01 1.918399e+02
      vertex   9.143123e+01 9.096374e+01 1.918442e+02
      vertex   9.148752e+01 9.096374e+01 1.916922e+02
    endloop
  endfacet
  facet normal 0.000000e+00 -1.000000e+00 -0.000000e+00
    outer loop
      vertex   9.186017e+01 9.096374e+01 1.918399e+02
      vertex   9.148752e+01 9.096374e+01 1.916922e+02
      vertex   9.190929e+01 9.096374e+01 1.916646e+02
    endloop
  endfacet
  facet normal -0.000000e+00 -1.000000e+00 0.000000e+00
    outer loop
      vertex   9.190929e+01 9.096374e+01 1.916646e+02
      vertex   9.148752e+01 9.096374e+01 1.916922e+02
      vertex   9.152814e+01 9.096374e+01 1.915353e+02
    endloop
  endfacet
  facet normal 0.000000e+00 -1.000000e+00 -0.000000e+00
    outer loop
      vertex   9.190929e+01 9.096374e+01 1.916646e+02
      vertex   9.152814e+01 9.096374e+01 1.915353e+02
      vertex   9.194227e+01 9.096374e+01 1.914855e+02
    endloop
  endfacet
  facet normal -0.000000e+00 -1.000000e+00 0.000000e+00
    outer loop
      vertex   9.194227e+01 9.096374e+01 1.914855e+02
      vertex   9.152814e+01 9.096374e+01 1.915353e+02
      vertex   9.155268e+01 9.096374e+01 1.913751e+02
    endloop
  endfacet
  facet normal 0.000000e+00 -1.000000e+00 -0.000000e+00
    outer loop
      vertex   9.194227e+01 9.096374e+01 1.914855e+02
      vertex   9.155268e+01 9.096374e+01 1.913751e+02
      vertex   9.195882e+01 9.096374e+01 1.913042e+02
    endloop
  endfacet
  facet normal -0.000000e+00 -1.000000e+00 0.000000e+00
    outer loop
      vertex   9.195882e+01 9.096374e+01 1.913042e+02
      vertex   9.155268e+01 9.096374e+01 1.913751e+02
      vertex   9.156089e+01 9.096374e+01 1.912132e+02
    endloop
  endfacet
  facet normal 0.000000e+00 -1.000000e+00 -0.000000e+00
    outer loop
      vertex   9.195882e+01 9.096374e+01 1.913042e+02
      vertex   9.156089e+01 9.096374e+01 1.912132e+02
      vertex   9.195882e+01 9.096374e+01 1.911222e+02
    endloop
  endfacet
  facet normal -0.000000e+00 -1.000000e+00 0.000000e+00
    outer loop
      vertex   9.195882e+01 9.096374e+01 1.911222e+02
      vertex   9.156089e+01 9.096374e+01 1.912132e+02
      vertex   9.155268e+01 9.096374e+01 1.910513e+02
    endloop
  endfacet
  facet normal 0.000000e+00 -1.000000e+00 0.000000e+00
    outer loop
      vertex   9.195882e+01 9.096374e+01 1.911222e+02
      vertex   9.155268e+01 9.096374e+01 1.910513e+02
      vertex   9.194227e+01 9.096374e+01 1.909409e+02
    endloop
  endfacet
  facet normal -0.000000e+00 -1.000000e+00 0.000000e+00
    outer loop
      vertex   9.194227e+01 9.096374e+01 1.909409e+02
      vertex   9.155268e+01 9.096374e+01 1.910513e+02
      vertex   9.152814e+01 9.096374e+01 1.908911e+02
    endloop
  endfacet
  facet normal 0.000000e+00 -1.000000e+00 0.000000e+00
    outer loop
      vertex   9.194227e+01 9.096374e+01 1.909409e+02
      vertex   9.152814e+01 9.096374e+01 1.908911e+02
      vertex   9.190929e+01 9.096374e+01 1.907618e+02
    endloop
  endfacet
  facet normal -0.000000e+00 -1.000000e+00 0.000000e+00
    outer loop
      vertex   9.190929e+01 9.096374e+01 1.907618e+02
      vertex   9.152814e+01 9.096374e+01 1.908911e+02
      vertex   9.148752e+01 9.096374e+01 1.907342e+02
    endloop
  endfacet
  facet normal 0.000000e+00 -1.000000e+00 0.000000e+00
    outer loop
      vertex   9.190929e+01 9.096374e+01 1.907618e+02
      vertex   9.148752e+01 9.096374e+01 1.907342e+02
      vertex   9.186017e+01 9.096374e+01 1.905865e+02
    endloop
  endfacet
  facet normal -0.000000e+00 -1.000000e+00 0.000000e+00
    outer loop
      vertex   9.186017e+01 9.096374e+01 1.905865e+02
      vertex   9.148752e+01 9.096374e+01 1.907342e+02
      vertex   9.143123e+01 9.096374e+01 1.905822e+02
    endloop
  endfacet
  facet normal 0.000000e+00 -1.000000e+00 0.000000e+00
    outer loop
      vertex   9.186017e+01 9.096374e+01 1.905865e+02
      vertex   9.143123e+01 9.096374e+01 1.905822e+02
      vertex   9.179532e+01 9.096374e+01 1.904164e+02
    endloop
  endfacet
  facet normal -0.000000e+00 -1.000000e+00 0.000000e+00
    outer loop
      vertex   9.179532e+01 9.096374e+01 1.904164e+02
      vertex   9.143123e+01 9.096374e+01 1.905822e+02
      vertex   9.171526e+01 9.096374e+01 1.902529e+02
    endloop
  endfacet
  facet normal 0.000000e+00 -1.000000e+00 0.000000e+00
    outer loop
      vertex   9.171526e+01 9.096374e+01 1.902529e+02
      vertex   9.143123e+01 9.096374e+01 1.905822e+02
      vertex   9.135985e+01 9.096374e+01 1.904367e+02
    endloop
  endfacet
  facet normal -0.000000e+00 -1.000000e+00 0.000000e+00
    outer loop
      vertex   9.171526e+01 9.096374e+01 1.902529e+02
      vertex   9.135985e+01 9.096374e+01 1.904367e+02
      vertex   9.162066e+01 9.096374e+01 1.900973e+02
    endloop
  endfacet
  facet normal 0.000000e+00 -1.000000e+00 0.000000e+00
    outer loop
      vertex   9.162066e+01 9.096374e+01 1.900973e+02
      vertex   9.135985e+01 9.096374e+01 1.904367e+02
      vertex   9.127411e+01 9.096374e+01 1.902992e+02
    endloop
  endfacet
  facet normal -0.000000e+00 -1.000000e+00 0.000000e+00
    outer loop
      vertex   9.162066e+01 9.096374e+01 1.900973e+02
      vertex   9.127411e+01 9.096374e+01 1.902992e+02
      vertex   9.151232e+01 9.096374e+01 1.899510e+02
    endloop
  endfacet
  facet normal 0.000000e+00 -1.000000e+00 0.000000e+00
    outer loop
      vertex   9.151232e+01 9.096374e+01 1.899510e+02
      vertex   9.127411e+01 9.096374e+01 1.902992e+02
      vertex   9.117491e+01 9.096374e+01 1.901710e+02
    endloop
  endfacet
  facet normal -0.000000e+00 -1.000000e+00 0.000000e+00
    outer loop
      vertex   9.151232e+01 9.096374e+01 1.899510e+02
      vertex   9.117491e+01 9.096374e+01 1.901710e+02
      vertex   9.139111e+01 9.096374e+01 1.898152e+02
    endloop
  endfacet
  facet normal 0.000000e+00 -1.000000e+00 0.000000e+00
    outer loop
      vertex   9.139111e+01 9.096374e+01 1.898152e+02
      vertex   9.117491e+01 9.096374e+01 1.901710e+02
      vertex   9.106324e+01 9.096374e+01 1.900535e+02
    endloop
  endfacet
  facet normal -0.000000e+00 -1.000000e+00 0.000000e+00
    outer loop
      vertex   9.139111e+01 9.096374e+01 1.898152e+02
      vertex   9.106324e+01 9.096374e+01 1.900535e+02
      vertex   9.125806e+01 9.096374e+01 1.896909e+02
    endloop
  endfacet
  facet normal 0.000000e+00 -1.000000e+00 0.000000e+00
    outer loop
      vertex   9.125806e+01 9.096374e+01 1.896909e+02
      vertex   9.106324e+01 9.096374e+01 1.900535e+02
      vertex   9.094026e+01 9.096374e+01 1.899480e+02
    endloop
  endfacet
  facet normal -0.000000e+00 -1.000000e+00 0.000000e+00
    outer loop
      vertex   9.125806e+01 9.096374e+01 1.896909e+02
      vertex   9.094026e+01 9.096374e+01 1.899480e+02
      vertex   9.111425e+01 9.096374e+01 1.895793e+02
    endloop
  endfacet
  facet normal 0.000000e+00 -1.000000e+00 0.000000e+00
    outer loop
      vertex   9.111425e+01 9.096374e+01 1.895793e+02
      vertex   9.094026e+01 9.096374e+01 1.899480e+02
      vertex   9.080724e+01 9.096374e+01 1.898554e+02
    endloop
  endfacet
  facet normal -0.000000e+00 -1.000000e+00 0.000000e+00
    outer loop
      vertex   9.111425e+01 9.096374e+01 1.895793e+02
      vertex   9.080724e+01 9.096374e+01 1.898554e+02
      vertex   9.096089e+01 9.096374e+01 1.894812e+02
    endloop
  endfacet
  facet normal 0.000000e+00 -1.000000e+00 0.000000e+00
    outer loop
      vertex   9.096089e+01 9.096374e+01 1.894812e+02
      vertex   9.080724e+01 9.096374e+01 1.898554e+02
      vertex   9.066552e+01 9.096374e+01 1.897767e+02
    endloop
  endfacet
  facet normal -0.000000e+00 -1.000000e+00 0.000000e+00
    outer loop
      vertex   9.096089e+01 9.096374e+01 1.894812e+02
      vertex   9.066552e+01 9.096374e+01 1.897767e+02
      vertex   9.079925e+01 9.096374e+01 1.893974e+02
    endloop
  endfacet
  facet normal 0.000000e+00 -1.000000e+00 0.000000e+00
    outer loop
      vertex   9.079925e+01 9.096374e+01 1.893974e+02
      vertex   9.066552e+01 9.096374e+01 1.897767e+02
      vertex   9.051658e+01 9.096374e+01 1.897128e+02
    endloop
  endfacet
  facet normal -0.000000e+00 -1.000000e+00 0.000000e+00
    outer loop
      vertex   9.079925e+01 9.096374e+01 1.893974e+02
      vertex   9.051658e+01 9.096374e+01 1.897128e+02
      vertex   9.063065e+01 9.096374e+01 1.893287e+02
    endloop
  endfacet
  facet normal 0.000000e+00 -1.000000e+00 0.000000e+00
    outer loop
      vertex   9.063065e+01 9.096374e+01 1.893287e+02
      vertex   9.051658e+01 9.096374e+01 1.897128e+02
      vertex   9.036194e+01 9.096374e+01 1.896643e+02
    endloop
  endfacet
  facet normal -0.000000e+00 -1.000000e+00 0.000000e+00
    outer loop
      vertex   9.063065e+01 9.096374e+01 1.893287e+02
      vertex   9.036194e+01 9.096374e+01 1.896643e+02
      vertex   9.045651e+01 9.096374e+01 1.892756e+02
    endloop
  endfacet
  facet normal -0.000000e+00 -1.000000e+00 0.000000e+00
    outer loop
      vertex   9.045651e+01 9.096374e+01 1.892756e+02
      vertex   9.036194e+01 9.096374e+01 1.896643e+02
      vertex   9.027826e+01 9.096374e+01 1.892385e+02
    endloop
  endfacet
  facet normal 0.000000e+00 -1.000000e+00 0.000000e+00
    outer loop
      vertex   9.027826e+01 9.096374e+01 1.892385e+02
      vertex   9.036194e+01 9.096374e+01 1.896643e+02
      vertex   9.020318e+01 9.096374e+01 1.896317e+02
    endloop
  endfacet
  facet normal -0.000000e+00 -1.000000e+00 0.000000e+00
    outer loop
      vertex   9.027826e+01 9.096374e+01 1.892385e+02
      vertex   9.020318e+01 9.096374e+01 1.896317e+02
      vertex   9.009738e+01 9.096374e+01 1.892179e+02
    endloop
  endfacet
  facet normal 0.000000e+00 -1.000000e+00 0.000000e+00
    outer loop
      vertex   9.009738e+01 9.096374e+01 1.892179e+02
      vertex   9.020318e+01 9.096374e+01 1.896317e+02
      vertex   9.004193e+01 9.096374e+01 1.896153e+02
    endloop
  endfacet
  facet normal -0.000000e+00 -1.000000e+00 0.000000e+00
    outer loop
      vertex   9.009738e+01 9.096374e+01 1.892179e+02
      vertex   9.004193e+01 9.096374e+01 1.896153e+02
      vertex   8.991537e+01 9.096374e+01 1.892137e+02
    endloop
  endfacet
  facet normal 0.000000e+00 -1.000000e+00 0.000000e+00
    outer loop
      vertex   8.991537e+01 9.096374e+01 1.892137e+02
      vertex   9.004193e+01 9.096374e+01 1.896153e+02
      vertex   8.987985e+01 9.096374e+01 1.896153e+02
    endloop
  endfacet
  facet normal 0.000000e+00 -1.000000e+00 0.000000e+00
    outer loop
      vertex   8.991537e+01 9.096374e+01 1.892137e+02
      vertex   8.987985e+01 9.096374e+01 1.896153e+02
      vertex   8.973373e+01 9.096374e+01 1.892262e+02
    endloop
  endfacet
  facet normal 0.000000e+00 -1.000000e+00 0.000000e+00
    outer loop
      vertex   8.973373e+01 9.096374e+01 1.892262e+02
      vertex   8.987985e+01 9.096374e+01 1.896153e+02
      vertex   8.971861e+01 9.096374e+01 1.896317e+02
    endloop
  endfacet
  facet normal 0.000000e+00 -1.000000e+00 0.000000e+00
    outer loop
      vertex   8.973373e+01 9.096374e+01 1.892262e+02
      vertex   8.971861e+01 9.096374e+01 1.896317e+02
      vertex   8.955398e+01 9.096374e+01 1.892550e+02
    endloop
  endfacet
  facet normal 0.000000e+00 -1.000000e+00 0.000000e+00
    outer loop
      vertex   8.955398e+01 9.096374e+01 1.892550e+02
      vertex   8.971861e+01 9.096374e+01 1.896317e+02
      vertex   8.955985e+01 9.096374e+01 1.896643e+02
    endloop
  endfacet
  facet normal 0.000000e+00 -1.000000e+00 0.000000e+00
    outer loop
      vertex   8.955398e+01 9.096374e+01 1.892550e+02
      vertex   8.955985e+01 9.096374e+01 1.896643e+02
      vertex   8.937760e+01 9.096374e+01 1.893002e+02
    endloop
  endfacet
  facet normal 0.000000e+00 -1.000000e+00 0.000000e+00
    outer loop
      vertex   8.937760e+01 9.096374e+01 1.893002e+02
      vertex   8.955985e+01 9.096374e+01 1.896643e+02
      vertex   8.940521e+01 9.096374e+01 1.897128e+02
    endloop
  endfacet
  facet normal 0.000000e+00 -1.000000e+00 0.000000e+00
    outer loop
      vertex   8.937760e+01 9.096374e+01 1.893002e+02
      vertex   8.940521e+01 9.096374e+01 1.897128e+02
      vertex   8.920606e+01 9.096374e+01 1.893611e+02
    endloop
  endfacet
  facet normal 0.000000e+00 -1.000000e+00 0.000000e+00
    outer loop
      vertex   8.920606e+01 9.096374e+01 1.893611e+02
      vertex   8.940521e+01 9.096374e+01 1.897128e+02
      vertex   8.925626e+01 9.096374e+01 1.897767e+02
    endloop
  endfacet
  facet normal 0.000000e+00 -1.000000e+00 0.000000e+00
    outer loop
      vertex   8.920606e+01 9.096374e+01 1.893611e+02
      vertex   8.925626e+01 9.096374e+01 1.897767e+02
      vertex   8.904076e+01 9.096374e+01 1.894374e+02
    endloop
  endfacet
  facet normal 0.000000e+00 -1.000000e+00 0.000000e+00
    outer loop
      vertex   8.904076e+01 9.096374e+01 1.894374e+02
      vertex   8.925626e+01 9.096374e+01 1.897767e+02
      vertex   8.911455e+01 9.096374e+01 1.898554e+02
    endloop
  endfacet
  facet normal 0.000000e+00 -1.000000e+00 0.000000e+00
    outer loop
      vertex   8.904076e+01 9.096374e+01 1.894374e+02
      vertex   8.911455e+01 9.096374e+01 1.898554e+02
      vertex   8.888310e+01 9.096374e+01 1.895285e+02
    endloop
  endfacet
  facet normal 0.000000e+00 -1.000000e+00 0.000000e+00
    outer loop
      vertex   8.888310e+01 9.096374e+01 1.895285e+02
      vertex   8.911455e+01 9.096374e+01 1.898554e+02
      vertex   8.898152e+01 9.096374e+01 1.899480e+02
    endloop
  endfacet
  facet normal 0.000000e+00 -1.000000e+00 0.000000e+00
    outer loop
      vertex   8.888310e+01 9.096374e+01 1.895285e+02
      vertex   8.898152e+01 9.096374e+01 1.899480e+02
      vertex   8.873436e+01 9.096374e+01 1.896335e+02
    endloop
  endfacet
  facet normal 0.000000e+00 -1.000000e+00 0.000000e+00
    outer loop
      vertex   8.873436e+01 9.096374e+01 1.896335e+02
      vertex   8.898152e+01 9.096374e+01 1.899480e+02
      vertex   8.859579e+01 9.096374e+01 1.897515e+02
    endloop
  endfacet
  facet normal 0.000000e+00 -1.000000e+00 0.000000e+00
    outer loop
      vertex   8.859579e+01 9.096374e+01 1.897515e+02
      vertex   8.898152e+01 9.096374e+01 1.899480e+02
      vertex   8.885855e+01 9.096374e+01 1.900535e+02
    endloop
  endfacet
  facet normal 0.000000e+00 -1.000000e+00 0.000000e+00
    outer loop
      vertex   8.859579e+01 9.096374e+01 1.897515e+02
      vertex   8.885855e+01 9.096374e+01 1.900535e+02
      vertex   8.846853e+01 9.096374e+01 1.898817e+02
    endloop
  endfacet
  facet normal 0.000000e+00 -1.000000e+00 0.000000e+00
    outer loop
      vertex   8.846853e+01 9.096374e+01 1.898817e+02
      vertex   8.885855e+01 9.096374e+01 1.900535e+02
      vertex   8.874688e+01 9.096374e+01 1.901710e+02
    endloop
  endfacet
  facet normal 0.000000e+00 -1.000000e+00 0.000000e+00
    outer loop
      vertex   8.846853e+01 9.096374e+01 1.898817e+02
      vertex   8.874688e+01 9.096374e+01 1.901710e+02
      vertex   8.835363e+01 9.096374e+01 1.900230e+02
    endloop
  endfacet
  facet normal 0.000000e+00 -1.000000e+00 0.000000e+00
    outer loop
      vertex   8.835363e+01 9.096374e+01 1.900230e+02
      vertex   8.874688e+01 9.096374e+01 1.901710e+02
      vertex   8.864767e+01 9.096374e+01 1.902992e+02
    endloop
  endfacet
  facet normal 0.000000e+00 -1.000000e+00 0.000000e+00
    outer loop
      vertex   8.835363e+01 9.096374e+01 1.900230e+02
      vertex   8.864767e+01 9.096374e+01 1.902992e+02
      vertex   8.825205e+01 9.096374e+01 1.901740e+02
    endloop
  endfacet
  facet normal 0.000000e+00 -1.000000e+00 0.000000e+00
    outer loop
      vertex   8.825205e+01 9.096374e+01 1.901740e+02
      vertex   8.864767e+01 9.096374e+01 1.902992e+02
      vertex   8.856194e+01 9.096374e+01 1.904367e+02
    endloop
  endfacet
  facet normal 0.000000e+00 -1.000000e+00 0.000000e+00
    outer loop
      vertex   8.825205e+01 9.096374e+01 1.901740e+02
      vertex   8.856194e+01 9.096374e+01 1.904367e+02
      vertex   8.816464e+01 9.096374e+01 1.903337e+02
    endloop
  endfacet
  facet normal 0.000000e+00 -1.000000e+00 0.000000e+00
    outer loop
      vertex   8.816464e+01 9.096374e+01 1.903337e+02
      vertex   8.856194e+01 9.096374e+01 1.904367e+02
      vertex   8.849056e+01 9.096374e+01 1.905822e+02
    endloop
  endfacet
  facet normal 0.000000e+00 -1.000000e+00 0.000000e+00
    outer loop
      vertex   8.816464e+01 9.096374e+01 1.903337e+02
      vertex   8.849056e+01 9.096374e+01 1.905822e+02
      vertex   8.809211e+01 9.096374e+01 1.905007e+02
    endloop
  endfacet
  facet normal 0.000000e+00 -1.000000e+00 0.000000e+00
    outer loop
      vertex   8.809211e+01 9.096374e+01 1.905007e+02
      vertex   8.849056e+01 9.096374e+01 1.905822e+02
      vertex   8.843427e+01 9.096374e+01 1.907342e+02
    endloop
  endfacet
  facet normal 0.000000e+00 -1.000000e+00 0.000000e+00
    outer loop
      vertex   8.809211e+01 9.096374e+01 1.905007e+02
      vertex   8.843427e+01 9.096374e+01 1.907342e+02
      vertex   8.803506e+01 9.096374e+01 1.906736e+02
    endloop
  endfacet
  facet normal 0.000000e+00 -1.000000e+00 0.000000e+00
    outer loop
      vertex   8.803506e+01 9.096374e+01 1.906736e+02
      vertex   8.843427e+01 9.096374e+01 1.907342e+02
      vertex   8.839365e+01 9.096374e+01 1.908911e+02
    endloop
  endfacet
  facet normal 0.000000e+00 -1.000000e+00 0.000000e+00
    outer loop
      vertex   8.803506e+01 9.096374e+01 1.906736e+02
      vertex   8.839365e+01 9.096374e+01 1.908911e+02
      vertex   8.799397e+01 9.096374e+01 1.908510e+02
    endloop
  endfacet
  facet normal 0.000000e+00 -1.000000e+00 0.000000e+00
    outer loop
      vertex   8.799397e+01 9.096374e+01 1.908510e+02
      vertex   8.839365e+01 9.096374e+01 1.908911e+02
      vertex   8.836910e+01 9.096374e+01 1.910513e+02
    endloop
  endfacet
  facet normal 0.000000e+00 -1.000000e+00 0.000000e+00
    outer loop
      vertex   8.799397e+01 9.096374e+01 1.908510e+02
      vertex   8.836910e+01 9.096374e+01 1.910513e+02
      vertex   8.796918e+01 9.096374e+01 1.910313e+02
    endloop
  endfacet
  facet normal 0.000000e+00 -1.000000e+00 0.000000e+00
    outer loop
      vertex   8.796918e+01 9.096374e+01 1.910313e+02
      vertex   8.836910e+01 9.096374e+01 1.910513e+02
      vertex   8.836089e+01 9.096374e+01 1.912132e+02
    endloop
  endfacet
  facet normal 0.000000e+00 1.000000e+00 -3.552714e-15
    outer loop
      vertex   8.596089e+01 9.396374e+01 1.782132e+02
      vertex   9.396089e+01 9.396374e+01 1.862132e+02
      vertex   9.396089e+01 9.396374e+01 1.782132e+02
    endloop
  endfacet
  facet normal 3.197442e-14 1.000000e+00 -3.552714e-15
    outer loop
      vertex   9.396089e+01 9.396374e+01 1.782132e+02
      vertex   9.396089e+01 9.396374e+01 1.862132e+02
      vertex   9.496089e+01 9.396374e+01 1.872132e+02
    endloop
  endfacet
  facet normal -0.000000e+00 1.000000e+00 0.000000e+00
    outer loop
      vertex   9.396089e+01 9.396374e+01 1.782132e+02
      vertex   9.496089e+01 9.396374e+01 1.872132e+02
      vertex   9.496089e+01 9.396374e+01 1.772132e+02
    endloop
  endfacet
  facet normal 0.000000e+00 1.000000e+00 0.000000e+00
    outer loop
      vertex   8.496089e+01 9.396374e+01 1.772132e+02
      vertex   8.496089e+01 9.396374e+01 1.872132e+02
      vertex   8.596089e+01 9.396374e+01 1.782132e+02
    endloop
  endfacet
  facet normal -3.197442e-14 1.000000e+00 -3.552714e-15
    outer loop
      vertex   8.596089e+01 9.396374e+01 1.782132e+02
      vertex   8.496089e+01 9.396374e+01 1.872132e+02
      vertex   8.596089e+01 9.396374e+01 1.862132e+02
    endloop
  endfacet
  facet normal 0.000000e+00 1.000000e+00 -3.552714e-15
    outer loop
      vertex   8.596089e+01 9.396374e+01 1.782132e+02
      vertex   8.596089e+01 9.396374e+01 1.862132e+02
      vertex   9.396089e+01 9.396374e+01 1.862132e+02
    endloop
  endfacet
  facet normal 0.000000e+00 0.000000e+00 -1.000000e+00
    outer loop
      vertex   8.596089e+01 9.796374e+01 1.602132e+02
      vertex   9.396089e+01 9.796374e+01 1.602132e+02
      vertex   8.596089e+01 8.396374e+01 1.602132e+02
    endloop
  endfacet
  facet normal 0.000000e+00 0.000000e+00 -1.000000e+00
    outer loop
      vertex   8.596089e+01 8.396374e+01 1.602132e+02
      vertex   9.396089e+01 9.796374e+01 1.602132e+02
      vertex   9.396089e+01 8.396374e+01 1.602132e+02
    endloop
  endfacet
  facet normal 9.987165e-01 -0.000000e+00 5.064917e-02
    outer loop
      vertex   8.836910e+01 9.096374e+01 1.910513e+02
      vertex   8.836910e+01 9.396374e+01 1.910513e+02
      vertex   8.836089e+01 9.096374e+01 1.912132e+02
    endloop
  endfacet
  facet normal 9.987165e-01 -0.000000e+00 5.064917e-02
    outer loop
      vertex   8.836089e+01 9.096374e+01 1.912132e+02
      vertex   8.836910e+01 9.396374e+01 1.910513e+02
      vertex   8.836089e+01 9.396374e+01 1.912132e+02
    endloop
  endfacet
  facet normal 9.987165e-01 0.000000e+00 -5.064917e-02
    outer loop
      vertex   8.836089e+01 9.096374e+01 1.912132e+02
      vertex   8.836089e+01 9.396374e+01 1.912132e+02
      vertex   8.836910e+01 9.096374e+01 1.913751e+02
    endloop
  endfacet
  facet normal 9.987165e-01 0.000000e+00 -5.064917e-02
    outer loop
      vertex   8.836910e+01 9.096374e+01 1.913751e+02
      vertex   8.836089e+01 9.396374e+01 1.912132e+02
      vertex   8.836910e+01 9.396374e+01 1.913751e+02
    endloop
  endfacet
  facet normal 9.884683e-01 0.000000e+00 -1.514278e-01
    outer loop
      vertex   8.836910e+01 9.096374e+01 1.913751e+02
      vertex   8.836910e+01 9.396374e+01 1.913751e+02
      vertex   8.839365e+01 9.096374e+01 1.915353e+02
    endloop
  endfacet
  facet normal 9.884683e-01 0.000000e+00 -1.514278e-01
    outer loop
      vertex   8.839365e+01 9.096374e+01 1.915353e+02
      vertex   8.836910e+01 9.396374e+01 1.913751e+02
      vertex   8.839365e+01 9.396374e+01 1.915353e+02
    endloop
  endfacet
  facet normal 9.680771e-01 0.000000e+00 -2.506525e-01
    outer loop
      vertex   8.839365e+01 9.096374e+01 1.915353e+02
      vertex   8.839365e+01 9.396374e+01 1.915353e+02
      vertex   8.843427e+01 9.096374e+01 1.916922e+02
    endloop
  endfacet
  facet normal 9.680771e-01 -4.585734e-15 -2.506525e-01
    outer loop
      vertex   8.843427e+01 9.096374e+01 1.916922e+02
      vertex   8.839365e+01 9.396374e+01 1.915353e+02
      vertex   8.843427e+01 9.396374e+01 1.916922e+02
    endloop
  endfacet
  facet normal 9.377521e-01 -4.442086e-15 -3.473053e-01
    outer loop
      vertex   8.843427e+01 9.096374e+01 1.916922e+02
      vertex   8.843427e+01 9.396374e+01 1.916922e+02
      vertex   8.849056e+01 9.096374e+01 1.918442e+02
    endloop
  endfacet
  facet normal 9.377521e-01 0.000000e+00 -3.473053e-01
    outer loop
      vertex   8.849056e+01 9.096374e+01 1.918442e+02
      vertex   8.843427e+01 9.396374e+01 1.916922e+02
      vertex   8.849056e+01 9.396374e+01 1.918442e+02
    endloop
  endfacet
  facet normal 8.978045e-01 0.000000e+00 -4.403942e-01
    outer loop
      vertex   8.849056e+01 9.096374e+01 1.918442e+02
      vertex   8.849056e+01 9.396374e+01 1.918442e+02
      vertex   8.856194e+01 9.096374e+01 1.919897e+02
    endloop
  endfacet
  facet normal 8.978045e-01 0.000000e+00 -4.403942e-01
    outer loop
      vertex   8.856194e+01 9.096374e+01 1.919897e+02
      vertex   8.849056e+01 9.396374e+01 1.918442e+02
      vertex   8.856194e+01 9.396374e+01 1.919897e+02
    endloop
  endfacet
  facet normal 8.486443e-01 0.000000e+00 -5.289640e-01
    outer loop
      vertex   8.856194e+01 9.096374e+01 1.919897e+02
      vertex   8.856194e+01 9.396374e+01 1.919897e+02
      vertex   8.864767e+01 9.096374e+01 1.921272e+02
    endloop
  endfacet
  facet normal 8.486443e-01 0.000000e+00 -5.289640e-01
    outer loop
      vertex   8.864767e+01 9.096374e+01 1.921272e+02
      vertex   8.856194e+01 9.396374e+01 1.919897e+02
      vertex   8.864767e+01 9.396374e+01 1.921272e+02
    endloop
  endfacet
  facet normal 7.907757e-01 0.000000e+00 -6.121060e-01
    outer loop
      vertex   8.864767e+01 9.096374e+01 1.921272e+02
      vertex   8.864767e+01 9.396374e+01 1.921272e+02
      vertex   8.874688e+01 9.096374e+01 1.922554e+02
    endloop
  endfacet
  facet normal 7.907757e-01 0.000000e+00 -6.121060e-01
    outer loop
      vertex   8.874688e+01 9.096374e+01 1.922554e+02
      vertex   8.864767e+01 9.396374e+01 1.921272e+02
      vertex   8.874688e+01 9.396374e+01 1.922554e+02
    endloop
  endfacet
  facet normal 7.247928e-01 0.000000e+00 -6.889669e-01
    outer loop
      vertex   8.874688e+01 9.096374e+01 1.922554e+02
      vertex   8.874688e+01 9.396374e+01 1.922554e+02
      vertex   8.885855e+01 9.096374e+01 1.923729e+02
    endloop
  endfacet
  facet normal 7.247928e-01 0.000000e+00 -6.889669e-01
    outer loop
      vertex   8.885855e+01 9.096374e+01 1.923729e+02
      vertex   8.874688e+01 9.396374e+01 1.922554e+02
      vertex   8.885855e+01 9.396374e+01 1.923729e+02
    endloop
  endfacet
  facet normal 6.513725e-01 0.000000e+00 -7.587581e-01
    outer loop
      vertex   8.885855e+01 9.096374e+01 1.923729e+02
      vertex   8.885855e+01 9.396374e+01 1.923729e+02
      vertex   8.898152e+01 9.096374e+01 1.924784e+02
    endloop
  endfacet
  facet normal 6.513725e-01 0.000000e+00 -7.587581e-01
    outer loop
      vertex   8.898152e+01 9.096374e+01 1.924784e+02
      vertex   8.885855e+01 9.396374e+01 1.923729e+02
      vertex   8.898152e+01 9.396374e+01 1.924784e+02
    endloop
  endfacet
  facet normal 5.712682e-01 0.000000e+00 -8.207634e-01
    outer loop
      vertex   8.898152e+01 9.096374e+01 1.924784e+02
      vertex   8.898152e+01 9.396374e+01 1.924784e+02
      vertex   8.911455e+01 9.096374e+01 1.925710e+02
    endloop
  endfacet
  facet normal 5.712682e-01 0.000000e+00 -8.207634e-01
    outer loop
      vertex   8.911455e+01 9.096374e+01 1.925710e+02
      vertex   8.898152e+01 9.396374e+01 1.924784e+02
      vertex   8.911455e+01 9.396374e+01 1.925710e+02
    endloop
  endfacet
  facet normal 4.853020e-01 0.000000e+00 -8.743466e-01
    outer loop
      vertex   8.911455e+01 9.096374e+01 1.925710e+02
      vertex   8.911455e+01 9.396374e+01 1.925710e+02
      vertex   8.925626e+01 9.096374e+01 1.926497e+02
    endloop
  endfacet
  facet normal 4.853020e-01 0.000000e+00 -8.743466e-01
    outer loop
      vertex   8.925626e+01 9.096374e+01 1.926497e+02
      vertex   8.911455e+01 9.396374e+01 1.925710e+02
      vertex   8.925626e+01 9.396374e+01 1.926497e+02
    endloop
  endfacet
  facet normal 3.943559e-01 0.000000e+00 -9.189578e-01
    outer loop
      vertex   8.925626e+01 9.096374e+01 1.926497e+02
      vertex   8.925626e+01 9.396374e+01 1.926497e+02
      vertex   8.940521e+01 9.096374e+01 1.927136e+02
    endloop
  endfacet
  facet normal 3.943559e-01 0.000000e+00 -9.189578e-01
    outer loop
      vertex   8.940521e+01 9.096374e+01 1.927136e+02
      vertex   8.925626e+01 9.396374e+01 1.926497e+02
      vertex   8.940521e+01 9.396374e+01 1.927136e+02
    endloop
  endfacet
  facet normal 2.993631e-01 0.000000e+00 -9.541393e-01
    outer loop
      vertex   8.940521e+01 9.096374e+01 1.927136e+02
      vertex   8.940521e+01 9.396374e+01 1.927136e+02
      vertex   8.955985e+01 9.096374e+01 1.927621e+02
    endloop
  endfacet
  facet normal 2.993631e-01 0.000000e+00 -9.541393e-01
    outer loop
      vertex   8.955985e+01 9.096374e+01 1.927621e+02
      vertex   8.940521e+01 9.396374e+01 1.927136e+02
      vertex   8.955985e+01 9.396374e+01 1.927621e+02
    endloop
  endfacet
  facet normal 2.012985e-01 0.000000e+00 -9.795299e-01
    outer loop
      vertex   8.955985e+01 9.096374e+01 1.927621e+02
      vertex   8.955985e+01 9.396374e+01 1.927621e+02
      vertex   8.971861e+01 9.096374e+01 1.927948e+02
    endloop
  endfacet
  facet normal 2.012985e-01 0.000000e+00 -9.795299e-01
    outer loop
      vertex   8.971861e+01 9.096374e+01 1.927948e+02
      vertex   8.955985e+01 9.396374e+01 1.927621e+02
      vertex   8.971861e+01 9.396374e+01 1.927948e+02
    endloop
  endfacet
  facet normal 1.011683e-01 0.000000e+00 -9.948693e-01
    outer loop
      vertex   8.971861e+01 9.096374e+01 1.927948e+02
      vertex   8.971861e+01 9.396374e+01 1.927948e+02
      vertex   8.987985e+01 9.096374e+01 1.928112e+02
    endloop
  endfacet
  facet normal 1.011683e-01 0.000000e+00 -9.948693e-01
    outer loop
      vertex   8.987985e+01 9.096374e+01 1.928112e+02
      vertex   8.971861e+01 9.396374e+01 1.927948e+02
      vertex   8.987985e+01 9.396374e+01 1.928112e+02
    endloop
  endfacet
  facet normal 0.000000e+00 0.000000e+00 -1.000000e+00
    outer loop
      vertex   8.987985e+01 9.096374e+01 1.928112e+02
      vertex   8.987985e+01 9.396374e+01 1.928112e+02
      vertex   9.004193e+01 9.096374e+01 1.928112e+02
    endloop
  endfacet
  facet normal 0.000000e+00 0.000000e+00 -1.000000e+00
    outer loop
      vertex   9.004193e+01 9.096374e+01 1.928112e+02
      vertex   8.987985e+01 9.396374e+01 1.928112e+02
      vertex   9.004193e+01 9.396374e+01 1.928112e+02
    endloop
  endfacet
  facet normal -1.011683e-01 0.000000e+00 -9.948693e-01
    outer loop
      vertex   9.004193e+01 9.096374e+01 1.928112e+02
      vertex   9.004193e+01 9.396374e+01 1.928112e+02
      vertex   9.020318e+01 9.096374e+01 1.927948e+02
    endloop
  endfacet
  facet normal -1.011683e-01 0.000000e+00 -9.948693e-01
    outer loop
      vertex   9.020318e+01 9.096374e+01 1.927948e+02
      vertex   9.004193e+01 9.396374e+01 1.928112e+02
      vertex   9.020318e+01 9.396374e+01 1.927948e+02
    endloop
  endfacet
  facet normal -2.012985e-01 0.000000e+00 -9.795299e-01
    outer loop
      vertex   9.020318e+01 9.096374e+01 1.927948e+02
      vertex   9.020318e+01 9.396374e+01 1.927948e+02
      vertex   9.036194e+01 9.096374e+01 1.927621e+02
    endloop
  endfacet
  facet normal -2.012985e-01 0.000000e+00 -9.795299e-01
    outer loop
      vertex   9.036194e+01 9.096374e+01 1.927621e+02
      vertex   9.020318e+01 9.396374e+01 1.927948e+02
      vertex   9.036194e+01 9.396374e+01 1.927621e+02
    endloop
  endfacet
  facet normal -2.993631e-01 0.000000e+00 -9.541393e-01
    outer loop
      vertex   9.036194e+01 9.096374e+01 1.927621e+02
      vertex   9.036194e+01 9.396374e+01 1.927621e+02
      vertex   9.051658e+01 9.096374e+01 1.927136e+02
    endloop
  endfacet
  facet normal -2.993631e-01 0.000000e+00 -9.541393e-01
    outer loop
      vertex   9.051658e+01 9.096374e+01 1.927136e+02
      vertex   9.036194e+01 9.396374e+01 1.927621e+02
      vertex   9.051658e+01 9.396374e+01 1.927136e+02
    endloop
  endfacet
  facet normal -3.943559e-01 0.000000e+00 -9.189578e-01
    outer loop
      vertex   9.051658e+01 9.096374e+01 1.927136e+02
      vertex   9.051658e+01 9.396374e+01 1.927136e+02
      vertex   9.066552e+01 9.096374e+01 1.926497e+02
    endloop
  endfacet
  facet normal -3.943559e-01 0.000000e+00 -9.189578e-01
    outer loop
      vertex   9.066552e+01 9.096374e+01 1.926497e+02
      vertex   9.051658e+01 9.396374e+01 1.927136e+02
      vertex   9.066552e+01 9.396374e+01 1.926497e+02
    endloop
  endfacet
  facet normal -4.853020e-01 0.000000e+00 -8.743466e-01
    outer loop
      vertex   9.066552e+01 9.096374e+01 1.926497e+02
      vertex   9.066552e+01 9.396374e+01 1.926497e+02
      vertex   9.080724e+01 9.096374e+01 1.925710e+02
    endloop
  endfacet
  facet normal -4.853020e-01 0.000000e+00 -8.743466e-01
    outer loop
      vertex   9.080724e+01 9.096374e+01 1.925710e+02
      vertex   9.066552e+01 9.396374e+01 1.926497e+02
      vertex   9.080724e+01 9.396374e+01 1.925710e+02
    endloop
  endfacet
  facet normal -5.712682e-01 0.000000e+00 -8.207634e-01
    outer loop
      vertex   9.080724e+01 9.096374e+01 1.925710e+02
      vertex   9.080724e+01 9.396374e+01 1.925710e+02
      vertex   9.094026e+01 9.096374e+01 1.924784e+02
    endloop
  endfacet
  facet normal -5.712682e-01 0.000000e+00 -8.207634e-01
    outer loop
      vertex   9.094026e+01 9.096374e+01 1.924784e+02
      vertex   9.080724e+01 9.396374e+01 1.925710e+02
      vertex   9.094026e+01 9.396374e+01 1.924784e+02
    endloop
  endfacet
  facet normal -6.513725e-01 0.000000e+00 -7.587581e-01
    outer loop
      vertex   9.094026e+01 9.096374e+01 1.924784e+02
      vertex   9.094026e+01 9.396374e+01 1.924784e+02
      vertex   9.106324e+01 9.096374e+01 1.923729e+02
    endloop
  endfacet
  facet normal -6.513725e-01 0.000000e+00 -7.587581e-01
    outer loop
      vertex   9.106324e+01 9.096374e+01 1.923729e+02
      vertex   9.094026e+01 9.396374e+01 1.924784e+02
      vertex   9.106324e+01 9.396374e+01 1.923729e+02
    endloop
  endfacet
  facet normal -7.247928e-01 0.000000e+00 -6.889669e-01
    outer loop
      vertex   9.106324e+01 9.096374e+01 1.923729e+02
      vertex   9.106324e+01 9.396374e+01 1.923729e+02
      vertex   9.117491e+01 9.096374e+01 1.922554e+02
    endloop
  endfacet
  facet normal -7.247928e-01 0.000000e+00 -6.889669e-01
    outer loop
      vertex   9.117491e+01 9.096374e+01 1.922554e+02
      vertex   9.106324e+01 9.396374e+01 1.923729e+02
      vertex   9.117491e+01 9.396374e+01 1.922554e+02
    endloop
  endfacet
  facet normal -7.907757e-01 0.000000e+00 -6.121060e-01
    outer loop
      vertex   9.117491e+01 9.096374e+01 1.922554e+02
      vertex   9.117491e+01 9.396374e+01 1.922554e+02
      vertex   9.127411e+01 9.096374e+01 1.921272e+02
    endloop
  endfacet
  facet normal -7.907757e-01 0.000000e+00 -6.121060e-01
    outer loop
      vertex   9.127411e+01 9.096374e+01 1.921272e+02
      vertex   9.117491e+01 9.396374e+01 1.922554e+02
      vertex   9.127411e+01 9.396374e+01 1.921272e+02
    endloop
  endfacet
  facet normal -8.486443e-01 0.000000e+00 -5.289640e-01
    outer loop
      vertex   9.127411e+01 9.096374e+01 1.921272e+02
      vertex   9.127411e+01 9.396374e+01 1.921272e+02
      vertex   9.135985e+01 9.096374e+01 1.919897e+02
    endloop
  endfacet
  facet normal -8.486443e-01 0.000000e+00 -5.289640e-01
    outer loop
      vertex   9.135985e+01 9.096374e+01 1.919897e+02
      vertex   9.127411e+01 9.396374e+01 1.921272e+02
      vertex   9.135985e+01 9.396374e+01 1.919897e+02
    endloop
  endfacet
  facet normal -8.978045e-01 0.000000e+00 -4.403942e-01
    outer loop
      vertex   9.135985e+01 9.096374e+01 1.919897e+02
      vertex   9.135985e+01 9.396374e+01 1.919897e+02
      vertex   9.143123e+01 9.096374e+01 1.918442e+02
    endloop
  endfacet
  facet normal -8.978045e-01 0.000000e+00 -4.403942e-01
    outer loop
      vertex   9.143123e+01 9.096374e+01 1.918442e+02
      vertex   9.135985e+01 9.396374e+01 1.919897e+02
      vertex   9.143123e+01 9.396374e+01 1.918442e+02
    endloop
  endfacet
  facet normal -9.377521e-01 0.000000e+00 -3.473053e-01
    outer loop
      vertex   9.143123e+01 9.096374e+01 1.918442e+02
      vertex   9.143123e+01 9.396374e+01 1.918442e+02
      vertex   9.148752e+01 9.096374e+01 1.916922e+02
    endloop
  endfacet
  facet normal -9.377521e-01 -4.442086e-15 -3.473053e-01
    outer loop
      vertex   9.148752e+01 9.096374e+01 1.916922e+02
      vertex   9.143123e+01 9.396374e+01 1.918442e+02
      vertex   9.148752e+01 9.396374e+01 1.916922e+02
    endloop
  endfacet
  facet normal -9.680771e-01 -4.585734e-15 -2.506525e-01
    outer loop
      vertex   9.148752e+01 9.096374e+01 1.916922e+02
      vertex   9.148752e+01 9.396374e+01 1.916922e+02
      vertex   9.152814e+01 9.096374e+01 1.915353e+02
    endloop
  endfacet
  facet normal -9.680771e-01 0.000000e+00 -2.506525e-01
    outer loop
      vertex   9.152814e+01 9.096374e+01 1.915353e+02
      vertex   9.148752e+01 9.396374e+01 1.916922e+02
      vertex   9.152814e+01 9.396374e+01 1.915353e+02
    endloop
  endfacet
  facet normal -9.884683e-01 0.000000e+00 -1.514278e-01
    outer loop
      vertex   9.152814e+01 9.096374e+01 1.915353e+02
      vertex   9.152814e+01 9.396374e+01 1.915353e+02
      vertex   9.155268e+01 9.096374e+01 1.913751e+02
    endloop
  endfacet
  facet normal -9.884683e-01 0.000000e+00 -1.514278e-01
    outer loop
      vertex   9.155268e+01 9.096374e+01 1.913751e+02
      vertex   9.152814e+01 9.396374e+01 1.915353e+02
      vertex   9.155268e+01 9.396374e+01 1.913751e+02
    endloop
  endfacet
  facet normal -9.987165e-01 0.000000e+00 -5.064917e-02
    outer loop
      vertex   9.155268e+01 9.096374e+01 1.913751e+02
      vertex   9.155268e+01 9.396374e+01 1.913751e+02
      vertex   9.156089e+01 9.096374e+01 1.912132e+02
    endloop
  endfacet
  facet normal -9.987165e-01 0.000000e+00 -5.064917e-02
    outer loop
      vertex   9.156089e+01 9.096374e+01 1.912132e+02
      vertex   9.155268e+01 9.396374e+01 1.913751e+02
      vertex   9.156089e+01 9.396374e+01 1.912132e+02
    endloop
  endfacet
  facet normal -9.987165e-01 0.000000e+00 5.064917e-02
    outer loop
      vertex   9.156089e+01 9.096374e+01 1.912132e+02
      vertex   9.156089e+01 9.396374e+01 1.912132e+02
      vertex   9.155268e+01 9.096374e+01 1.910513e+02
    endloop
  endfacet
  facet normal -9.987165e-01 0.000000e+00 5.064917e-02
    outer loop
      vertex   9.155268e+01 9.096374e+01 1.910513e+02
      vertex   9.156089e+01 9.396374e+01 1.912132e+02
      vertex   9.155268e+01 9.396374e+01 1.910513e+02
    endloop
  endfacet
  facet normal -9.884683e-01 0.000000e+00 1.514278e-01
    outer loop
      vertex   9.155268e+01 9.096374e+01 1.910513e+02
      vertex   9.155268e+01 9.396374e+01 1.910513e+02
      vertex   9.152814e+01 9.096374e+01 1.908911e+02
    endloop
  endfacet
  facet normal -9.884683e-01 0.000000e+00 1.514278e-01
    outer loop
      vertex   9.152814e+01 9.096374e+01 1.908911e+02
      vertex   9.155268e+01 9.396374e+01 1.910513e+02
      vertex   9.152814e+01 9.396374e+01 1.908911e+02
    endloop
  endfacet
  facet normal -9.680771e-01 0.000000e+00 2.506525e-01
    outer loop
      vertex   9.152814e+01 9.096374e+01 1.908911e+02
      vertex   9.152814e+01 9.396374e+01 1.908911e+02
      vertex   9.148752e+01 9.096374e+01 1.907342e+02
    endloop
  endfacet
  facet normal -9.680771e-01 -4.585734e-15 2.506525e-01
    outer loop
      vertex   9.148752e+01 9.096374e+01 1.907342e+02
      vertex   9.152814e+01 9.396374e+01 1.908911e+02
      vertex   9.148752e+01 9.396374e+01 1.907342e+02
    endloop
  endfacet
  facet normal -9.377521e-01 -4.442086e-15 3.473053e-01
    outer loop
      vertex   9.148752e+01 9.096374e+01 1.907342e+02
      vertex   9.148752e+01 9.396374e+01 1.907342e+02
      vertex   9.143123e+01 9.096374e+01 1.905822e+02
    endloop
  endfacet
  facet normal -9.377521e-01 0.000000e+00 3.473053e-01
    outer loop
      vertex   9.143123e+01 9.096374e+01 1.905822e+02
      vertex   9.148752e+01 9.396374e+01 1.907342e+02
      vertex   9.143123e+01 9.396374e+01 1.905822e+02
    endloop
  endfacet
  facet normal -8.978045e-01 0.000000e+00 4.403942e-01
    outer loop
      vertex   9.143123e+01 9.096374e+01 1.905822e+02
      vertex   9.143123e+01 9.396374e+01 1.905822e+02
      vertex   9.135985e+01 9.096374e+01 1.904367e+02
    endloop
  endfacet
  facet normal -8.978045e-01 0.000000e+00 4.403942e-01
    outer loop
      vertex   9.135985e+01 9.096374e+01 1.904367e+02
      vertex   9.143123e+01 9.396374e+01 1.905822e+02
      vertex   9.135985e+01 9.396374e+01 1.904367e+02
    endloop
  endfacet
  facet normal -8.486443e-01 0.000000e+00 5.289640e-01
    outer loop
      vertex   9.135985e+01 9.096374e+01 1.904367e+02
      vertex   9.135985e+01 9.396374e+01 1.904367e+02
      vertex   9.127411e+01 9.096374e+01 1.902992e+02
    endloop
  endfacet
  facet normal -8.486443e-01 0.000000e+00 5.289640e-01
    outer loop
      vertex   9.127411e+01 9.096374e+01 1.902992e+02
      vertex   9.135985e+01 9.396374e+01 1.904367e+02
      vertex   9.127411e+01 9.396374e+01 1.902992e+02
    endloop
  endfacet
  facet normal -7.907757e-01 0.000000e+00 6.121060e-01
    outer loop
      vertex   9.127411e+01 9.096374e+01 1.902992e+02
      vertex   9.127411e+01 9.396374e+01 1.902992e+02
      vertex   9.117491e+01 9.096374e+01 1.901710e+02
    endloop
  endfacet
  facet normal -7.907757e-01 0.000000e+00 6.121060e-01
    outer loop
      vertex   9.117491e+01 9.096374e+01 1.901710e+02
      vertex   9.127411e+01 9.396374e+01 1.902992e+02
      vertex   9.117491e+01 9.396374e+01 1.901710e+02
    endloop
  endfacet
  facet normal -7.247928e-01 0.000000e+00 6.889669e-01
    outer loop
      vertex   9.117491e+01 9.096374e+01 1.901710e+02
      vertex   9.117491e+01 9.396374e+01 1.901710e+02
      vertex   9.106324e+01 9.096374e+01 1.900535e+02
    endloop
  endfacet
  facet normal -7.247928e-01 0.000000e+00 6.889669e-01
    outer loop
      vertex   9.106324e+01 9.096374e+01 1.900535e+02
      vertex   9.117491e+01 9.396374e+01 1.901710e+02
      vertex   9.106324e+01 9.396374e+01 1.900535e+02
    endloop
  endfacet
  facet normal -6.513725e-01 0.000000e+00 7.587581e-01
    outer loop
      vertex   9.106324e+01 9.096374e+01 1.900535e+02
      vertex   9.106324e+01 9.396374e+01 1.900535e+02
      vertex   9.094026e+01 9.096374e+01 1.899480e+02
    endloop
  endfacet
  facet normal -6.513725e-01 0.000000e+00 7.587581e-01
    outer loop
      vertex   9.094026e+01 9.096374e+01 1.899480e+02
      vertex   9.106324e+01 9.396374e+01 1.900535e+02
      vertex   9.094026e+01 9.396374e+01 1.899480e+02
    endloop
  endfacet
  facet normal -5.712682e-01 0.000000e+00 8.207634e-01
    outer loop
      vertex   9.094026e+01 9.096374e+01 1.899480e+02
      vertex   9.094026e+01 9.396374e+01 1.899480e+02
      vertex   9.080724e+01 9.096374e+01 1.898554e+02
    endloop
  endfacet
  facet normal -5.712682e-01 0.000000e+00 8.207634e-01
    outer loop
      vertex   9.080724e+01 9.096374e+01 1.898554e+02
      vertex   9.094026e+01 9.396374e+01 1.899480e+02
      vertex   9.080724e+01 9.396374e+01 1.898554e+02
    endloop
  endfacet
  facet normal -4.853020e-01 0.000000e+00 8.743466e-01
    outer loop
      vertex   9.080724e+01 9.096374e+01 1.898554e+02
      vertex   9.080724e+01 9.396374e+01 1.898554e+02
      vertex   9.066552e+01 9.096374e+01 1.897767e+02
    endloop
  endfacet
  facet normal -4.853020e-01 0.000000e+00 8.743466e-01
    outer loop
      vertex   9.066552e+01 9.096374e+01 1.897767e+02
      vertex   9.080724e+01 9.396374e+01 1.898554e+02
      vertex   9.066552e+01 9.396374e+01 1.897767e+02
    endloop
  endfacet
  facet normal -3.943559e-01 0.000000e+00 9.189578e-01
    outer loop
      vertex   9.066552e+01 9.096374e+01 1.897767e+02
      vertex   9.066552e+01 9.396374e+01 1.897767e+02
      vertex   9.051658e+01 9.096374e+01 1.897128e+02
    endloop
  endfacet
  facet normal -3.943559e-01 0.000000e+00 9.189578e-01
    outer loop
      vertex   9.051658e+01 9.096374e+01 1.897128e+02
      vertex   9.066552e+01 9.396374e+01 1.897767e+02
      vertex   9.051658e+01 9.396374e+01 1.897128e+02
    endloop
  endfacet
  facet normal -2.993631e-01 0.000000e+00 9.541393e-01
    outer loop
      vertex   9.051658e+01 9.096374e+01 1.897128e+02
      vertex   9.051658e+01 9.396374e+01 1.897128e+02
      vertex   9.036194e+01 9.096374e+01 1.896643e+02
    endloop
  endfacet
  facet normal -2.993631e-01 0.000000e+00 9.541393e-01
    outer loop
      vertex   9.036194e+01 9.096374e+01 1.896643e+02
      vertex   9.051658e+01 9.396374e+01 1.897128e+02
      vertex   9.036194e+01 9.396374e+01 1.896643e+02
    endloop
  endfacet
  facet normal -2.012985e-01 0.000000e+00 9.795299e-01
    outer loop
      vertex   9.036194e+01 9.096374e+01 1.896643e+02
      vertex   9.036194e+01 9.396374e+01 1.896643e+02
      vertex   9.020318e+01 9.096374e+01 1.896317e+02
    endloop
  endfacet
  facet normal -2.012985e-01 0.000000e+00 9.795299e-01
    outer loop
      vertex   9.020318e+01 9.096374e+01 1.896317e+02
      vertex   9.036194e+01 9.396374e+01 1.896643e+02
      vertex   9.020318e+01 9.396374e+01 1.896317e+02
    endloop
  endfacet
  facet normal -1.011683e-01 0.000000e+00 9.948693e-01
    outer loop
      vertex   9.020318e+01 9.096374e+01 1.896317e+02
      vertex   9.020318e+01 9.396374e+01 1.896317e+02
      vertex   9.004193e+01 9.096374e+01 1.896153e+02
    endloop
  endfacet
  facet normal -1.011683e-01 0.000000e+00 9.948693e-01
    outer loop
      vertex   9.004193e+01 9.096374e+01 1.896153e+02
      vertex   9.020318e+01 9.396374e+01 1.896317e+02
      vertex   9.004193e+01 9.396374e+01 1.896153e+02
    endloop
  endfacet
  facet normal 0.000000e+00 -0.000000e+00 1.000000e+00
    outer loop
      vertex   9.004193e+01 9.096374e+01 1.896153e+02
      vertex   9.004193e+01 9.396374e+01 1.896153e+02
      vertex   8.987985e+01 9.096374e+01 1.896153e+02
    endloop
  endfacet
  facet normal 0.000000e+00 0.000000e+00 1.000000e+00
    outer loop
      vertex   8.987985e+01 9.096374e+01 1.896153e+02
      vertex   9.004193e+01 9.396374e+01 1.896153e+02
      vertex   8.987985e+01 9.396374e+01 1.896153e+02
    endloop
  endfacet
  facet normal 1.011683e-01 -0.000000e+00 9.948693e-01
    outer loop
      vertex   8.987985e+01 9.096374e+01 1.896153e+02
      vertex   8.987985e+01 9.396374e+01 1.896153e+02
      vertex   8.971861e+01 9.096374e+01 1.896317e+02
    endloop
  endfacet
  facet normal 1.011683e-01 -0.000000e+00 9.948693e-01
    outer loop
      vertex   8.971861e+01 9.096374e+01 1.896317e+02
      vertex   8.987985e+01 9.396374e+01 1.896153e+02
      vertex   8.971861e+01 9.396374e+01 1.896317e+02
    endloop
  endfacet
  facet normal 2.012985e-01 -0.000000e+00 9.795299e-01
    outer loop
      vertex   8.971861e+01 9.096374e+01 1.896317e+02
      vertex   8.971861e+01 9.396374e+01 1.896317e+02
      vertex   8.955985e+01 9.096374e+01 1.896643e+02
    endloop
  endfacet
  facet normal 2.012985e-01 -0.000000e+00 9.795299e-01
    outer loop
      vertex   8.955985e+01 9.096374e+01 1.896643e+02
      vertex   8.971861e+01 9.396374e+01 1.896317e+02
      vertex   8.955985e+01 9.396374e+01 1.896643e+02
    endloop
  endfacet
  facet normal 2.993631e-01 -0.000000e+00 9.541393e-01
    outer loop
      vertex   8.955985e+01 9.096374e+01 1.896643e+02
      vertex   8.955985e+01 9.396374e+01 1.896643e+02
      vertex   8.940521e+01 9.096374e+01 1.897128e+02
    endloop
  endfacet
  facet normal 2.993631e-01 -0.000000e+00 9.541393e-01
    outer loop
      vertex   8.940521e+01 9.096374e+01 1.897128e+02
      vertex   8.955985e+01 9.396374e+01 1.896643e+02
      vertex   8.940521e+01 9.396374e+01 1.897128e+02
    endloop
  endfacet
  facet normal 3.943559e-01 -0.000000e+00 9.189578e-01
    outer loop
      vertex   8.940521e+01 9.096374e+01 1.897128e+02
      vertex   8.940521e+01 9.396374e+01 1.897128e+02
      vertex   8.925626e+01 9.096374e+01 1.897767e+02
    endloop
  endfacet
  facet normal 3.943559e-01 -0.000000e+00 9.189578e-01
    outer loop
      vertex   8.925626e+01 9.096374e+01 1.897767e+02
      vertex   8.940521e+01 9.396374e+01 1.897128e+02
      vertex   8.925626e+01 9.396374e+01 1.897767e+02
    endloop
  endfacet
  facet normal 4.853020e-01 -0.000000e+00 8.743466e-01
    outer loop
      vertex   8.925626e+01 9.096374e+01 1.897767e+02
      vertex   8.925626e+01 9.396374e+01 1.897767e+02
      vertex   8.911455e+01 9.096374e+01 1.898554e+02
    endloop
  endfacet
  facet normal 4.853020e-01 -0.000000e+00 8.743466e-01
    outer loop
      vertex   8.911455e+01 9.096374e+01 1.898554e+02
      vertex   8.925626e+01 9.396374e+01 1.897767e+02
      vertex   8.911455e+01 9.396374e+01 1.898554e+02
    endloop
  endfacet
  facet normal 5.712682e-01 -0.000000e+00 8.207634e-01
    outer loop
      vertex   8.911455e+01 9.096374e+01 1.898554e+02
      vertex   8.911455e+01 9.396374e+01 1.898554e+02
      vertex   8.898152e+01 9.096374e+01 1.899480e+02
    endloop
  endfacet
  facet normal 5.712682e-01 -0.000000e+00 8.207634e-01
    outer loop
      vertex   8.898152e+01 9.096374e+01 1.899480e+02
      vertex   8.911455e+01 9.396374e+01 1.898554e+02
      vertex   8.898152e+01 9.396374e+01 1.899480e+02
    endloop
  endfacet
  facet normal 6.513725e-01 -0.000000e+00 7.587581e-01
    outer loop
      vertex   8.898152e+01 9.096374e+01 1.899480e+02
      vertex   8.898152e+01 9.396374e+01 1.899480e+02
      vertex   8.885855e+01 9.096374e+01 1.900535e+02
    endloop
  endfacet
  facet normal 6.513725e-01 -0.000000e+00 7.587581e-01
    outer loop
      vertex   8.885855e+01 9.096374e+01 1.900535e+02
      vertex   8.898152e+01 9.396374e+01 1.899480e+02
      vertex   8.885855e+01 9.396374e+01 1.900535e+02
    endloop
  endfacet
  facet normal 7.247928e-01 -0.000000e+00 6.889669e-01
    outer loop
      vertex   8.885855e+01 9.096374e+01 1.900535e+02
      vertex   8.885855e+01 9.396374e+01 1.900535e+02
      vertex   8.874688e+01 9.096374e+01 1.901710e+02
    endloop
  endfacet
  facet normal 7.247928e-01 -0.000000e+00 6.889669e-01
    outer loop
      vertex   8.874688e+01 9.096374e+01 1.901710e+02
      vertex   8.885855e+01 9.396374e+01 1.900535e+02
      vertex   8.874688e+01 9.396374e+01 1.901710e+02
    endloop
  endfacet
  facet normal 7.907757e-01 -0.000000e+00 6.121060e-01
    outer loop
      vertex   8.874688e+01 9.096374e+01 1.901710e+02
      vertex   8.874688e+01 9.396374e+01 1.901710e+02
      vertex   8.864767e+01 9.096374e+01 1.902992e+02
    endloop
  endfacet
  facet normal 7.907757e-01 -0.000000e+00 6.121060e-01
    outer loop
      vertex   8.864767e+01 9.096374e+01 1.902992e+02
      vertex   8.874688e+01 9.396374e+01 1.901710e+02
      vertex   8.864767e+01 9.396374e+01 1.902992e+02
    endloop
  endfacet
  facet normal 8.486443e-01 -0.000000e+00 5.289640e-01
    outer loop
      vertex   8.864767e+01 9.096374e+01 1.902992e+02
      vertex   8.864767e+01 9.396374e+01 1.902992e+02
      vertex   8.856194e+01 9.096374e+01 1.904367e+02
    endloop
  endfacet
  facet normal 8.486443e-01 -0.000000e+00 5.289640e-01
    outer loop
      vertex   8.856194e+01 9.096374e+01 1.904367e+02
      vertex   8.864767e+01 9.396374e+01 1.902992e+02
      vertex   8.856194e+01 9.396374e+01 1.904367e+02
    endloop
  endfacet
  facet normal 8.978045e-01 -0.000000e+00 4.403942e-01
    outer loop
      vertex   8.856194e+01 9.096374e+01 1.904367e+02
      vertex   8.856194e+01 9.396374e+01 1.904367e+02
      vertex   8.849056e+01 9.096374e+01 1.905822e+02
    endloop
  endfacet
  facet normal 8.978045e-01 -0.000000e+00 4.403942e-01
    outer loop
      vertex   8.849056e+01 9.096374e+01 1.905822e+02
      vertex   8.856194e+01 9.396374e+01 1.904367e+02
      vertex   8.849056e+01 9.396374e+01 1.905822e+02
    endloop
  endfacet
  facet normal 9.377521e-01 -0.000000e+00 3.473053e-01
    outer loop
      vertex   8.849056e+01 9.096374e+01 1.905822e+02
      vertex   8.849056e+01 9.396374e+01 1.905822e+02
      vertex   8.843427e+01 9.096374e+01 1.907342e+02
    endloop
  endfacet
  facet normal 9.377521e-01 -4.442086e-15 3.473053e-01
    outer loop
      vertex   8.843427e+01 9.096374e+01 1.907342e+02
      vertex   8.849056e+01 9.396374e+01 1.905822e+02
      vertex   8.843427e+01 9.396374e+01 1.907342e+02
    endloop
  endfacet
  facet normal 9.680771e-01 -4.585734e-15 2.506525e-01
    outer loop
      vertex   8.843427e+01 9.096374e+01 1.907342e+02
      vertex   8.843427e+01 9.396374e+01 1.907342e+02
      vertex   8.839365e+01 9.096374e+01 1.908911e+02
    endloop
  endfacet
  facet normal 9.680771e-01 -0.000000e+00 2.506525e-01
    outer loop
      vertex   8.839365e+01 9.096374e+01 1.908911e+02
      vertex   8.843427e+01 9.396374e+01 1.907342e+02
      vertex   8.839365e+01 9.396374e+01 1.908911e+02
    endloop
  endfacet
  facet normal 9.884683e-01 -0.000000e+00 1.514278e-01
    outer loop
      vertex   8.839365e+01 9.096374e+01 1.908911e+02
      vertex   8.839365e+01 9.396374e+01 1.908911e+02
      vertex   8.836910e+01 9.096374e+01 1.910513e+02
    endloop
  endfacet
  facet normal 9.884683e-01 -0.000000e+00 1.514278e-01
    outer loop
      vertex   8.836910e+01 9.096374e+01 1.910513e+02
      vertex   8.839365e+01 9.396374e+01 1.908911e+02
      vertex   8.836910e+01 9.396374e+01 1.910513e+02
    endloop
  endfacet
  facet normal -9.987165e-01 0.000000e+00 5.064917e-02
    outer loop
      vertex   9.155268e+01 1.029637e+02 1.910513e+02
      vertex   9.155268e+01 9.996374e+01 1.910513e+02
      vertex   9.156089e+01 1.029637e+02 1.912132e+02
    endloop
  endfacet
  facet normal -9.987165e-01 0.000000e+00 5.064917e-02
    outer loop
      vertex   9.156089e+01 1.029637e+02 1.912132e+02
      vertex   9.155268e+01 9.996374e+01 1.910513e+02
      vertex   9.156089e+01 9.996374e+01 1.912132e+02
    endloop
  endfacet
  facet normal -9.987165e-01 -0.000000e+00 -5.064917e-02
    outer loop
      vertex   9.156089e+01 1.029637e+02 1.912132e+02
      vertex   9.156089e+01 9.996374e+01 1.912132e+02
      vertex   9.155268e+01 1.029637e+02 1.913751e+02
    endloop
  endfacet
  facet normal -9.987165e-01 -0.000000e+00 -5.064917e-02
    outer loop
      vertex   9.155268e+01 1.029637e+02 1.913751e+02
      vertex   9.156089e+01 9.996374e+01 1.912132e+02
      vertex   9.155268e+01 9.996374e+01 1.913751e+02
    endloop
  endfacet
  facet normal -9.884683e-01 -0.000000e+00 -1.514278e-01
    outer loop
      vertex   9.155268e+01 1.029637e+02 1.913751e+02
      vertex   9.155268e+01 9.996374e+01 1.913751e+02
      vertex   9.152814e+01 1.029637e+02 1.915353e+02
    endloop
  endfacet
  facet normal -9.884683e-01 -0.000000e+00 -1.514278e-01
    outer loop
      vertex   9.152814e+01 1.029637e+02 1.915353e+02
      vertex   9.155268e+01 9.996374e+01 1.913751e+02
      vertex   9.152814e+01 9.996374e+01 1.915353e+02
    endloop
  endfacet
  facet normal -9.680771e-01 -0.000000e+00 -2.506525e-01
    outer loop
      vertex   9.152814e+01 1.029637e+02 1.915353e+02
      vertex   9.152814e+01 9.996374e+01 1.915353e+02
      vertex   9.148752e+01 1.029637e+02 1.916922e+02
    endloop
  endfacet
  facet normal -9.680771e-01 4.585734e-15 -2.506525e-01
    outer loop
      vertex   9.148752e+01 1.029637e+02 1.916922e+02
      vertex   9.152814e+01 9.996374e+01 1.915353e+02
      vertex   9.148752e+01 9.996374e+01 1.916922e+02
    endloop
  endfacet
  facet normal -9.377521e-01 4.442086e-15 -3.473053e-01
    outer loop
      vertex   9.148752e+01 1.029637e+02 1.916922e+02
      vertex   9.148752e+01 9.996374e+01 1.916922e+02
      vertex   9.143123e+01 1.029637e+02 1.918442e+02
    endloop
  endfacet
  facet normal -9.377521e-01 -0.000000e+00 -3.473053e-01
    outer loop
      vertex   9.143123e+01 1.029637e+02 1.918442e+02
      vertex   9.148752e+01 9.996374e+01 1.916922e+02
      vertex   9.143123e+01 9.996374e+01 1.918442e+02
    endloop
  endfacet
  facet normal -8.978045e-01 -0.000000e+00 -4.403942e-01
    outer loop
      vertex   9.143123e+01 1.029637e+02 1.918442e+02
      vertex   9.143123e+01 9.996374e+01 1.918442e+02
      vertex   9.135985e+01 1.029637e+02 1.919897e+02
    endloop
  endfacet
  facet normal -8.978045e-01 -0.000000e+00 -4.403942e-01
    outer loop
      vertex   9.135985e+01 1.029637e+02 1.919897e+02
      vertex   9.143123e+01 9.996374e+01 1.918442e+02
      vertex   9.135985e+01 9.996374e+01 1.919897e+02
    endloop
  endfacet
  facet normal -8.486443e-01 -0.000000e+00 -5.289640e-01
    outer loop
      vertex   9.135985e+01 1.029637e+02 1.919897e+02
      vertex   9.135985e+01 9.996374e+01 1.919897e+02
      vertex   9.127411e+01 1.029637e+02 1.921272e+02
    endloop
  endfacet
  facet normal -8.486443e-01 -0.000000e+00 -5.289640e-01
    outer loop
      vertex   9.127411e+01 1.029637e+02 1.921272e+02
      vertex   9.135985e+01 9.996374e+01 1.919897e+02
      vertex   9.127411e+01 9.996374e+01 1.921272e+02
    endloop
  endfacet
  facet normal -7.907757e-01 -0.000000e+00 -6.121060e-01
    outer loop
      vertex   9.127411e+01 1.029637e+02 1.921272e+02
      vertex   9.127411e+01 9.996374e+01 1.921272e+02
      vertex   9.117491e+01 1.029637e+02 1.922554e+02
    endloop
  endfacet
  facet normal -7.907757e-01 -0.000000e+00 -6.121060e-01
    outer loop
      vertex   9.117491e+01 1.029637e+02 1.922554e+02
      vertex   9.127411e+01 9.996374e+01 1.921272e+02
      vertex   9.117491e+01 9.996374e+01 1.922554e+02
    endloop
  endfacet
  facet normal -7.247928e-01 -0.000000e+00 -6.889669e-01
    outer loop
      vertex   9.117491e+01 1.029637e+02 1.922554e+02
      vertex   9.117491e+01 9.996374e+01 1.922554e+02
      vertex   9.106324e+01 1.029637e+02 1.923729e+02
    endloop
  endfacet
  facet normal -7.247928e-01 -0.000000e+00 -6.889669e-01
    outer loop
      vertex   9.106324e+01 1.029637e+02 1.923729e+02
      vertex   9.117491e+01 9.996374e+01 1.922554e+02
      vertex   9.106324e+01 9.996374e+01 1.923729e+02
    endloop
  endfacet
  facet normal -6.513725e-01 -0.000000e+00 -7.587581e-01
    outer loop
      vertex   9.106324e+01 1.029637e+02 1.923729e+02
      vertex   9.106324e+01 9.996374e+01 1.923729e+02
      vertex   9.094026e+01 1.029637e+02 1.924784e+02
    endloop
  endfacet
  facet normal -6.513725e-01 -0.000000e+00 -7.587581e-01
    outer loop
      vertex   9.094026e+01 1.029637e+02 1.924784e+02
      vertex   9.106324e+01 9.996374e+01 1.923729e+02
      vertex   9.094026e+01 9.996374e+01 1.924784e+02
    endloop
  endfacet
  facet normal -5.712682e-01 -0.000000e+00 -8.207634e-01
    outer loop
      vertex   9.094026e+01 1.029637e+02 1.924784e+02
      vertex   9.094026e+01 9.996374e+01 1.924784e+02
      vertex   9.080724e+01 1.029637e+02 1.925710e+02
    endloop
  endfacet
  facet normal -5.712682e-01 -0.000000e+00 -8.207634e-01
    outer loop
      vertex   9.080724e+01 1.029637e+02 1.925710e+02
      vertex   9.094026e+01 9.996374e+01 1.924784e+02
      vertex   9.080724e+01 9.996374e+01 1.925710e+02
    endloop
  endfacet
  facet normal -4.853020e-01 -0.000000e+00 -8.743466e-01
    outer loop
      vertex   9.080724e+01 1.029637e+02 1.925710e+02
      vertex   9.080724e+01 9.996374e+01 1.925710e+02
      vertex   9.066552e+01 1.029637e+02 1.926497e+02
    endloop
  endfacet
  facet normal -4.853020e-01 -0.000000e+00 -8.743466e-01
    outer loop
      vertex   9.066552e+01 1.029637e+02 1.926497e+02
      vertex   9.080724e+01 9.996374e+01 1.925710e+02
      vertex   9.066552e+01 9.996374e+01 1.926497e+02
    endloop
  endfacet
  facet normal -3.943559e-01 -0.000000e+00 -9.189578e-01
    outer loop
      vertex   9.066552e+01 1.029637e+02 1.926497e+02
      vertex   9.066552e+01 9.996374e+01 1.926497e+02
      vertex   9.051658e+01 1.029637e+02 1.927136e+02
    endloop
  endfacet
  facet normal -3.943559e-01 -0.000000e+00 -9.189578e-01
    outer loop
      vertex   9.051658e+01 1.029637e+02 1.927136e+02
      vertex   9.066552e+01 9.996374e+01 1.926497e+02
      vertex   9.051658e+01 9.996374e+01 1.927136e+02
    endloop
  endfacet
  facet normal -2.993631e-01 -0.000000e+00 -9.541393e-01
    outer loop
      vertex   9.051658e+01 1.029637e+02 1.927136e+02
      vertex   9.051658e+01 9.996374e+01 1.927136e+02
      vertex   9.036194e+01 1.029637e+02 1.927621e+02
    endloop
  endfacet
  facet normal -2.993631e-01 -0.000000e+00 -9.541393e-01
    outer loop
      vertex   9.036194e+01 1.029637e+02 1.927621e+02
      vertex   9.051658e+01 9.996374e+01 1.927136e+02
      vertex   9.036194e+01 9.996374e+01 1.927621e+02
    endloop
  endfacet
  facet normal -2.012985e-01 -0.000000e+00 -9.795299e-01
    outer loop
      vertex   9.036194e+01 1.029637e+02 1.927621e+02
      vertex   9.036194e+01 9.996374e+01 1.927621e+02
      vertex   9.020318e+01 1.029637e+02 1.927948e+02
    endloop
  endfacet
  facet normal -2.012985e-01 -0.000000e+00 -9.795299e-01
    outer loop
      vertex   9.020318e+01 1.029637e+02 1.927948e+02
      vertex   9.036194e+01 9.996374e+01 1.927621e+02
      vertex   9.020318e+01 9.996374e+01 1.927948e+02
    endloop
  endfacet
  facet normal -1.011683e-01 -0.000000e+00 -9.948693e-01
    outer loop
      vertex   9.020318e+01 1.029637e+02 1.927948e+02
      vertex   9.020318e+01 9.996374e+01 1.927948e+02
      vertex   9.004193e+01 1.029637e+02 1.928112e+02
    endloop
  endfacet
  facet normal -1.011683e-01 -0.000000e+00 -9.948693e-01
    outer loop
      vertex   9.004193e+01 1.029637e+02 1.928112e+02
      vertex   9.020318e+01 9.996374e+01 1.927948e+02
      vertex   9.004193e+01 9.996374e+01 1.928112e+02
    endloop
  endfacet
  facet normal -0.000000e+00 -0.000000e+00 -1.000000e+00
    outer loop
      vertex   9.004193e+01 1.029637e+02 1.928112e+02
      vertex   9.004193e+01 9.996374e+01 1.928112e+02
      vertex   8.987985e+01 1.029637e+02 1.928112e+02
    endloop
  endfacet
  facet normal 0.000000e+00 0.000000e+00 -1.000000e+00
    outer loop
      vertex   8.987985e+01 1.029637e+02 1.928112e+02
      vertex   9.004193e+01 9.996374e+01 1.928112e+02
      vertex   8.987985e+01 9.996374e+01 1.928112e+02
    endloop
  endfacet
  facet normal 1.011683e-01 0.000000e+00 -9.948693e-01
    outer loop
      vertex   8.987985e+01 1.029637e+02 1.928112e+02
      vertex   8.987985e+01 9.996374e+01 1.928112e+02
      vertex   8.971861e+01 1.029637e+02 1.927948e+02
    endloop
  endfacet
  facet normal 1.011683e-01 0.000000e+00 -9.948693e-01
    outer loop
      vertex   8.971861e+01 1.029637e+02 1.927948e+02
      vertex   8.987985e+01 9.996374e+01 1.928112e+02
      vertex   8.971861e+01 9.996374e+01 1.927948e+02
    endloop
  endfacet
  facet normal 2.012985e-01 0.000000e+00 -9.795299e-01
    outer loop
      vertex   8.971861e+01 1.029637e+02 1.927948e+02
      vertex   8.971861e+01 9.996374e+01 1.927948e+02
      vertex   8.955985e+01 1.029637e+02 1.927621e+02
    endloop
  endfacet
  facet normal 2.012985e-01 0.000000e+00 -9.795299e-01
    outer loop
      vertex   8.955985e+01 1.029637e+02 1.927621e+02
      vertex   8.971861e+01 9.996374e+01 1.927948e+02
      vertex   8.955985e+01 9.996374e+01 1.927621e+02
    endloop
  endfacet
  facet normal 2.993631e-01 0.000000e+00 -9.541393e-01
    outer loop
      vertex   8.955985e+01 1.029637e+02 1.927621e+02
      vertex   8.955985e+01 9.996374e+01 1.927621e+02
      vertex   8.940521e+01 1.029637e+02 1.927136e+02
    endloop
  endfacet
  facet normal 2.993631e-01 0.000000e+00 -9.541393e-01
    outer loop
      vertex   8.940521e+01 1.029637e+02 1.927136e+02
      vertex   8.955985e+01 9.996374e+01 1.927621e+02
      vertex   8.940521e+01 9.996374e+01 1.927136e+02
    endloop
  endfacet
  facet normal 3.943559e-01 0.000000e+00 -9.189578e-01
    outer loop
      vertex   8.940521e+01 1.029637e+02 1.927136e+02
      vertex   8.940521e+01 9.996374e+01 1.927136e+02
      vertex   8.925626e+01 1.029637e+02 1.926497e+02
    endloop
  endfacet
  facet normal 3.943559e-01 0.000000e+00 -9.189578e-01
    outer loop
      vertex   8.925626e+01 1.029637e+02 1.926497e+02
      vertex   8.940521e+01 9.996374e+01 1.927136e+02
      vertex   8.925626e+01 9.996374e+01 1.926497e+02
    endloop
  endfacet
  facet normal 4.853020e-01 0.000000e+00 -8.743466e-01
    outer loop
      vertex   8.925626e+01 1.029637e+02 1.926497e+02
      vertex   8.925626e+01 9.996374e+01 1.926497e+02
      vertex   8.911455e+01 1.029637e+02 1.925710e+02
    endloop
  endfacet
  facet normal 4.853020e-01 0.000000e+00 -8.743466e-01
    outer loop
      vertex   8.911455e+01 1.029637e+02 1.925710e+02
      vertex   8.925626e+01 9.996374e+01 1.926497e+02
      vertex   8.911455e+01 9.996374e+01 1.925710e+02
    endloop
  endfacet
  facet normal 5.712682e-01 0.000000e+00 -8.207634e-01
    outer loop
      vertex   8.911455e+01 1.029637e+02 1.925710e+02
      vertex   8.911455e+01 9.996374e+01 1.925710e+02
      vertex   8.898152e+01 1.029637e+02 1.924784e+02
    endloop
  endfacet
  facet normal 5.712682e-01 0.000000e+00 -8.207634e-01
    outer loop
      vertex   8.898152e+01 1.029637e+02 1.924784e+02
      vertex   8.911455e+01 9.996374e+01 1.925710e+02
      vertex   8.898152e+01 9.996374e+01 1.924784e+02
    endloop
  endfacet
  facet normal 6.513725e-01 0.000000e+00 -7.587581e-01
    outer loop
      vertex   8.898152e+01 1.029637e+02 1.924784e+02
      vertex   8.898152e+01 9.996374e+01 1.924784e+02
      vertex   8.885855e+01 1.029637e+02 1.923729e+02
    endloop
  endfacet
  facet normal 6.513725e-01 0.000000e+00 -7.587581e-01
    outer loop
      vertex   8.885855e+01 1.029637e+02 1.923729e+02
      vertex   8.898152e+01 9.996374e+01 1.924784e+02
      vertex   8.885855e+01 9.996374e+01 1.923729e+02
    endloop
  endfacet
  facet normal 7.247928e-01 0.000000e+00 -6.889669e-01
    outer loop
      vertex   8.885855e+01 1.029637e+02 1.923729e+02
      vertex   8.885855e+01 9.996374e+01 1.923729e+02
      vertex   8.874688e+01 1.029637e+02 1.922554e+02
    endloop
  endfacet
  facet normal 7.247928e-01 0.000000e+00 -6.889669e-01
    outer loop
      vertex   8.874688e+01 1.029637e+02 1.922554e+02
      vertex   8.885855e+01 9.996374e+01 1.923729e+02
      vertex   8.874688e+01 9.996374e+01 1.922554e+02
    endloop
  endfacet
  facet normal 7.907757e-01 0.000000e+00 -6.121060e-01
    outer loop
      vertex   8.874688e+01 1.029637e+02 1.922554e+02
      vertex   8.874688e+01 9.996374e+01 1.922554e+02
      vertex   8.864767e+01 1.029637e+02 1.921272e+02
    endloop
  endfacet
  facet normal 7.907757e-01 0.000000e+00 -6.121060e-01
    outer loop
      vertex   8.864767e+01 1.029637e+02 1.921272e+02
      vertex   8.874688e+01 9.996374e+01 1.922554e+02
      vertex   8.864767e+01 9.996374e+01 1.921272e+02
    endloop
  endfacet
  facet normal 8.486443e-01 0.000000e+00 -5.289640e-01
    outer loop
      vertex   8.864767e+01 1.029637e+02 1.921272e+02
      vertex   8.864767e+01 9.996374e+01 1.921272e+02
      vertex   8.856194e+01 1.029637e+02 1.919897e+02
    endloop
  endfacet
  facet normal 8.486443e-01 0.000000e+00 -5.289640e-01
    outer loop
      vertex   8.856194e+01 1.029637e+02 1.919897e+02
      vertex   8.864767e+01 9.996374e+01 1.921272e+02
      vertex   8.856194e+01 9.996374e+01 1.919897e+02
    endloop
  endfacet
  facet normal 8.978045e-01 0.000000e+00 -4.403942e-01
    outer loop
      vertex   8.856194e+01 1.029637e+02 1.919897e+02
      vertex   8.856194e+01 9.996374e+01 1.919897e+02
      vertex   8.849056e+01 1.029637e+02 1.918442e+02
    endloop
  endfacet
  facet normal 8.978045e-01 0.000000e+00 -4.403942e-01
    outer loop
      vertex   8.849056e+01 1.029637e+02 1.918442e+02
      vertex   8.856194e+01 9.996374e+01 1.919897e+02
      vertex   8.849056e+01 9.996374e+01 1.918442e+02
    endloop
  endfacet
  facet normal 9.377521e-01 0.000000e+00 -3.473053e-01
    outer loop
      vertex   8.849056e+01 1.029637e+02 1.918442e+02
      vertex   8.849056e+01 9.996374e+01 1.918442e+02
      vertex   8.843427e+01 1.029637e+02 1.916922e+02
    endloop
  endfacet
  facet normal 9.377521e-01 4.442086e-15 -3.473053e-01
    outer loop
      vertex   8.843427e+01 1.029637e+02 1.916922e+02
      vertex   8.849056e+01 9.996374e+01 1.918442e+02
      vertex   8.843427e+01 9.996374e+01 1.916922e+02
    endloop
  endfacet
  facet normal 9.680771e-01 4.585734e-15 -2.506525e-01
    outer loop
      vertex   8.843427e+01 1.029637e+02 1.916922e+02
      vertex   8.843427e+01 9.996374e+01 1.916922e+02
      vertex   8.839365e+01 1.029637e+02 1.915353e+02
    endloop
  endfacet
  facet normal 9.680771e-01 0.000000e+00 -2.506525e-01
    outer loop
      vertex   8.839365e+01 1.029637e+02 1.915353e+02
      vertex   8.843427e+01 9.996374e+01 1.916922e+02
      vertex   8.839365e+01 9.996374e+01 1.915353e+02
    endloop
  endfacet
  facet normal 9.884683e-01 0.000000e+00 -1.514278e-01
    outer loop
      vertex   8.839365e+01 1.029637e+02 1.915353e+02
      vertex   8.839365e+01 9.996374e+01 1.915353e+02
      vertex   8.836910e+01 1.029637e+02 1.913751e+02
    endloop
  endfacet
  facet normal 9.884683e-01 0.000000e+00 -1.514278e-01
    outer loop
      vertex   8.836910e+01 1.029637e+02 1.913751e+02
      vertex   8.839365e+01 9.996374e+01 1.915353e+02
      vertex   8.836910e+01 9.996374e+01 1.913751e+02
    endloop
  endfacet
  facet normal 9.987165e-01 0.000000e+00 -5.064917e-02
    outer loop
      vertex   8.836910e+01 1.029637e+02 1.913751e+02
      vertex   8.836910e+01 9.996374e+01 1.913751e+02
      vertex   8.836089e+01 1.029637e+02 1.912132e+02
    endloop
  endfacet
  facet normal 9.987165e-01 0.000000e+00 -5.064917e-02
    outer loop
      vertex   8.836089e+01 1.029637e+02 1.912132e+02
      vertex   8.836910e+01 9.996374e+01 1.913751e+02
      vertex   8.836089e+01 9.996374e+01 1.912132e+02
    endloop
  endfacet
  facet normal 9.987165e-01 0.000000e+00 5.064917e-02
    outer loop
      vertex   8.836089e+01 1.029637e+02 1.912132e+02
      vertex   8.836089e+01 9.996374e+01 1.912132e+02
      vertex   8.836910e+01 1.029637e+02 1.910513e+02
    endloop
  endfacet
  facet normal 9.987165e-01 0.000000e+00 5.064917e-02
    outer loop
      vertex   8.836910e+01 1.029637e+02 1.910513e+02
      vertex   8.836089e+01 9.996374e+01 1.912132e+02
      vertex   8.836910e+01 9.996374e+01 1.910513e+02
    endloop
  endfacet
  facet normal 9.884683e-01 0.000000e+00 1.514278e-01
    outer loop
      vertex   8.836910e+01 1.029637e+02 1.910513e+02
      vertex   8.836910e+01 9.996374e+01 1.910513e+02
      vertex   8.839365e+01 1.029637e+02 1.908911e+02
    endloop
  endfacet
  facet normal 9.884683e-01 0.000000e+00 1.514278e-01
    outer loop
      vertex   8.839365e+01 1.029637e+02 1.908911e+02
      vertex   8.836910e+01 9.996374e+01 1.910513e+02
      vertex   8.839365e+01 9.996374e+01 1.908911e+02
    endloop
  endfacet
  facet normal 9.680771e-01 0.000000e+00 2.506525e-01
    outer loop
      vertex   8.839365e+01 1.029637e+02 1.908911e+02
      vertex   8.839365e+01 9.996374e+01 1.908911e+02
      vertex   8.843427e+01 1.029637e+02 1.907342e+02
    endloop
  endfacet
  facet normal 9.680771e-01 4.585734e-15 2.506525e-01
    outer loop
      vertex   8.843427e+01 1.029637e+02 1.907342e+02
      vertex   8.839365e+01 9.996374e+01 1.908911e+02
      vertex   8.843427e+01 9.996374e+01 1.907342e+02
    endloop
  endfacet
  facet normal 9.377521e-01 4.442086e-15 3.473053e-01
    outer loop
      vertex   8.843427e+01 1.029637e+02 1.907342e+02
      vertex   8.843427e+01 9.996374e+01 1.907342e+02
      vertex   8.849056e+01 1.029637e+02 1.905822e+02
    endloop
  endfacet
  facet normal 9.377521e-01 0.000000e+00 3.473053e-01
    outer loop
      vertex   8.849056e+01 1.029637e+02 1.905822e+02
      vertex   8.843427e+01 9.996374e+01 1.907342e+02
      vertex   8.849056e+01 9.996374e+01 1.905822e+02
    endloop
  endfacet
  facet normal 8.978045e-01 0.000000e+00 4.403942e-01
    outer loop
      vertex   8.849056e+01 1.029637e+02 1.905822e+02
      vertex   8.849056e+01 9.996374e+01 1.905822e+02
      vertex   8.856194e+01 1.029637e+02 1.904367e+02
    endloop
  endfacet
  facet normal 8.978045e-01 0.000000e+00 4.403942e-01
    outer loop
      vertex   8.856194e+01 1.029637e+02 1.904367e+02
      vertex   8.849056e+01 9.996374e+01 1.905822e+02
      vertex   8.856194e+01 9.996374e+01 1.904367e+02
    endloop
  endfacet
  facet normal 8.486443e-01 0.000000e+00 5.289640e-01
    outer loop
      vertex   8.856194e+01 1.029637e+02 1.904367e+02
      vertex   8.856194e+01 9.996374e+01 1.904367e+02
      vertex   8.864767e+01 1.029637e+02 1.902992e+02
    endloop
  endfacet
  facet normal 8.486443e-01 0.000000e+00 5.289640e-01
    outer loop
      vertex   8.864767e+01 1.029637e+02 1.902992e+02
      vertex   8.856194e+01 9.996374e+01 1.904367e+02
      vertex   8.864767e+01 9.996374e+01 1.902992e+02
    endloop
  endfacet
  facet normal 7.907757e-01 0.000000e+00 6.121060e-01
    outer loop
      vertex   8.864767e+01 1.029637e+02 1.902992e+02
      vertex   8.864767e+01 9.996374e+01 1.902992e+02
      vertex   8.874688e+01 1.029637e+02 1.901710e+02
    endloop
  endfacet
  facet normal 7.907757e-01 0.000000e+00 6.121060e-01
    outer loop
      vertex   8.874688e+01 1.029637e+02 1.901710e+02
      vertex   8.864767e+01 9.996374e+01 1.902992e+02
      vertex   8.874688e+01 9.996374e+01 1.901710e+02
    endloop
  endfacet
  facet normal 7.247928e-01 0.000000e+00 6.889669e-01
    outer loop
      vertex   8.874688e+01 1.029637e+02 1.901710e+02
      vertex   8.874688e+01 9.996374e+01 1.901710e+02
      vertex   8.885855e+01 1.029637e+02 1.900535e+02
    endloop
  endfacet
  facet normal 7.247928e-01 0.000000e+00 6.889669e-01
    outer loop
      vertex   8.885855e+01 1.029637e+02 1.900535e+02
      vertex   8.874688e+01 9.996374e+01 1.901710e+02
      vertex   8.885855e+01 9.996374e+01 1.900535e+02
    endloop
  endfacet
  facet normal 6.513725e-01 0.000000e+00 7.587581e-01
    outer loop
      vertex   8.885855e+01 1.029637e+02 1.900535e+02
      vertex   8.885855e+01 9.996374e+01 1.900535e+02
      vertex   8.898152e+01 1.029637e+02 1.899480e+02
    endloop
  endfacet
  facet normal 6.513725e-01 0.000000e+00 7.587581e-01
    outer loop
      vertex   8.898152e+01 1.029637e+02 1.899480e+02
      vertex   8.885855e+01 9.996374e+01 1.900535e+02
      vertex   8.898152e+01 9.996374e+01 1.899480e+02
    endloop
  endfacet
  facet normal 5.712682e-01 0.000000e+00 8.207634e-01
    outer loop
      vertex   8.898152e+01 1.029637e+02 1.899480e+02
      vertex   8.898152e+01 9.996374e+01 1.899480e+02
      vertex   8.911455e+01 1.029637e+02 1.898554e+02
    endloop
  endfacet
  facet normal 5.712682e-01 0.000000e+00 8.207634e-01
    outer loop
      vertex   8.911455e+01 1.029637e+02 1.898554e+02
      vertex   8.898152e+01 9.996374e+01 1.899480e+02
      vertex   8.911455e+01 9.996374e+01 1.898554e+02
    endloop
  endfacet
  facet normal 4.853020e-01 0.000000e+00 8.743466e-01
    outer loop
      vertex   8.911455e+01 1.029637e+02 1.898554e+02
      vertex   8.911455e+01 9.996374e+01 1.898554e+02
      vertex   8.925626e+01 1.029637e+02 1.897767e+02
    endloop
  endfacet
  facet normal 4.853020e-01 0.000000e+00 8.743466e-01
    outer loop
      vertex   8.925626e+01 1.029637e+02 1.897767e+02
      vertex   8.911455e+01 9.996374e+01 1.898554e+02
      vertex   8.925626e+01 9.996374e+01 1.897767e+02
    endloop
  endfacet
  facet normal 3.943559e-01 0.000000e+00 9.189578e-01
    outer loop
      vertex   8.925626e+01 1.029637e+02 1.897767e+02
      vertex   8.925626e+01 9.996374e+01 1.897767e+02
      vertex   8.940521e+01 1.029637e+02 1.897128e+02
    endloop
  endfacet
  facet normal 3.943559e-01 0.000000e+00 9.189578e-01
    outer loop
      vertex   8.940521e+01 1.029637e+02 1.897128e+02
      vertex   8.925626e+01 9.996374e+01 1.897767e+02
      vertex   8.940521e+01 9.996374e+01 1.897128e+02
    endloop
  endfacet
  facet normal 2.993631e-01 0.000000e+00 9.541393e-01
    outer loop
      vertex   8.940521e+01 1.029637e+02 1.897128e+02
      vertex   8.940521e+01 9.996374e+01 1.897128e+02
      vertex   8.955985e+01 1.029637e+02 1.896643e+02
    endloop
  endfacet
  facet normal 2.993631e-01 0.000000e+00 9.541393e-01
    outer loop
      vertex   8.955985e+01 1.029637e+02 1.896643e+02
      vertex   8.940521e+01 9.996374e+01 1.897128e+02
      vertex   8.955985e+01 9.996374e+01 1.896643e+02
    endloop
  endfacet
  facet normal 2.012985e-01 0.000000e+00 9.795299e-01
    outer loop
      vertex   8.955985e+01 1.029637e+02 1.896643e+02
      vertex   8.955985e+01 9.996374e+01 1.896643e+02
      vertex   8.971861e+01 1.029637e+02 1.896317e+02
    endloop
  endfacet
  facet normal 2.012985e-01 0.000000e+00 9.795299e-01
    outer loop
      vertex   8.971861e+01 1.029637e+02 1.896317e+02
      vertex   8.955985e+01 9.996374e+01 1.896643e+02
      vertex   8.971861e+01 9.996374e+01 1.896317e+02
    endloop
  endfacet
  facet normal 1.011683e-01 0.000000e+00 9.948693e-01
    outer loop
      vertex   8.971861e+01 1.029637e+02 1.896317e+02
      vertex   8.971861e+01 9.996374e+01 1.896317e+02
      vertex   8.987985e+01 1.029637e+02 1.896153e+02
    endloop
  endfacet
  facet normal 1.011683e-01 0.000000e+00 9.948693e-01
    outer loop
      vertex   8.987985e+01 1.029637e+02 1.896153e+02
      vertex   8.971861e+01 9.996374e+01 1.896317e+02
      vertex   8.987985e+01 9.996374e+01 1.896153e+02
    endloop
  endfacet
  facet normal -0.000000e+00 0.000000e+00 1.000000e+00
    outer loop
      vertex   8.987985e+01 1.029637e+02 1.896153e+02
      vertex   8.987985e+01 9.996374e+01 1.896153e+02
      vertex   9.004193e+01 1.029637e+02 1.896153e+02
    endloop
  endfacet
  facet normal 0.000000e+00 0.000000e+00 1.000000e+00
    outer loop
      vertex   9.004193e+01 1.029637e+02 1.896153e+02
      vertex   8.987985e+01 9.996374e+01 1.896153e+02
      vertex   9.004193e+01 9.996374e+01 1.896153e+02
    endloop
  endfacet
  facet normal -1.011683e-01 0.000000e+00 9.948693e-01
    outer loop
      vertex   9.004193e+01 1.029637e+02 1.896153e+02
      vertex   9.004193e+01 9.996374e+01 1.896153e+02
      vertex   9.020318e+01 1.029637e+02 1.896317e+02
    endloop
  endfacet
  facet normal -1.011683e-01 0.000000e+00 9.948693e-01
    outer loop
      vertex   9.020318e+01 1.029637e+02 1.896317e+02
      vertex   9.004193e+01 9.996374e+01 1.896153e+02
      vertex   9.020318e+01 9.996374e+01 1.896317e+02
    endloop
  endfacet
  facet normal -2.012985e-01 0.000000e+00 9.795299e-01
    outer loop
      vertex   9.020318e+01 1.029637e+02 1.896317e+02
      vertex   9.020318e+01 9.996374e+01 1.896317e+02
      vertex   9.036194e+01 1.029637e+02 1.896643e+02
    endloop
  endfacet
  facet normal -2.012985e-01 0.000000e+00 9.795299e-01
    outer loop
      vertex   9.036194e+01 1.029637e+02 1.896643e+02
      vertex   9.020318e+01 9.996374e+01 1.896317e+02
      vertex   9.036194e+01 9.996374e+01 1.896643e+02
    endloop
  endfacet
  facet normal -2.993631e-01 0.000000e+00 9.541393e-01
    outer loop
      vertex   9.036194e+01 1.029637e+02 1.896643e+02
      vertex   9.036194e+01 9.996374e+01 1.896643e+02
      vertex   9.051658e+01 1.029637e+02 1.897128e+02
    endloop
  endfacet
  facet normal -2.993631e-01 0.000000e+00 9.541393e-01
    outer loop
      vertex   9.051658e+01 1.029637e+02 1.897128e+02
      vertex   9.036194e+01 9.996374e+01 1.896643e+02
      vertex   9.051658e+01 9.996374e+01 1.897128e+02
    endloop
  endfacet
  facet normal -3.943559e-01 0.000000e+00 9.189578e-01
    outer loop
      vertex   9.051658e+01 1.029637e+02 1.897128e+02
      vertex   9.051658e+01 9.996374e+01 1.897128e+02
      vertex   9.066552e+01 1.029637e+02 1.897767e+02
    endloop
  endfacet
  facet normal -3.943559e-01 0.000000e+00 9.189578e-01
    outer loop
      vertex   9.066552e+01 1.029637e+02 1.897767e+02
      vertex   9.051658e+01 9.996374e+01 1.897128e+02
      vertex   9.066552e+01 9.996374e+01 1.897767e+02
    endloop
  endfacet
  facet normal -4.853020e-01 0.000000e+00 8.743466e-01
    outer loop
      vertex   9.066552e+01 1.029637e+02 1.897767e+02
      vertex   9.066552e+01 9.996374e+01 1.897767e+02
      vertex   9.080724e+01 1.029637e+02 1.898554e+02
    endloop
  endfacet
  facet normal -4.853020e-01 0.000000e+00 8.743466e-01
    outer loop
      vertex   9.080724e+01 1.029637e+02 1.898554e+02
      vertex   9.066552e+01 9.996374e+01 1.897767e+02
      vertex   9.080724e+01 9.996374e+01 1.898554e+02
    endloop
  endfacet
  facet normal -5.712682e-01 0.000000e+00 8.207634e-01
    outer loop
      vertex   9.080724e+01 1.029637e+02 1.898554e+02
      vertex   9.080724e+01 9.996374e+01 1.898554e+02
      vertex   9.094026e+01 1.029637e+02 1.899480e+02
    endloop
  endfacet
  facet normal -5.712682e-01 0.000000e+00 8.207634e-01
    outer loop
      vertex   9.094026e+01 1.029637e+02 1.899480e+02
      vertex   9.080724e+01 9.996374e+01 1.898554e+02
      vertex   9.094026e+01 9.996374e+01 1.899480e+02
    endloop
  endfacet
  facet normal -6.513725e-01 0.000000e+00 7.587581e-01
    outer loop
      vertex   9.094026e+01 1.029637e+02 1.899480e+02
      vertex   9.094026e+01 9.996374e+01 1.899480e+02
      vertex   9.106324e+01 1.029637e+02 1.900535e+02
    endloop
  endfacet
  facet normal -6.513725e-01 0.000000e+00 7.587581e-01
    outer loop
      vertex   9.106324e+01 1.029637e+02 1.900535e+02
      vertex   9.094026e+01 9.996374e+01 1.899480e+02
      vertex   9.106324e+01 9.996374e+01 1.900535e+02
    endloop
  endfacet
  facet normal -7.247928e-01 0.000000e+00 6.889669e-01
    outer loop
      vertex   9.106324e+01 1.029637e+02 1.900535e+02
      vertex   9.106324e+01 9.996374e+01 1.900535e+02
      vertex   9.117491e+01 1.029637e+02 1.901710e+02
    endloop
  endfacet
  facet normal -7.247928e-01 0.000000e+00 6.889669e-01
    outer loop
      vertex   9.117491e+01 1.029637e+02 1.901710e+02
      vertex   9.106324e+01 9.996374e+01 1.900535e+02
      vertex   9.117491e+01 9.996374e+01 1.901710e+02
    endloop
  endfacet
  facet normal -7.907757e-01 0.000000e+00 6.121060e-01
    outer loop
      vertex   9.117491e+01 1.029637e+02 1.901710e+02
      vertex   9.117491e+01 9.996374e+01 1.901710e+02
      vertex   9.127411e+01 1.029637e+02 1.902992e+02
    endloop
  endfacet
  facet normal -7.907757e-01 0.000000e+00 6.121060e-01
    outer loop
      vertex   9.127411e+01 1.029637e+02 1.902992e+02
      vertex   9.117491e+01 9.996374e+01 1.901710e+02
      vertex   9.127411e+01 9.996374e+01 1.902992e+02
    endloop
  endfacet
  facet normal -8.486443e-01 0.000000e+00 5.289640e-01
    outer loop
      vertex   9.127411e+01 1.029637e+02 1.902992e+02
      vertex   9.127411e+01 9.996374e+01 1.902992e+02
      vertex   9.135985e+01 1.029637e+02 1.904367e+02
    endloop
  endfacet
  facet normal -8.486443e-01 0.000000e+00 5.289640e-01
    outer loop
      vertex   9.135985e+01 1.029637e+02 1.904367e+02
      vertex   9.127411e+01 9.996374e+01 1.902992e+02
      vertex   9.135985e+01 9.996374e+01 1.904367e+02
    endloop
  endfacet
  facet normal -8.978045e-01 0.000000e+00 4.403942e-01
    outer loop
      vertex   9.135985e+01 1.029637e+02 1.904367e+02
      vertex   9.135985e+01 9.996374e+01 1.904367e+02
      vertex   9.143123e+01 1.029637e+02 1.905822e+02
    endloop
  endfacet
  facet normal -8.978045e-01 0.000000e+00 4.403942e-01
    outer loop
      vertex   9.143123e+01 1.029637e+02 1.905822e+02
      vertex   9.135985e+01 9.996374e+01 1.904367e+02
      vertex   9.143123e+01 9.996374e+01 1.905822e+02
    endloop
  endfacet
  facet normal -9.377521e-01 0.000000e+00 3.473053e-01
    outer loop
      vertex   9.143123e+01 1.029637e+02 1.905822e+02
      vertex   9.143123e+01 9.996374e+01 1.905822e+02
      vertex   9.148752e+01 1.029637e+02 1.907342e+02
    endloop
  endfacet
  facet normal -9.377521e-01 4.442086e-15 3.473053e-01
    outer loop
      vertex   9.148752e+01 1.029637e+02 1.907342e+02
      vertex   9.143123e+01 9.996374e+01 1.905822e+02
      vertex   9.148752e+01 9.996374e+01 1.907342e+02
    endloop
  endfacet
  facet normal -9.680771e-01 4.585734e-15 2.506525e-01
    outer loop
      vertex   9.148752e+01 1.029637e+02 1.907342e+02
      vertex   9.148752e+01 9.996374e+01 1.907342e+02
      vertex   9.152814e+01 1.029637e+02 1.908911e+02
    endloop
  endfacet
  facet normal -9.680771e-01 0.000000e+00 2.506525e-01
    outer loop
      vertex   9.152814e+01 1.029637e+02 1.908911e+02
      vertex   9.148752e+01 9.996374e+01 1.907342e+02
      vertex   9.152814e+01 9.996374e+01 1.908911e+02
    endloop
  endfacet
  facet normal -9.884683e-01 0.000000e+00 1.514278e-01
    outer loop
      vertex   9.152814e+01 1.029637e+02 1.908911e+02
      vertex   9.152814e+01 9.996374e+01 1.908911e+02
      vertex   9.155268e+01 1.029637e+02 1.910513e+02
    endloop
  endfacet
  facet normal -9.884683e-01 0.000000e+00 1.514278e-01
    outer loop
      vertex   9.155268e+01 1.029637e+02 1.910513e+02
      vertex   9.152814e+01 9.996374e+01 1.908911e+02
      vertex   9.155268e+01 9.996374e+01 1.910513e+02
    endloop
  endfacet
  facet normal -9.987165e-01 0.000000e+00 5.064917e-02
    outer loop
      vertex   9.156089e+01 9.396374e+01 1.912132e+02
      vertex   9.156089e+01 9.696374e+01 1.912132e+02
      vertex   9.155268e+01 9.396374e+01 1.910513e+02
    endloop
  endfacet
  facet normal -9.987165e-01 0.000000e+00 5.064917e-02
    outer loop
      vertex   9.155268e+01 9.396374e+01 1.910513e+02
      vertex   9.156089e+01 9.696374e+01 1.912132e+02
      vertex   9.155268e+01 9.696374e+01 1.910513e+02
    endloop
  endfacet
  facet normal -9.884683e-01 0.000000e+00 1.514278e-01
    outer loop
      vertex   9.155268e+01 9.396374e+01 1.910513e+02
      vertex   9.155268e+01 9.696374e+01 1.910513e+02
      vertex   9.152814e+01 9.396374e+01 1.908911e+02
    endloop
  endfacet
  facet normal -9.884683e-01 0.000000e+00 1.514278e-01
    outer loop
      vertex   9.152814e+01 9.396374e+01 1.908911e+02
      vertex   9.155268e+01 9.696374e+01 1.910513e+02
      vertex   9.152814e+01 9.696374e+01 1.908911e+02
    endloop
  endfacet
  facet normal -9.680771e-01 0.000000e+00 2.506525e-01
    outer loop
      vertex   9.152814e+01 9.396374e+01 1.908911e+02
      vertex   9.152814e+01 9.696374e+01 1.908911e+02
      vertex   9.148752e+01 9.396374e+01 1.907342e+02
    endloop
  endfacet
  facet normal -9.680771e-01 0.000000e+00 2.506525e-01
    outer loop
      vertex   9.148752e+01 9.396374e+01 1.907342e+02
      vertex   9.152814e+01 9.696374e+01 1.908911e+02
      vertex   9.148752e+01 9.696374e+01 1.907342e+02
    endloop
  endfacet
  facet normal -9.377521e-01 0.000000e+00 3.473053e-01
    outer loop
      vertex   9.148752e+01 9.396374e+01 1.907342e+02
      vertex   9.148752e+01 9.696374e+01 1.907342e+02
      vertex   9.143123e+01 9.396374e+01 1.905822e+02
    endloop
  endfacet
  facet normal -9.377521e-01 0.000000e+00 3.473053e-01
    outer loop
      vertex   9.143123e+01 9.396374e+01 1.905822e+02
      vertex   9.148752e+01 9.696374e+01 1.907342e+02
      vertex   9.143123e+01 9.696374e+01 1.905822e+02
    endloop
  endfacet
  facet normal -8.978045e-01 0.000000e+00 4.403942e-01
    outer loop
      vertex   9.143123e+01 9.396374e+01 1.905822e+02
      vertex   9.143123e+01 9.696374e+01 1.905822e+02
      vertex   9.135985e+01 9.396374e+01 1.904367e+02
    endloop
  endfacet
  facet normal -8.978045e-01 0.000000e+00 4.403942e-01
    outer loop
      vertex   9.135985e+01 9.396374e+01 1.904367e+02
      vertex   9.143123e+01 9.696374e+01 1.905822e+02
      vertex   9.135985e+01 9.696374e+01 1.904367e+02
    endloop
  endfacet
  facet normal -8.486443e-01 0.000000e+00 5.289640e-01
    outer loop
      vertex   9.135985e+01 9.396374e+01 1.904367e+02
      vertex   9.135985e+01 9.696374e+01 1.904367e+02
      vertex   9.127411e+01 9.396374e+01 1.902992e+02
    endloop
  endfacet
  facet normal -8.486443e-01 0.000000e+00 5.289640e-01
    outer loop
      vertex   9.127411e+01 9.396374e+01 1.902992e+02
      vertex   9.135985e+01 9.696374e+01 1.904367e+02
      vertex   9.127411e+01 9.696374e+01 1.902992e+02
    endloop
  endfacet
  facet normal -7.907757e-01 0.000000e+00 6.121060e-01
    outer loop
      vertex   9.127411e+01 9.396374e+01 1.902992e+02
      vertex   9.127411e+01 9.696374e+01 1.902992e+02
      vertex   9.117491e+01 9.396374e+01 1.901710e+02
    endloop
  endfacet
  facet normal -7.907757e-01 0.000000e+00 6.121060e-01
    outer loop
      vertex   9.117491e+01 9.396374e+01 1.901710e+02
      vertex   9.127411e+01 9.696374e+01 1.902992e+02
      vertex   9.117491e+01 9.696374e+01 1.901710e+02
    endloop
  endfacet
  facet normal -7.247928e-01 0.000000e+00 6.889669e-01
    outer loop
      vertex   9.117491e+01 9.396374e+01 1.901710e+02
      vertex   9.117491e+01 9.696374e+01 1.901710e+02
      vertex   9.106324e+01 9.396374e+01 1.900535e+02
    endloop
  endfacet
  facet normal -7.247928e-01 0.000000e+00 6.889669e-01
    outer loop
      vertex   9.106324e+01 9.396374e+01 1.900535e+02
      vertex   9.117491e+01 9.696374e+01 1.901710e+02
      vertex   9.106324e+01 9.696374e+01 1.900535e+02
    endloop
  endfacet
  facet normal -6.513725e-01 0.000000e+00 7.587581e-01
    outer loop
      vertex   9.106324e+01 9.396374e+01 1.900535e+02
      vertex   9.106324e+01 9.696374e+01 1.900535e+02
      vertex   9.094026e+01 9.396374e+01 1.899480e+02
    endloop
  endfacet
  facet normal -6.513725e-01 0.000000e+00 7.587581e-01
    outer loop
      vertex   9.094026e+01 9.396374e+01 1.899480e+02
      vertex   9.106324e+01 9.696374e+01 1.900535e+02
      vertex   9.094026e+01 9.696374e+01 1.899480e+02
    endloop
  endfacet
  facet normal -5.712682e-01 0.000000e+00 8.207634e-01
    outer loop
      vertex   9.094026e+01 9.396374e+01 1.899480e+02
      vertex   9.094026e+01 9.696374e+01 1.899480e+02
      vertex   9.080724e+01 9.396374e+01 1.898554e+02
    endloop
  endfacet
  facet normal -5.712682e-01 0.000000e+00 8.207634e-01
    outer loop
      vertex   9.080724e+01 9.396374e+01 1.898554e+02
      vertex   9.094026e+01 9.696374e+01 1.899480e+02
      vertex   9.080724e+01 9.696374e+01 1.898554e+02
    endloop
  endfacet
  facet normal -4.853020e-01 0.000000e+00 8.743466e-01
    outer loop
      vertex   9.080724e+01 9.396374e+01 1.898554e+02
      vertex   9.080724e+01 9.696374e+01 1.898554e+02
      vertex   9.066552e+01 9.396374e+01 1.897767e+02
    endloop
  endfacet
  facet normal -4.853020e-01 0.000000e+00 8.743466e-01
    outer loop
      vertex   9.066552e+01 9.396374e+01 1.897767e+02
      vertex   9.080724e+01 9.696374e+01 1.898554e+02
      vertex   9.066552e+01 9.696374e+01 1.897767e+02
    endloop
  endfacet
  facet normal -3.943559e-01 0.000000e+00 9.189578e-01
    outer loop
      vertex   9.066552e+01 9.396374e+01 1.897767e+02
      vertex   9.066552e+01 9.696374e+01 1.897767e+02
      vertex   9.051658e+01 9.396374e+01 1.897128e+02
    endloop
  endfacet
  facet normal -3.943559e-01 0.000000e+00 9.189578e-01
    outer loop
      vertex   9.051658e+01 9.396374e+01 1.897128e+02
      vertex   9.066552e+01 9.696374e+01 1.897767e+02
      vertex   9.051658e+01 9.696374e+01 1.897128e+02
    endloop
  endfacet
  facet normal -2.993631e-01 0.000000e+00 9.541393e-01
    outer loop
      vertex   9.051658e+01 9.396374e+01 1.897128e+02
      vertex   9.051658e+01 9.696374e+01 1.897128e+02
      vertex   9.036194e+01 9.396374e+01 1.896643e+02
    endloop
  endfacet
  facet normal -2.993631e-01 0.000000e+00 9.541393e-01
    outer loop
      vertex   9.036194e+01 9.396374e+01 1.896643e+02
      vertex   9.051658e+01 9.696374e+01 1.897128e+02
      vertex   9.036194e+01 9.696374e+01 1.896643e+02
    endloop
  endfacet
  facet normal -2.012985e-01 0.000000e+00 9.795299e-01
    outer loop
      vertex   9.036194e+01 9.396374e+01 1.896643e+02
      vertex   9.036194e+01 9.696374e+01 1.896643e+02
      vertex   9.020318e+01 9.396374e+01 1.896317e+02
    endloop
  endfacet
  facet normal -2.012985e-01 0.000000e+00 9.795299e-01
    outer loop
      vertex   9.020318e+01 9.396374e+01 1.896317e+02
      vertex   9.036194e+01 9.696374e+01 1.896643e+02
      vertex   9.020318e+01 9.696374e+01 1.896317e+02
    endloop
  endfacet
  facet normal -1.011683e-01 0.000000e+00 9.948693e-01
    outer loop
      vertex   9.020318e+01 9.396374e+01 1.896317e+02
      vertex   9.020318e+01 9.696374e+01 1.896317e+02
      vertex   9.004193e+01 9.396374e+01 1.896153e+02
    endloop
  endfacet
  facet normal -1.011683e-01 0.000000e+00 9.948693e-01
    outer loop
      vertex   9.004193e+01 9.396374e+01 1.896153e+02
      vertex   9.020318e+01 9.696374e+01 1.896317e+02
      vertex   9.004193e+01 9.696374e+01 1.896153e+02
    endloop
  endfacet
  facet normal 0.000000e+00 -0.000000e+00 1.000000e+00
    outer loop
      vertex   9.004193e+01 9.396374e+01 1.896153e+02
      vertex   9.004193e+01 9.696374e+01 1.896153e+02
      vertex   8.987985e+01 9.396374e+01 1.896153e+02
    endloop
  endfacet
  facet normal 0.000000e+00 0.000000e+00 1.000000e+00
    outer loop
      vertex   8.987985e+01 9.396374e+01 1.896153e+02
      vertex   9.004193e+01 9.696374e+01 1.896153e+02
      vertex   8.987985e+01 9.696374e+01 1.896153e+02
    endloop
  endfacet
  facet normal 1.011683e-01 -0.000000e+00 9.948693e-01
    outer loop
      vertex   8.987985e+01 9.396374e+01 1.896153e+02
      vertex   8.987985e+01 9.696374e+01 1.896153e+02
      vertex   8.971861e+01 9.396374e+01 1.896317e+02
    endloop
  endfacet
  facet normal 1.011683e-01 -0.000000e+00 9.948693e-01
    outer loop
      vertex   8.971861e+01 9.396374e+01 1.896317e+02
      vertex   8.987985e+01 9.696374e+01 1.896153e+02
      vertex   8.971861e+01 9.696374e+01 1.896317e+02
    endloop
  endfacet
  facet normal 2.012985e-01 -0.000000e+00 9.795299e-01
    outer loop
      vertex   8.971861e+01 9.396374e+01 1.896317e+02
      vertex   8.971861e+01 9.696374e+01 1.896317e+02
      vertex   8.955985e+01 9.396374e+01 1.896643e+02
    endloop
  endfacet
  facet normal 2.012985e-01 -0.000000e+00 9.795299e-01
    outer loop
      vertex   8.955985e+01 9.396374e+01 1.896643e+02
      vertex   8.971861e+01 9.696374e+01 1.896317e+02
      vertex   8.955985e+01 9.696374e+01 1.896643e+02
    endloop
  endfacet
  facet normal 2.993631e-01 -0.000000e+00 9.541393e-01
    outer loop
      vertex   8.955985e+01 9.396374e+01 1.896643e+02
      vertex   8.955985e+01 9.696374e+01 1.896643e+02
      vertex   8.940521e+01 9.396374e+01 1.897128e+02
    endloop
  endfacet
  facet normal 2.993631e-01 -0.000000e+00 9.541393e-01
    outer loop
      vertex   8.940521e+01 9.396374e+01 1.897128e+02
      vertex   8.955985e+01 9.696374e+01 1.896643e+02
      vertex   8.940521e+01 9.696374e+01 1.897128e+02
    endloop
  endfacet
  facet normal 3.943559e-01 -0.000000e+00 9.189578e-01
    outer loop
      vertex   8.940521e+01 9.396374e+01 1.897128e+02
      vertex   8.940521e+01 9.696374e+01 1.897128e+02
      vertex   8.925626e+01 9.396374e+01 1.897767e+02
    endloop
  endfacet
  facet normal 3.943559e-01 -0.000000e+00 9.189578e-01
    outer loop
      vertex   8.925626e+01 9.396374e+01 1.897767e+02
      vertex   8.940521e+01 9.696374e+01 1.897128e+02
      vertex   8.925626e+01 9.696374e+01 1.897767e+02
    endloop
  endfacet
  facet normal 4.853020e-01 -0.000000e+00 8.743466e-01
    outer loop
      vertex   8.925626e+01 9.396374e+01 1.897767e+02
      vertex   8.925626e+01 9.696374e+01 1.897767e+02
      vertex   8.911455e+01 9.396374e+01 1.898554e+02
    endloop
  endfacet
  facet normal 4.853020e-01 -0.000000e+00 8.743466e-01
    outer loop
      vertex   8.911455e+01 9.396374e+01 1.898554e+02
      vertex   8.925626e+01 9.696374e+01 1.897767e+02
      vertex   8.911455e+01 9.696374e+01 1.898554e+02
    endloop
  endfacet
  facet normal 5.712682e-01 -0.000000e+00 8.207634e-01
    outer loop
      vertex   8.911455e+01 9.396374e+01 1.898554e+02
      vertex   8.911455e+01 9.696374e+01 1.898554e+02
      vertex   8.898152e+01 9.396374e+01 1.899480e+02
    endloop
  endfacet
  facet normal 5.712682e-01 -0.000000e+00 8.207634e-01
    outer loop
      vertex   8.898152e+01 9.396374e+01 1.899480e+02
      vertex   8.911455e+01 9.696374e+01 1.898554e+02
      vertex   8.898152e+01 9.696374e+01 1.899480e+02
    endloop
  endfacet
  facet normal 6.513725e-01 -0.000000e+00 7.587581e-01
    outer loop
      vertex   8.898152e+01 9.396374e+01 1.899480e+02
      vertex   8.898152e+01 9.696374e+01 1.899480e+02
      vertex   8.885855e+01 9.396374e+01 1.900535e+02
    endloop
  endfacet
  facet normal 6.513725e-01 -0.000000e+00 7.587581e-01
    outer loop
      vertex   8.885855e+01 9.396374e+01 1.900535e+02
      vertex   8.898152e+01 9.696374e+01 1.899480e+02
      vertex   8.885855e+01 9.696374e+01 1.900535e+02
    endloop
  endfacet
  facet normal 7.247928e-01 -0.000000e+00 6.889669e-01
    outer loop
      vertex   8.885855e+01 9.396374e+01 1.900535e+02
      vertex   8.885855e+01 9.696374e+01 1.900535e+02
      vertex   8.874688e+01 9.396374e+01 1.901710e+02
    endloop
  endfacet
  facet normal 7.247928e-01 -0.000000e+00 6.889669e-01
    outer loop
      vertex   8.874688e+01 9.396374e+01 1.901710e+02
      vertex   8.885855e+01 9.696374e+01 1.900535e+02
      vertex   8.874688e+01 9.696374e+01 1.901710e+02
    endloop
  endfacet
  facet normal 7.907757e-01 -0.000000e+00 6.121060e-01
    outer loop
      vertex   8.874688e+01 9.396374e+01 1.901710e+02
      vertex   8.874688e+01 9.696374e+01 1.901710e+02
      vertex   8.864767e+01 9.396374e+01 1.902992e+02
    endloop
  endfacet
  facet normal 7.907757e-01 -0.000000e+00 6.121060e-01
    outer loop
      vertex   8.864767e+01 9.396374e+01 1.902992e+02
      vertex   8.874688e+01 9.696374e+01 1.901710e+02
      vertex   8.864767e+01 9.696374e+01 1.902992e+02
    endloop
  endfacet
  facet normal 8.486443e-01 -0.000000e+00 5.289640e-01
    outer loop
      vertex   8.864767e+01 9.396374e+01 1.902992e+02
      vertex   8.864767e+01 9.696374e+01 1.902992e+02
      vertex   8.856194e+01 9.396374e+01 1.904367e+02
    endloop
  endfacet
  facet normal 8.486443e-01 -0.000000e+00 5.289640e-01
    outer loop
      vertex   8.856194e+01 9.396374e+01 1.904367e+02
      vertex   8.864767e+01 9.696374e+01 1.902992e+02
      vertex   8.856194e+01 9.696374e+01 1.904367e+02
    endloop
  endfacet
  facet normal 8.978045e-01 -0.000000e+00 4.403942e-01
    outer loop
      vertex   8.856194e+01 9.396374e+01 1.904367e+02
      vertex   8.856194e+01 9.696374e+01 1.904367e+02
      vertex   8.849056e+01 9.396374e+01 1.905822e+02
    endloop
  endfacet
  facet normal 8.978045e-01 -0.000000e+00 4.403942e-01
    outer loop
      vertex   8.849056e+01 9.396374e+01 1.905822e+02
      vertex   8.856194e+01 9.696374e+01 1.904367e+02
      vertex   8.849056e+01 9.696374e+01 1.905822e+02
    endloop
  endfacet
  facet normal 9.377521e-01 -0.000000e+00 3.473053e-01
    outer loop
      vertex   8.849056e+01 9.396374e+01 1.905822e+02
      vertex   8.849056e+01 9.696374e+01 1.905822e+02
      vertex   8.843427e+01 9.396374e+01 1.907342e+02
    endloop
  endfacet
  facet normal 9.377521e-01 -0.000000e+00 3.473053e-01
    outer loop
      vertex   8.843427e+01 9.396374e+01 1.907342e+02
      vertex   8.849056e+01 9.696374e+01 1.905822e+02
      vertex   8.843427e+01 9.696374e+01 1.907342e+02
    endloop
  endfacet
  facet normal 9.680771e-01 -0.000000e+00 2.506525e-01
    outer loop
      vertex   8.843427e+01 9.396374e+01 1.907342e+02
      vertex   8.843427e+01 9.696374e+01 1.907342e+02
      vertex   8.839365e+01 9.396374e+01 1.908911e+02
    endloop
  endfacet
  facet normal 9.680771e-01 -0.000000e+00 2.506525e-01
    outer loop
      vertex   8.839365e+01 9.396374e+01 1.908911e+02
      vertex   8.843427e+01 9.696374e+01 1.907342e+02
      vertex   8.839365e+01 9.696374e+01 1.908911e+02
    endloop
  endfacet
  facet normal 9.884683e-01 -0.000000e+00 1.514278e-01
    outer loop
      vertex   8.839365e+01 9.396374e+01 1.908911e+02
      vertex   8.839365e+01 9.696374e+01 1.908911e+02
      vertex   8.836910e+01 9.396374e+01 1.910513e+02
    endloop
  endfacet
  facet normal 9.884683e-01 -0.000000e+00 1.514278e-01
    outer loop
      vertex   8.836910e+01 9.396374e+01 1.910513e+02
      vertex   8.839365e+01 9.696374e+01 1.908911e+02
      vertex   8.836910e+01 9.696374e+01 1.910513e+02
    endloop
  endfacet
  facet normal 9.987165e-01 -0.000000e+00 5.064917e-02
    outer loop
      vertex   8.836910e+01 9.396374e+01 1.910513e+02
      vertex   8.836910e+01 9.696374e+01 1.910513e+02
      vertex   8.836089e+01 9.396374e+01 1.912132e+02
    endloop
  endfacet
  facet normal 9.987165e-01 -0.000000e+00 5.064917e-02
    outer loop
      vertex   8.836089e+01 9.396374e+01 1.912132e+02
      vertex   8.836910e+01 9.696374e+01 1.910513e+02
      vertex   8.836089e+01 9.696374e+01 1.912132e+02
    endloop
  endfacet
  facet normal 9.987165e-01 0.000000e+00 -5.064917e-02
    outer loop
      vertex   8.836089e+01 9.396374e+01 1.912132e+02
      vertex   8.836089e+01 9.696374e+01 1.912132e+02
      vertex   8.836910e+01 9.396374e+01 1.913751e+02
    endloop
  endfacet
  facet normal 9.987165e-01 0.000000e+00 -5.064917e-02
    outer loop
      vertex   8.836910e+01 9.396374e+01 1.913751e+02
      vertex   8.836089e+01 9.696374e+01 1.912132e+02
      vertex   8.836910e+01 9.696374e+01 1.913751e+02
    endloop
  endfacet
  facet normal 9.884683e-01 0.000000e+00 -1.514278e-01
    outer loop
      vertex   8.836910e+01 9.396374e+01 1.913751e+02
      vertex   8.836910e+01 9.696374e+01 1.913751e+02
      vertex   8.839365e+01 9.396374e+01 1.915353e+02
    endloop
  endfacet
  facet normal 9.884683e-01 0.000000e+00 -1.514278e-01
    outer loop
      vertex   8.839365e+01 9.396374e+01 1.915353e+02
      vertex   8.836910e+01 9.696374e+01 1.913751e+02
      vertex   8.839365e+01 9.696374e+01 1.915353e+02
    endloop
  endfacet
  facet normal 9.680771e-01 0.000000e+00 -2.506525e-01
    outer loop
      vertex   8.839365e+01 9.396374e+01 1.915353e+02
      vertex   8.839365e+01 9.696374e+01 1.915353e+02
      vertex   8.843427e+01 9.396374e+01 1.916922e+02
    endloop
  endfacet
  facet normal 9.680771e-01 0.000000e+00 -2.506525e-01
    outer loop
      vertex   8.843427e+01 9.396374e+01 1.916922e+02
      vertex   8.839365e+01 9.696374e+01 1.915353e+02
      vertex   8.843427e+01 9.696374e+01 1.916922e+02
    endloop
  endfacet
  facet normal 9.377521e-01 0.000000e+00 -3.473053e-01
    outer loop
      vertex   8.843427e+01 9.396374e+01 1.916922e+02
      vertex   8.843427e+01 9.696374e+01 1.916922e+02
      vertex   8.849056e+01 9.396374e+01 1.918442e+02
    endloop
  endfacet
  facet normal 9.377521e-01 0.000000e+00 -3.473053e-01
    outer loop
      vertex   8.849056e+01 9.396374e+01 1.918442e+02
      vertex   8.843427e+01 9.696374e+01 1.916922e+02
      vertex   8.849056e+01 9.696374e+01 1.918442e+02
    endloop
  endfacet
  facet normal 8.978045e-01 0.000000e+00 -4.403942e-01
    outer loop
      vertex   8.849056e+01 9.396374e+01 1.918442e+02
      vertex   8.849056e+01 9.696374e+01 1.918442e+02
      vertex   8.856194e+01 9.396374e+01 1.919897e+02
    endloop
  endfacet
  facet normal 8.978045e-01 -4.172252e-15 -4.403942e-01
    outer loop
      vertex   8.856194e+01 9.396374e+01 1.919897e+02
      vertex   8.849056e+01 9.696374e+01 1.918442e+02
      vertex   8.856194e+01 9.696374e+01 1.919897e+02
    endloop
  endfacet
  facet normal 8.486443e-01 -5.011354e-15 -5.289640e-01
    outer loop
      vertex   8.856194e+01 9.396374e+01 1.919897e+02
      vertex   8.856194e+01 9.696374e+01 1.919897e+02
      vertex   8.864767e+01 9.396374e+01 1.921272e+02
    endloop
  endfacet
  facet normal 8.486443e-01 0.000000e+00 -5.289640e-01
    outer loop
      vertex   8.864767e+01 9.396374e+01 1.921272e+02
      vertex   8.856194e+01 9.696374e+01 1.919897e+02
      vertex   8.864767e+01 9.696374e+01 1.921272e+02
    endloop
  endfacet
  facet normal 7.907757e-01 0.000000e+00 -6.121060e-01
    outer loop
      vertex   8.864767e+01 9.396374e+01 1.921272e+02
      vertex   8.864767e+01 9.696374e+01 1.921272e+02
      vertex   8.874688e+01 9.396374e+01 1.922554e+02
    endloop
  endfacet
  facet normal 7.907757e-01 0.000000e+00 -6.121060e-01
    outer loop
      vertex   8.874688e+01 9.396374e+01 1.922554e+02
      vertex   8.864767e+01 9.696374e+01 1.921272e+02
      vertex   8.874688e+01 9.696374e+01 1.922554e+02
    endloop
  endfacet
  facet normal 7.247928e-01 0.000000e+00 -6.889669e-01
    outer loop
      vertex   8.874688e+01 9.396374e+01 1.922554e+02
      vertex   8.874688e+01 9.696374e+01 1.922554e+02
      vertex   8.885855e+01 9.396374e+01 1.923729e+02
    endloop
  endfacet
  facet normal 7.247928e-01 0.000000e+00 -6.889669e-01
    outer loop
      vertex   8.885855e+01 9.396374e+01 1.923729e+02
      vertex   8.874688e+01 9.696374e+01 1.922554e+02
      vertex   8.885855e+01 9.696374e+01 1.923729e+02
    endloop
  endfacet
  facet normal 6.513725e-01 0.000000e+00 -7.587581e-01
    outer loop
      vertex   8.885855e+01 9.396374e+01 1.923729e+02
      vertex   8.885855e+01 9.696374e+01 1.923729e+02
      vertex   8.898152e+01 9.396374e+01 1.924784e+02
    endloop
  endfacet
  facet normal 6.513725e-01 0.000000e+00 -7.587581e-01
    outer loop
      vertex   8.898152e+01 9.396374e+01 1.924784e+02
      vertex   8.885855e+01 9.696374e+01 1.923729e+02
      vertex   8.898152e+01 9.696374e+01 1.924784e+02
    endloop
  endfacet
  facet normal 5.712682e-01 0.000000e+00 -8.207634e-01
    outer loop
      vertex   8.898152e+01 9.396374e+01 1.924784e+02
      vertex   8.898152e+01 9.696374e+01 1.924784e+02
      vertex   8.911455e+01 9.396374e+01 1.925710e+02
    endloop
  endfacet
  facet normal 5.712682e-01 0.000000e+00 -8.207634e-01
    outer loop
      vertex   8.911455e+01 9.396374e+01 1.925710e+02
      vertex   8.898152e+01 9.696374e+01 1.924784e+02
      vertex   8.911455e+01 9.696374e+01 1.925710e+02
    endloop
  endfacet
  facet normal 4.853020e-01 0.000000e+00 -8.743466e-01
    outer loop
      vertex   8.911455e+01 9.396374e+01 1.925710e+02
      vertex   8.911455e+01 9.696374e+01 1.925710e+02
      vertex   8.925626e+01 9.396374e+01 1.926497e+02
    endloop
  endfacet
  facet normal 4.853020e-01 0.000000e+00 -8.743466e-01
    outer loop
      vertex   8.925626e+01 9.396374e+01 1.926497e+02
      vertex   8.911455e+01 9.696374e+01 1.925710e+02
      vertex   8.925626e+01 9.696374e+01 1.926497e+02
    endloop
  endfacet
  facet normal 3.943559e-01 0.000000e+00 -9.189578e-01
    outer loop
      vertex   8.925626e+01 9.396374e+01 1.926497e+02
      vertex   8.925626e+01 9.696374e+01 1.926497e+02
      vertex   8.940521e+01 9.396374e+01 1.927136e+02
    endloop
  endfacet
  facet normal 3.943559e-01 0.000000e+00 -9.189578e-01
    outer loop
      vertex   8.940521e+01 9.396374e+01 1.927136e+02
      vertex   8.925626e+01 9.696374e+01 1.926497e+02
      vertex   8.940521e+01 9.696374e+01 1.927136e+02
    endloop
  endfacet
  facet normal 2.993631e-01 0.000000e+00 -9.541393e-01
    outer loop
      vertex   8.940521e+01 9.396374e+01 1.927136e+02
      vertex   8.940521e+01 9.696374e+01 1.927136e+02
      vertex   8.955985e+01 9.396374e+01 1.927621e+02
    endloop
  endfacet
  facet normal 2.993631e-01 0.000000e+00 -9.541393e-01
    outer loop
      vertex   8.955985e+01 9.396374e+01 1.927621e+02
      vertex   8.940521e+01 9.696374e+01 1.927136e+02
      vertex   8.955985e+01 9.696374e+01 1.927621e+02
    endloop
  endfacet
  facet normal 2.012985e-01 0.000000e+00 -9.795299e-01
    outer loop
      vertex   8.955985e+01 9.396374e+01 1.927621e+02
      vertex   8.955985e+01 9.696374e+01 1.927621e+02
      vertex   8.971861e+01 9.396374e+01 1.927948e+02
    endloop
  endfacet
  facet normal 2.012985e-01 0.000000e+00 -9.795299e-01
    outer loop
      vertex   8.971861e+01 9.396374e+01 1.927948e+02
      vertex   8.955985e+01 9.696374e+01 1.927621e+02
      vertex   8.971861e+01 9.696374e+01 1.927948e+02
    endloop
  endfacet
  facet normal 1.011683e-01 0.000000e+00 -9.948693e-01
    outer loop
      vertex   8.971861e+01 9.396374e+01 1.927948e+02
      vertex   8.971861e+01 9.696374e+01 1.927948e+02
      vertex   8.987985e+01 9.396374e+01 1.928112e+02
    endloop
  endfacet
  facet normal 1.011683e-01 0.000000e+00 -9.948693e-01
    outer loop
      vertex   8.987985e+01 9.396374e+01 1.928112e+02
      vertex   8.971861e+01 9.696374e+01 1.927948e+02
      vertex   8.987985e+01 9.696374e+01 1.928112e+02
    endloop
  endfacet
  facet normal 0.000000e+00 0.000000e+00 -1.000000e+00
    outer loop
      vertex   8.987985e+01 9.396374e+01 1.928112e+02
      vertex   8.987985e+01 9.696374e+01 1.928112e+02
      vertex   9.004193e+01 9.396374e+01 1.928112e+02
    endloop
  endfacet
  facet normal 0.000000e+00 0.000000e+00 -1.000000e+00
    outer loop
      vertex   9.004193e+01 9.396374e+01 1.928112e+02
      vertex   8.987985e+01 9.696374e+01 1.928112e+02
      vertex   9.004193e+01 9.696374e+01 1.928112e+02
    endloop
  endfacet
  facet normal -1.011683e-01 0.000000e+00 -9.948693e-01
    outer loop
      vertex   9.004193e+01 9.396374e+01 1.928112e+02
      vertex   9.004193e+01 9.696374e+01 1.928112e+02
      vertex   9.020318e+01 9.396374e+01 1.927948e+02
    endloop
  endfacet
  facet normal -1.011683e-01 0.000000e+00 -9.948693e-01
    outer loop
      vertex   9.020318e+01 9.396374e+01 1.927948e+02
      vertex   9.004193e+01 9.696374e+01 1.928112e+02
      vertex   9.020318e+01 9.696374e+01 1.927948e+02
    endloop
  endfacet
  facet normal -2.012985e-01 0.000000e+00 -9.795299e-01
    outer loop
      vertex   9.020318e+01 9.396374e+01 1.927948e+02
      vertex   9.020318e+01 9.696374e+01 1.927948e+02
      vertex   9.036194e+01 9.396374e+01 1.927621e+02
    endloop
  endfacet
  facet normal -2.012985e-01 0.000000e+00 -9.795299e-01
    outer loop
      vertex   9.036194e+01 9.396374e+01 1.927621e+02
      vertex   9.020318e+01 9.696374e+01 1.927948e+02
      vertex   9.036194e+01 9.696374e+01 1.927621e+02
    endloop
  endfacet
  facet normal -2.993631e-01 0.000000e+00 -9.541393e-01
    outer loop
      vertex   9.036194e+01 9.396374e+01 1.927621e+02
      vertex   9.036194e+01 9.696374e+01 1.927621e+02
      vertex   9.051658e+01 9.396374e+01 1.927136e+02
    endloop
  endfacet
  facet normal -2.993631e-01 0.000000e+00 -9.541393e-01
    outer loop
      vertex   9.051658e+01 9.396374e+01 1.927136e+02
      vertex   9.036194e+01 9.696374e+01 1.927621e+02
      vertex   9.051658e+01 9.696374e+01 1.927136e+02
    endloop
  endfacet
  facet normal -3.943559e-01 0.000000e+00 -9.189578e-01
    outer loop
      vertex   9.051658e+01 9.396374e+01 1.927136e+02
      vertex   9.051658e+01 9.696374e+01 1.927136e+02
      vertex   9.066552e+01 9.396374e+01 1.926497e+02
    endloop
  endfacet
  facet normal -3.943559e-01 0.000000e+00 -9.189578e-01
    outer loop
      vertex   9.066552e+01 9.396374e+01 1.926497e+02
      vertex   9.051658e+01 9.696374e+01 1.927136e+02
      vertex   9.066552e+01 9.696374e+01 1.926497e+02
    endloop
  endfacet
  facet normal -4.853020e-01 0.000000e+00 -8.743466e-01
    outer loop
      vertex   9.066552e+01 9.396374e+01 1.926497e+02
      vertex   9.066552e+01 9.696374e+01 1.926497e+02
      vertex   9.080724e+01 9.396374e+01 1.925710e+02
    endloop
  endfacet
  facet normal -4.853020e-01 0.000000e+00 -8.743466e-01
    outer loop
      vertex   9.080724e+01 9.396374e+01 1.925710e+02
      vertex   9.066552e+01 9.696374e+01 1.926497e+02
      vertex   9.080724e+01 9.696374e+01 1.925710e+02
    endloop
  endfacet
  facet normal -5.712682e-01 0.000000e+00 -8.207634e-01
    outer loop
      vertex   9.080724e+01 9.396374e+01 1.925710e+02
      vertex   9.080724e+01 9.696374e+01 1.925710e+02
      vertex   9.094026e+01 9.396374e+01 1.924784e+02
    endloop
  endfacet
  facet normal -5.712682e-01 0.000000e+00 -8.207634e-01
    outer loop
      vertex   9.094026e+01 9.396374e+01 1.924784e+02
      vertex   9.080724e+01 9.696374e+01 1.925710e+02
      vertex   9.094026e+01 9.696374e+01 1.924784e+02
    endloop
  endfacet
  facet normal -6.513725e-01 0.000000e+00 -7.587581e-01
    outer loop
      vertex   9.094026e+01 9.396374e+01 1.924784e+02
      vertex   9.094026e+01 9.696374e+01 1.924784e+02
      vertex   9.106324e+01 9.396374e+01 1.923729e+02
    endloop
  endfacet
  facet normal -6.513725e-01 0.000000e+00 -7.587581e-01
    outer loop
      vertex   9.106324e+01 9.396374e+01 1.923729e+02
      vertex   9.094026e+01 9.696374e+01 1.924784e+02
      vertex   9.106324e+01 9.696374e+01 1.923729e+02
    endloop
  endfacet
  facet normal -7.247928e-01 0.000000e+00 -6.889669e-01
    outer loop
      vertex   9.106324e+01 9.396374e+01 1.923729e+02
      vertex   9.106324e+01 9.696374e+01 1.923729e+02
      vertex   9.117491e+01 9.396374e+01 1.922554e+02
    endloop
  endfacet
  facet normal -7.247928e-01 0.000000e+00 -6.889669e-01
    outer loop
      vertex   9.117491e+01 9.396374e+01 1.922554e+02
      vertex   9.106324e+01 9.696374e+01 1.923729e+02
      vertex   9.117491e+01 9.696374e+01 1.922554e+02
    endloop
  endfacet
  facet normal -7.907757e-01 0.000000e+00 -6.121060e-01
    outer loop
      vertex   9.117491e+01 9.396374e+01 1.922554e+02
      vertex   9.117491e+01 9.696374e+01 1.922554e+02
      vertex   9.127411e+01 9.396374e+01 1.921272e+02
    endloop
  endfacet
  facet normal -7.907757e-01 0.000000e+00 -6.121060e-01
    outer loop
      vertex   9.127411e+01 9.396374e+01 1.921272e+02
      vertex   9.117491e+01 9.696374e+01 1.922554e+02
      vertex   9.127411e+01 9.696374e+01 1.921272e+02
    endloop
  endfacet
  facet normal -8.486443e-01 0.000000e+00 -5.289640e-01
    outer loop
      vertex   9.127411e+01 9.396374e+01 1.921272e+02
      vertex   9.127411e+01 9.696374e+01 1.921272e+02
      vertex   9.135985e+01 9.396374e+01 1.919897e+02
    endloop
  endfacet
  facet normal -8.486443e-01 0.000000e+00 -5.289640e-01
    outer loop
      vertex   9.135985e+01 9.396374e+01 1.919897e+02
      vertex   9.127411e+01 9.696374e+01 1.921272e+02
      vertex   9.135985e+01 9.696374e+01 1.919897e+02
    endloop
  endfacet
  facet normal -8.978045e-01 0.000000e+00 -4.403942e-01
    outer loop
      vertex   9.135985e+01 9.396374e+01 1.919897e+02
      vertex   9.135985e+01 9.696374e+01 1.919897e+02
      vertex   9.143123e+01 9.396374e+01 1.918442e+02
    endloop
  endfacet
  facet normal -8.978045e-01 0.000000e+00 -4.403942e-01
    outer loop
      vertex   9.143123e+01 9.396374e+01 1.918442e+02
      vertex   9.135985e+01 9.696374e+01 1.919897e+02
      vertex   9.143123e+01 9.696374e+01 1.918442e+02
    endloop
  endfacet
  facet normal -9.377521e-01 0.000000e+00 -3.473053e-01
    outer loop
      vertex   9.143123e+01 9.396374e+01 1.918442e+02
      vertex   9.143123e+01 9.696374e+01 1.918442e+02
      vertex   9.148752e+01 9.396374e+01 1.916922e+02
    endloop
  endfacet
  facet normal -9.377521e-01 0.000000e+00 -3.473053e-01
    outer loop
      vertex   9.148752e+01 9.396374e+01 1.916922e+02
      vertex   9.143123e+01 9.696374e+01 1.918442e+02
      vertex   9.148752e+01 9.696374e+01 1.916922e+02
    endloop
  endfacet
  facet normal -9.680771e-01 0.000000e+00 -2.506525e-01
    outer loop
      vertex   9.148752e+01 9.396374e+01 1.916922e+02
      vertex   9.148752e+01 9.696374e+01 1.916922e+02
      vertex   9.152814e+01 9.396374e+01 1.915353e+02
    endloop
  endfacet
  facet normal -9.680771e-01 0.000000e+00 -2.506525e-01
    outer loop
      vertex   9.152814e+01 9.396374e+01 1.915353e+02
      vertex   9.148752e+01 9.696374e+01 1.916922e+02
      vertex   9.152814e+01 9.696374e+01 1.915353e+02
    endloop
  endfacet
  facet normal -9.884683e-01 0.000000e+00 -1.514278e-01
    outer loop
      vertex   9.152814e+01 9.396374e+01 1.915353e+02
      vertex   9.152814e+01 9.696374e+01 1.915353e+02
      vertex   9.155268e+01 9.396374e+01 1.913751e+02
    endloop
  endfacet
  facet normal -9.884683e-01 0.000000e+00 -1.514278e-01
    outer loop
      vertex   9.155268e+01 9.396374e+01 1.913751e+02
      vertex   9.152814e+01 9.696374e+01 1.915353e+02
      vertex   9.155268e+01 9.696374e+01 1.913751e+02
    endloop
  endfacet
  facet normal -9.987165e-01 0.000000e+00 -5.064917e-02
    outer loop
      vertex   9.155268e+01 9.396374e+01 1.913751e+02
      vertex   9.155268e+01 9.696374e+01 1.913751e+02
      vertex   9.156089e+01 9.396374e+01 1.912132e+02
    endloop
  endfacet
  facet normal -9.987165e-01 0.000000e+00 -5.064917e-02
    outer loop
      vertex   9.156089e+01 9.396374e+01 1.912132e+02
      vertex   9.155268e+01 9.696374e+01 1.913751e+02
      vertex   9.156089e+01 9.696374e+01 1.912132e+02
    endloop
  endfacet
  facet normal -9.987165e-01 0.000000e+00 5.064917e-02
    outer loop
      vertex   9.156089e+01 9.696374e+01 1.912132e+02
      vertex   9.156089e+01 9.996374e+01 1.912132e+02
      vertex   9.155268e+01 9.696374e+01 1.910513e+02
    endloop
  endfacet
  facet normal -9.987165e-01 0.000000e+00 5.064917e-02
    outer loop
      vertex   9.155268e+01 9.696374e+01 1.910513e+02
      vertex   9.156089e+01 9.996374e+01 1.912132e+02
      vertex   9.155268e+01 9.996374e+01 1.910513e+02
    endloop
  endfacet
  facet normal -9.884683e-01 0.000000e+00 1.514278e-01
    outer loop
      vertex   9.155268e+01 9.696374e+01 1.910513e+02
      vertex   9.155268e+01 9.996374e+01 1.910513e+02
      vertex   9.152814e+01 9.696374e+01 1.908911e+02
    endloop
  endfacet
  facet normal -9.884683e-01 0.000000e+00 1.514278e-01
    outer loop
      vertex   9.152814e+01 9.696374e+01 1.908911e+02
      vertex   9.155268e+01 9.996374e+01 1.910513e+02
      vertex   9.152814e+01 9.996374e+01 1.908911e+02
    endloop
  endfacet
  facet normal -9.680771e-01 0.000000e+00 2.506525e-01
    outer loop
      vertex   9.152814e+01 9.696374e+01 1.908911e+02
      vertex   9.152814e+01 9.996374e+01 1.908911e+02
      vertex   9.148752e+01 9.696374e+01 1.907342e+02
    endloop
  endfacet
  facet normal -9.680771e-01 0.000000e+00 2.506525e-01
    outer loop
      vertex   9.148752e+01 9.696374e+01 1.907342e+02
      vertex   9.152814e+01 9.996374e+01 1.908911e+02
      vertex   9.148752e+01 9.996374e+01 1.907342e+02
    endloop
  endfacet
  facet normal -9.377521e-01 0.000000e+00 3.473053e-01
    outer loop
      vertex   9.148752e+01 9.696374e+01 1.907342e+02
      vertex   9.148752e+01 9.996374e+01 1.907342e+02
      vertex   9.143123e+01 9.696374e+01 1.905822e+02
    endloop
  endfacet
  facet normal -9.377521e-01 0.000000e+00 3.473053e-01
    outer loop
      vertex   9.143123e+01 9.696374e+01 1.905822e+02
      vertex   9.148752e+01 9.996374e+01 1.907342e+02
      vertex   9.143123e+01 9.996374e+01 1.905822e+02
    endloop
  endfacet
  facet normal -8.978045e-01 0.000000e+00 4.403942e-01
    outer loop
      vertex   9.143123e+01 9.696374e+01 1.905822e+02
      vertex   9.143123e+01 9.996374e+01 1.905822e+02
      vertex   9.135985e+01 9.696374e+01 1.904367e+02
    endloop
  endfacet
  facet normal -8.978045e-01 4.172252e-15 4.403942e-01
    outer loop
      vertex   9.135985e+01 9.696374e+01 1.904367e+02
      vertex   9.143123e+01 9.996374e+01 1.905822e+02
      vertex   9.135985e+01 9.996374e+01 1.904367e+02
    endloop
  endfacet
  facet normal -8.486443e-01 5.011354e-15 5.289640e-01
    outer loop
      vertex   9.135985e+01 9.696374e+01 1.904367e+02
      vertex   9.135985e+01 9.996374e+01 1.904367e+02
      vertex   9.127411e+01 9.696374e+01 1.902992e+02
    endloop
  endfacet
  facet normal -8.486443e-01 0.000000e+00 5.289640e-01
    outer loop
      vertex   9.127411e+01 9.696374e+01 1.902992e+02
      vertex   9.135985e+01 9.996374e+01 1.904367e+02
      vertex   9.127411e+01 9.996374e+01 1.902992e+02
    endloop
  endfacet
  facet normal -7.907757e-01 0.000000e+00 6.121060e-01
    outer loop
      vertex   9.127411e+01 9.696374e+01 1.902992e+02
      vertex   9.127411e+01 9.996374e+01 1.902992e+02
      vertex   9.117491e+01 9.696374e+01 1.901710e+02
    endloop
  endfacet
  facet normal -7.907757e-01 0.000000e+00 6.121060e-01
    outer loop
      vertex   9.117491e+01 9.696374e+01 1.901710e+02
      vertex   9.127411e+01 9.996374e+01 1.902992e+02
      vertex   9.117491e+01 9.996374e+01 1.901710e+02
    endloop
  endfacet
  facet normal -7.247928e-01 0.000000e+00 6.889669e-01
    outer loop
      vertex   9.117491e+01 9.696374e+01 1.901710e+02
      vertex   9.117491e+01 9.996374e+01 1.901710e+02
      vertex   9.106324e+01 9.696374e+01 1.900535e+02
    endloop
  endfacet
  facet normal -7.247928e-01 0.000000e+00 6.889669e-01
    outer loop
      vertex   9.106324e+01 9.696374e+01 1.900535e+02
      vertex   9.117491e+01 9.996374e+01 1.901710e+02
      vertex   9.106324e+01 9.996374e+01 1.900535e+02
    endloop
  endfacet
  facet normal -6.513725e-01 0.000000e+00 7.587581e-01
    outer loop
      vertex   9.106324e+01 9.696374e+01 1.900535e+02
      vertex   9.106324e+01 9.996374e+01 1.900535e+02
      vertex   9.094026e+01 9.696374e+01 1.899480e+02
    endloop
  endfacet
  facet normal -6.513725e-01 0.000000e+00 7.587581e-01
    outer loop
      vertex   9.094026e+01 9.696374e+01 1.899480e+02
      vertex   9.106324e+01 9.996374e+01 1.900535e+02
      vertex   9.094026e+01 9.996374e+01 1.899480e+02
    endloop
  endfacet
  facet normal -5.712682e-01 0.000000e+00 8.207634e-01
    outer loop
      vertex   9.094026e+01 9.696374e+01 1.899480e+02
      vertex   9.094026e+01 9.996374e+01 1.899480e+02
      vertex   9.080724e+01 9.696374e+01 1.898554e+02
    endloop
  endfacet
  facet normal -5.712682e-01 0.000000e+00 8.207634e-01
    outer loop
      vertex   9.080724e+01 9.696374e+01 1.898554e+02
      vertex   9.094026e+01 9.996374e+01 1.899480e+02
      vertex   9.080724e+01 9.996374e+01 1.898554e+02
    endloop
  endfacet
  facet normal -4.853020e-01 0.000000e+00 8.743466e-01
    outer loop
      vertex   9.080724e+01 9.696374e+01 1.898554e+02
      vertex   9.080724e+01 9.996374e+01 1.898554e+02
      vertex   9.066552e+01 9.696374e+01 1.897767e+02
    endloop
  endfacet
  facet normal -4.853020e-01 0.000000e+00 8.743466e-01
    outer loop
      vertex   9.066552e+01 9.696374e+01 1.897767e+02
      vertex   9.080724e+01 9.996374e+01 1.898554e+02
      vertex   9.066552e+01 9.996374e+01 1.897767e+02
    endloop
  endfacet
  facet normal -3.943559e-01 0.000000e+00 9.189578e-01
    outer loop
      vertex   9.066552e+01 9.696374e+01 1.897767e+02
      vertex   9.066552e+01 9.996374e+01 1.897767e+02
      vertex   9.051658e+01 9.696374e+01 1.897128e+02
    endloop
  endfacet
  facet normal -3.943559e-01 0.000000e+00 9.189578e-01
    outer loop
      vertex   9.051658e+01 9.696374e+01 1.897128e+02
      vertex   9.066552e+01 9.996374e+01 1.897767e+02
      vertex   9.051658e+01 9.996374e+01 1.897128e+02
    endloop
  endfacet
  facet normal -2.993631e-01 0.000000e+00 9.541393e-01
    outer loop
      vertex   9.051658e+01 9.696374e+01 1.897128e+02
      vertex   9.051658e+01 9.996374e+01 1.897128e+02
      vertex   9.036194e+01 9.696374e+01 1.896643e+02
    endloop
  endfacet
  facet normal -2.993631e-01 0.000000e+00 9.541393e-01
    outer loop
      vertex   9.036194e+01 9.696374e+01 1.896643e+02
      vertex   9.051658e+01 9.996374e+01 1.897128e+02
      vertex   9.036194e+01 9.996374e+01 1.896643e+02
    endloop
  endfacet
  facet normal -2.012985e-01 0.000000e+00 9.795299e-01
    outer loop
      vertex   9.036194e+01 9.696374e+01 1.896643e+02
      vertex   9.036194e+01 9.996374e+01 1.896643e+02
      vertex   9.020318e+01 9.696374e+01 1.896317e+02
    endloop
  endfacet
  facet normal -2.012985e-01 0.000000e+00 9.795299e-01
    outer loop
      vertex   9.020318e+01 9.696374e+01 1.896317e+02
      vertex   9.036194e+01 9.996374e+01 1.896643e+02
      vertex   9.020318e+01 9.996374e+01 1.896317e+02
    endloop
  endfacet
  facet normal -1.011683e-01 0.000000e+00 9.948693e-01
    outer loop
      vertex   9.020318e+01 9.696374e+01 1.896317e+02
      vertex   9.020318e+01 9.996374e+01 1.896317e+02
      vertex   9.004193e+01 9.696374e+01 1.896153e+02
    endloop
  endfacet
  facet normal -1.011683e-01 0.000000e+00 9.948693e-01
    outer loop
      vertex   9.004193e+01 9.696374e+01 1.896153e+02
      vertex   9.020318e+01 9.996374e+01 1.896317e+02
      vertex   9.004193e+01 9.996374e+01 1.896153e+02
    endloop
  endfacet
  facet normal 0.000000e+00 -0.000000e+00 1.000000e+00
    outer loop
      vertex   9.004193e+01 9.696374e+01 1.896153e+02
      vertex   9.004193e+01 9.996374e+01 1.896153e+02
      vertex   8.987985e+01 9.696374e+01 1.896153e+02
    endloop
  endfacet
  facet normal 0.000000e+00 0.000000e+00 1.000000e+00
    outer loop
      vertex   8.987985e+01 9.696374e+01 1.896153e+02
      vertex   9.004193e+01 9.996374e+01 1.896153e+02
      vertex   8.987985e+01 9.996374e+01 1.896153e+02
    endloop
  endfacet
  facet normal 1.011683e-01 -0.000000e+00 9.948693e-01
    outer loop
      vertex   8.987985e+01 9.696374e+01 1.896153e+02
      vertex   8.987985e+01 9.996374e+01 1.896153e+02
      vertex   8.971861e+01 9.696374e+01 1.896317e+02
    endloop
  endfacet
  facet normal 1.011683e-01 -0.000000e+00 9.948693e-01
    outer loop
      vertex   8.971861e+01 9.696374e+01 1.896317e+02
      vertex   8.987985e+01 9.996374e+01 1.896153e+02
      vertex   8.971861e+01 9.996374e+01 1.896317e+02
    endloop
  endfacet
  facet normal 2.012985e-01 -0.000000e+00 9.795299e-01
    outer loop
      vertex   8.971861e+01 9.696374e+01 1.896317e+02
      vertex   8.971861e+01 9.996374e+01 1.896317e+02
      vertex   8.955985e+01 9.696374e+01 1.896643e+02
    endloop
  endfacet
  facet normal 2.012985e-01 -0.000000e+00 9.795299e-01
    outer loop
      vertex   8.955985e+01 9.696374e+01 1.896643e+02
      vertex   8.971861e+01 9.996374e+01 1.896317e+02
      vertex   8.955985e+01 9.996374e+01 1.896643e+02
    endloop
  endfacet
  facet normal 2.993631e-01 -0.000000e+00 9.541393e-01
    outer loop
      vertex   8.955985e+01 9.696374e+01 1.896643e+02
      vertex   8.955985e+01 9.996374e+01 1.896643e+02
      vertex   8.940521e+01 9.696374e+01 1.897128e+02
    endloop
  endfacet
  facet normal 2.993631e-01 -0.000000e+00 9.541393e-01
    outer loop
      vertex   8.940521e+01 9.696374e+01 1.897128e+02
      vertex   8.955985e+01 9.996374e+01 1.896643e+02
      vertex   8.940521e+01 9.996374e+01 1.897128e+02
    endloop
  endfacet
  facet normal 3.943559e-01 -0.000000e+00 9.189578e-01
    outer loop
      vertex   8.940521e+01 9.696374e+01 1.897128e+02
      vertex   8.940521e+01 9.996374e+01 1.897128e+02
      vertex   8.925626e+01 9.696374e+01 1.897767e+02
    endloop
  endfacet
  facet normal 3.943559e-01 -0.000000e+00 9.189578e-01
    outer loop
      vertex   8.925626e+01 9.696374e+01 1.897767e+02
      vertex   8.940521e+01 9.996374e+01 1.897128e+02
      vertex   8.925626e+01 9.996374e+01 1.897767e+02
    endloop
  endfacet
  facet normal 4.853020e-01 -0.000000e+00 8.743466e-01
    outer loop
      vertex   8.925626e+01 9.696374e+01 1.897767e+02
      vertex   8.925626e+01 9.996374e+01 1.897767e+02
      vertex   8.911455e+01 9.696374e+01 1.898554e+02
    endloop
  endfacet
  facet normal 4.853020e-01 -0.000000e+00 8.743466e-01
    outer loop
      vertex   8.911455e+01 9.696374e+01 1.898554e+02
      vertex   8.925626e+01 9.996374e+01 1.897767e+02
      vertex   8.911455e+01 9.996374e+01 1.898554e+02
    endloop
  endfacet
  facet normal 5.712682e-01 -0.000000e+00 8.207634e-01
    outer loop
      vertex   8.911455e+01 9.696374e+01 1.898554e+02
      vertex   8.911455e+01 9.996374e+01 1.898554e+02
      vertex   8.898152e+01 9.696374e+01 1.899480e+02
    endloop
  endfacet
  facet normal 5.712682e-01 -0.000000e+00 8.207634e-01
    outer loop
      vertex   8.898152e+01 9.696374e+01 1.899480e+02
      vertex   8.911455e+01 9.996374e+01 1.898554e+02
      vertex   8.898152e+01 9.996374e+01 1.899480e+02
    endloop
  endfacet
  facet normal 6.513725e-01 -0.000000e+00 7.587581e-01
    outer loop
      vertex   8.898152e+01 9.696374e+01 1.899480e+02
      vertex   8.898152e+01 9.996374e+01 1.899480e+02
      vertex   8.885855e+01 9.696374e+01 1.900535e+02
    endloop
  endfacet
  facet normal 6.513725e-01 -0.000000e+00 7.587581e-01
    outer loop
      vertex   8.885855e+01 9.696374e+01 1.900535e+02
      vertex   8.898152e+01 9.996374e+01 1.899480e+02
      vertex   8.885855e+01 9.996374e+01 1.900535e+02
    endloop
  endfacet
  facet normal 7.247928e-01 -0.000000e+00 6.889669e-01
    outer loop
      vertex   8.885855e+01 9.696374e+01 1.900535e+02
      vertex   8.885855e+01 9.996374e+01 1.900535e+02
      vertex   8.874688e+01 9.696374e+01 1.901710e+02
    endloop
  endfacet
  facet normal 7.247928e-01 -0.000000e+00 6.889669e-01
    outer loop
      vertex   8.874688e+01 9.696374e+01 1.901710e+02
      vertex   8.885855e+01 9.996374e+01 1.900535e+02
      vertex   8.874688e+01 9.996374e+01 1.901710e+02
    endloop
  endfacet
  facet normal 7.907757e-01 -0.000000e+00 6.121060e-01
    outer loop
      vertex   8.874688e+01 9.696374e+01 1.901710e+02
      vertex   8.874688e+01 9.996374e+01 1.901710e+02
      vertex   8.864767e+01 9.696374e+01 1.902992e+02
    endloop
  endfacet
  facet normal 7.907757e-01 -0.000000e+00 6.121060e-01
    outer loop
      vertex   8.864767e+01 9.696374e+01 1.902992e+02
      vertex   8.874688e+01 9.996374e+01 1.901710e+02
      vertex   8.864767e+01 9.996374e+01 1.902992e+02
    endloop
  endfacet
  facet normal 8.486443e-01 -0.000000e+00 5.289640e-01
    outer loop
      vertex   8.864767e+01 9.696374e+01 1.902992e+02
      vertex   8.864767e+01 9.996374e+01 1.902992e+02
      vertex   8.856194e+01 9.696374e+01 1.904367e+02
    endloop
  endfacet
  facet normal 8.486443e-01 -0.000000e+00 5.289640e-01
    outer loop
      vertex   8.856194e+01 9.696374e+01 1.904367e+02
      vertex   8.864767e+01 9.996374e+01 1.902992e+02
      vertex   8.856194e+01 9.996374e+01 1.904367e+02
    endloop
  endfacet
  facet normal 8.978045e-01 -0.000000e+00 4.403942e-01
    outer loop
      vertex   8.856194e+01 9.696374e+01 1.904367e+02
      vertex   8.856194e+01 9.996374e+01 1.904367e+02
      vertex   8.849056e+01 9.696374e+01 1.905822e+02
    endloop
  endfacet
  facet normal 8.978045e-01 -0.000000e+00 4.403942e-01
    outer loop
      vertex   8.849056e+01 9.696374e+01 1.905822e+02
      vertex   8.856194e+01 9.996374e+01 1.904367e+02
      vertex   8.849056e+01 9.996374e+01 1.905822e+02
    endloop
  endfacet
  facet normal 9.377521e-01 -0.000000e+00 3.473053e-01
    outer loop
      vertex   8.849056e+01 9.696374e+01 1.905822e+02
      vertex   8.849056e+01 9.996374e+01 1.905822e+02
      vertex   8.843427e+01 9.696374e+01 1.907342e+02
    endloop
  endfacet
  facet normal 9.377521e-01 -0.000000e+00 3.473053e-01
    outer loop
      vertex   8.843427e+01 9.696374e+01 1.907342e+02
      vertex   8.849056e+01 9.996374e+01 1.905822e+02
      vertex   8.843427e+01 9.996374e+01 1.907342e+02
    endloop
  endfacet
  facet normal 9.680771e-01 -0.000000e+00 2.506525e-01
    outer loop
      vertex   8.843427e+01 9.696374e+01 1.907342e+02
      vertex   8.843427e+01 9.996374e+01 1.907342e+02
      vertex   8.839365e+01 9.696374e+01 1.908911e+02
    endloop
  endfacet
  facet normal 9.680771e-01 -0.000000e+00 2.506525e-01
    outer loop
      vertex   8.839365e+01 9.696374e+01 1.908911e+02
      vertex   8.843427e+01 9.996374e+01 1.907342e+02
      vertex   8.839365e+01 9.996374e+01 1.908911e+02
    endloop
  endfacet
  facet normal 9.884683e-01 -0.000000e+00 1.514278e-01
    outer loop
      vertex   8.839365e+01 9.696374e+01 1.908911e+02
      vertex   8.839365e+01 9.996374e+01 1.908911e+02
      vertex   8.836910e+01 9.696374e+01 1.910513e+02
    endloop
  endfacet
  facet normal 9.884683e-01 -0.000000e+00 1.514278e-01
    outer loop
      vertex   8.836910e+01 9.696374e+01 1.910513e+02
      vertex   8.839365e+01 9.996374e+01 1.908911e+02
      vertex   8.836910e+01 9.996374e+01 1.910513e+02
    endloop
  endfacet
  facet normal 9.987165e-01 -0.000000e+00 5.064917e-02
    outer loop
      vertex   8.836910e+01 9.696374e+01 1.910513e+02
      vertex   8.836910e+01 9.996374e+01 1.910513e+02
      vertex   8.836089e+01 9.696374e+01 1.912132e+02
    endloop
  endfacet
  facet normal 9.987165e-01 -0.000000e+00 5.064917e-02
    outer loop
      vertex   8.836089e+01 9.696374e+01 1.912132e+02
      vertex   8.836910e+01 9.996374e+01 1.910513e+02
      vertex   8.836089e+01 9.996374e+01 1.912132e+02
    endloop
  endfacet
  facet normal 9.987165e-01 0.000000e+00 -5.064917e-02
    outer loop
      vertex   8.836089e+01 9.696374e+01 1.912132e+02
      vertex   8.836089e+01 9.996374e+01 1.912132e+02
      vertex   8.836910e+01 9.696374e+01 1.913751e+02
    endloop
  endfacet
  facet normal 9.987165e-01 0.000000e+00 -5.064917e-02
    outer loop
      vertex   8.836910e+01 9.696374e+01 1.913751e+02
      vertex   8.836089e+01 9.996374e+01 1.912132e+02
      vertex   8.836910e+01 9.996374e+01 1.913751e+02
    endloop
  endfacet
  facet normal 9.884683e-01 0.000000e+00 -1.514278e-01
    outer loop
      vertex   8.836910e+01 9.696374e+01 1.913751e+02
      vertex   8.836910e+01 9.996374e+01 1.913751e+02
      vertex   8.839365e+01 9.696374e+01 1.915353e+02
    endloop
  endfacet
  facet normal 9.884683e-01 0.000000e+00 -1.514278e-01
    outer loop
      vertex   8.839365e+01 9.696374e+01 1.915353e+02
      vertex   8.836910e+01 9.996374e+01 1.913751e+02
      vertex   8.839365e+01 9.996374e+01 1.915353e+02
    endloop
  endfacet
  facet normal 9.680771e-01 0.000000e+00 -2.506525e-01
    outer loop
      vertex   8.839365e+01 9.696374e+01 1.915353e+02
      vertex   8.839365e+01 9.996374e+01 1.915353e+02
      vertex   8.843427e+01 9.696374e+01 1.916922e+02
    endloop
  endfacet
  facet normal 9.680771e-01 0.000000e+00 -2.506525e-01
    outer loop
      vertex   8.843427e+01 9.696374e+01 1.916922e+02
      vertex   8.839365e+01 9.996374e+01 1.915353e+02
      vertex   8.843427e+01 9.996374e+01 1.916922e+02
    endloop
  endfacet
  facet normal 9.377521e-01 0.000000e+00 -3.473053e-01
    outer loop
      vertex   8.843427e+01 9.696374e+01 1.916922e+02
      vertex   8.843427e+01 9.996374e+01 1.916922e+02
      vertex   8.849056e+01 9.696374e+01 1.918442e+02
    endloop
  endfacet
  facet normal 9.377521e-01 0.000000e+00 -3.473053e-01
    outer loop
      vertex   8.849056e+01 9.696374e+01 1.918442e+02
      vertex   8.843427e+01 9.996374e+01 1.916922e+02
      vertex   8.849056e+01 9.996374e+01 1.918442e+02
    endloop
  endfacet
  facet normal 8.978045e-01 0.000000e+00 -4.403942e-01
    outer loop
      vertex   8.849056e+01 9.696374e+01 1.918442e+02
      vertex   8.849056e+01 9.996374e+01 1.918442e+02
      vertex   8.856194e+01 9.696374e+01 1.919897e+02
    endloop
  endfacet
  facet normal 8.978045e-01 0.000000e+00 -4.403942e-01
    outer loop
      vertex   8.856194e+01 9.696374e+01 1.919897e+02
      vertex   8.849056e+01 9.996374e+01 1.918442e+02
      vertex   8.856194e+01 9.996374e+01 1.919897e+02
    endloop
  endfacet
  facet normal 8.486443e-01 0.000000e+00 -5.289640e-01
    outer loop
      vertex   8.856194e+01 9.696374e+01 1.919897e+02
      vertex   8.856194e+01 9.996374e+01 1.919897e+02
      vertex   8.864767e+01 9.696374e+01 1.921272e+02
    endloop
  endfacet
  facet normal 8.486443e-01 0.000000e+00 -5.289640e-01
    outer loop
      vertex   8.864767e+01 9.696374e+01 1.921272e+02
      vertex   8.856194e+01 9.996374e+01 1.919897e+02
      vertex   8.864767e+01 9.996374e+01 1.921272e+02
    endloop
  endfacet
  facet normal 7.907757e-01 0.000000e+00 -6.121060e-01
    outer loop
      vertex   8.864767e+01 9.696374e+01 1.921272e+02
      vertex   8.864767e+01 9.996374e+01 1.921272e+02
      vertex   8.874688e+01 9.696374e+01 1.922554e+02
    endloop
  endfacet
  facet normal 7.907757e-01 0.000000e+00 -6.121060e-01
    outer loop
      vertex   8.874688e+01 9.696374e+01 1.922554e+02
      vertex   8.864767e+01 9.996374e+01 1.921272e+02
      vertex   8.874688e+01 9.996374e+01 1.922554e+02
    endloop
  endfacet
  facet normal 7.247928e-01 0.000000e+00 -6.889669e-01
    outer loop
      vertex   8.874688e+01 9.696374e+01 1.922554e+02
      vertex   8.874688e+01 9.996374e+01 1.922554e+02
      vertex   8.885855e+01 9.696374e+01 1.923729e+02
    endloop
  endfacet
  facet normal 7.247928e-01 0.000000e+00 -6.889669e-01
    outer loop
      vertex   8.885855e+01 9.696374e+01 1.923729e+02
      vertex   8.874688e+01 9.996374e+01 1.922554e+02
      vertex   8.885855e+01 9.996374e+01 1.923729e+02
    endloop
  endfacet
  facet normal 6.513725e-01 0.000000e+00 -7.587581e-01
    outer loop
      vertex   8.885855e+01 9.696374e+01 1.923729e+02
      vertex   8.885855e+01 9.996374e+01 1.923729e+02
      vertex   8.898152e+01 9.696374e+01 1.924784e+02
    endloop
  endfacet
  facet normal 6.513725e-01 0.000000e+00 -7.587581e-01
    outer loop
      vertex   8.898152e+01 9.696374e+01 1.924784e+02
      vertex   8.885855e+01 9.996374e+01 1.923729e+02
      vertex   8.898152e+01 9.996374e+01 1.924784e+02
    endloop
  endfacet
  facet normal 5.712682e-01 0.000000e+00 -8.207634e-01
    outer loop
      vertex   8.898152e+01 9.696374e+01 1.924784e+02
      vertex   8.898152e+01 9.996374e+01 1.924784e+02
      vertex   8.911455e+01 9.696374e+01 1.925710e+02
    endloop
  endfacet
  facet normal 5.712682e-01 0.000000e+00 -8.207634e-01
    outer loop
      vertex   8.911455e+01 9.696374e+01 1.925710e+02
      vertex   8.898152e+01 9.996374e+01 1.924784e+02
      vertex   8.911455e+01 9.996374e+01 1.925710e+02
    endloop
  endfacet
  facet normal 4.853020e-01 0.000000e+00 -8.743466e-01
    outer loop
      vertex   8.911455e+01 9.696374e+01 1.925710e+02
      vertex   8.911455e+01 9.996374e+01 1.925710e+02
      vertex   8.925626e+01 9.696374e+01 1.926497e+02
    endloop
  endfacet
  facet normal 4.853020e-01 0.000000e+00 -8.743466e-01
    outer loop
      vertex   8.925626e+01 9.696374e+01 1.926497e+02
      vertex   8.911455e+01 9.996374e+01 1.925710e+02
      vertex   8.925626e+01 9.996374e+01 1.926497e+02
    endloop
  endfacet
  facet normal 3.943559e-01 0.000000e+00 -9.189578e-01
    outer loop
      vertex   8.925626e+01 9.696374e+01 1.926497e+02
      vertex   8.925626e+01 9.996374e+01 1.926497e+02
      vertex   8.940521e+01 9.696374e+01 1.927136e+02
    endloop
  endfacet
  facet normal 3.943559e-01 0.000000e+00 -9.189578e-01
    outer loop
      vertex   8.940521e+01 9.696374e+01 1.927136e+02
      vertex   8.925626e+01 9.996374e+01 1.926497e+02
      vertex   8.940521e+01 9.996374e+01 1.927136e+02
    endloop
  endfacet
  facet normal 2.993631e-01 0.000000e+00 -9.541393e-01
    outer loop
      vertex   8.940521e+01 9.696374e+01 1.927136e+02
      vertex   8.940521e+01 9.996374e+01 1.927136e+02
      vertex   8.955985e+01 9.696374e+01 1.927621e+02
    endloop
  endfacet
  facet normal 2.993631e-01 0.000000e+00 -9.541393e-01
    outer loop
      vertex   8.955985e+01 9.696374e+01 1.927621e+02
      vertex   8.940521e+01 9.996374e+01 1.927136e+02
      vertex   8.955985e+01 9.996374e+01 1.927621e+02
    endloop
  endfacet
  facet normal 2.012985e-01 0.000000e+00 -9.795299e-01
    outer loop
      vertex   8.955985e+01 9.696374e+01 1.927621e+02
      vertex   8.955985e+01 9.996374e+01 1.927621e+02
      vertex   8.971861e+01 9.696374e+01 1.927948e+02
    endloop
  endfacet
  facet normal 2.012985e-01 0.000000e+00 -9.795299e-01
    outer loop
      vertex   8.971861e+01 9.696374e+01 1.927948e+02
      vertex   8.955985e+01 9.996374e+01 1.927621e+02
      vertex   8.971861e+01 9.996374e+01 1.927948e+02
    endloop
  endfacet
  facet normal 1.011683e-01 0.000000e+00 -9.948693e-01
    outer loop
      vertex   8.971861e+01 9.696374e+01 1.927948e+02
      vertex   8.971861e+01 9.996374e+01 1.927948e+02
      vertex   8.987985e+01 9.696374e+01 1.928112e+02
    endloop
  endfacet
  facet normal 1.011683e-01 0.000000e+00 -9.948693e-01
    outer loop
      vertex   8.987985e+01 9.696374e+01 1.928112e+02
      vertex   8.971861e+01 9.996374e+01 1.927948e+02
      vertex   8.987985e+01 9.996374e+01 1.928112e+02
    endloop
  endfacet
  facet normal 0.000000e+00 0.000000e+00 -1.000000e+00
    outer loop
      vertex   8.987985e+01 9.696374e+01 1.928112e+02
      vertex   8.987985e+01 9.996374e+01 1.928112e+02
      vertex   9.004193e+01 9.696374e+01 1.928112e+02
    endloop
  endfacet
  facet normal 0.000000e+00 0.000000e+00 -1.000000e+00
    outer loop
      vertex   9.004193e+01 9.696374e+01 1.928112e+02
      vertex   8.987985e+01 9.996374e+01 1.928112e+02
      vertex   9.004193e+01 9.996374e+01 1.928112e+02
    endloop
  endfacet
  facet normal -1.011683e-01 0.000000e+00 -9.948693e-01
    outer loop
      vertex   9.004193e+01 9.696374e+01 1.928112e+02
      vertex   9.004193e+01 9.996374e+01 1.928112e+02
      vertex   9.020318e+01 9.696374e+01 1.927948e+02
    endloop
  endfacet
  facet normal -1.011683e-01 0.000000e+00 -9.948693e-01
    outer loop
      vertex   9.020318e+01 9.696374e+01 1.927948e+02
      vertex   9.004193e+01 9.996374e+01 1.928112e+02
      vertex   9.020318e+01 9.996374e+01 1.927948e+02
    endloop
  endfacet
  facet normal -2.012985e-01 0.000000e+00 -9.795299e-01
    outer loop
      vertex   9.020318e+01 9.696374e+01 1.927948e+02
      vertex   9.020318e+01 9.996374e+01 1.927948e+02
      vertex   9.036194e+01 9.696374e+01 1.927621e+02
    endloop
  endfacet
  facet normal -2.012985e-01 0.000000e+00 -9.795299e-01
    outer loop
      vertex   9.036194e+01 9.696374e+01 1.927621e+02
      vertex   9.020318e+01 9.996374e+01 1.927948e+02
      vertex   9.036194e+01 9.996374e+01 1.927621e+02
    endloop
  endfacet
  facet normal -2.993631e-01 0.000000e+00 -9.541393e-01
    outer loop
      vertex   9.036194e+01 9.696374e+01 1.927621e+02
      vertex   9.036194e+01 9.996374e+01 1.927621e+02
      vertex   9.051658e+01 9.696374e+01 1.927136e+02
    endloop
  endfacet
  facet normal -2.993631e-01 0.000000e+00 -9.541393e-01
    outer loop
      vertex   9.051658e+01 9.696374e+01 1.927136e+02
      vertex   9.036194e+01 9.996374e+01 1.927621e+02
      vertex   9.051658e+01 9.996374e+01 1.927136e+02
    endloop
  endfacet
  facet normal -3.943559e-01 0.000000e+00 -9.189578e-01
    outer loop
      vertex   9.051658e+01 9.696374e+01 1.927136e+02
      vertex   9.051658e+01 9.996374e+01 1.927136e+02
      vertex   9.066552e+01 9.696374e+01 1.926497e+02
    endloop
  endfacet
  facet normal -3.943559e-01 0.000000e+00 -9.189578e-01
    outer loop
      vertex   9.066552e+01 9.696374e+01 1.926497e+02
      vertex   9.051658e+01 9.996374e+01 1.927136e+02
      vertex   9.066552e+01 9.996374e+01 1.926497e+02
    endloop
  endfacet
  facet normal -4.853020e-01 0.000000e+00 -8.743466e-01
    outer loop
      vertex   9.066552e+01 9.696374e+01 1.926497e+02
      vertex   9.066552e+01 9.996374e+01 1.926497e+02
      vertex   9.080724e+01 9.696374e+01 1.925710e+02
    endloop
  endfacet
  facet normal -4.853020e-01 0.000000e+00 -8.743466e-01
    outer loop
      vertex   9.080724e+01 9.696374e+01 1.925710e+02
      vertex   9.066552e+01 9.996374e+01 1.926497e+02
      vertex   9.080724e+01 9.996374e+01 1.925710e+02
    endloop
  endfacet
  facet normal -5.712682e-01 0.000000e+00 -8.207634e-01
    outer loop
      vertex   9.080724e+01 9.696374e+01 1.925710e+02
      vertex   9.080724e+01 9.996374e+01 1.925710e+02
      vertex   9.094026e+01 9.696374e+01 1.924784e+02
    endloop
  endfacet
  facet normal -5.712682e-01 0.000000e+00 -8.207634e-01
    outer loop
      vertex   9.094026e+01 9.696374e+01 1.924784e+02
      vertex   9.080724e+01 9.996374e+01 1.925710e+02
      vertex   9.094026e+01 9.996374e+01 1.924784e+02
    endloop
  endfacet
  facet normal -6.513725e-01 0.000000e+00 -7.587581e-01
    outer loop
      vertex   9.094026e+01 9.696374e+01 1.924784e+02
      vertex   9.094026e+01 9.996374e+01 1.924784e+02
      vertex   9.106324e+01 9.696374e+01 1.923729e+02
    endloop
  endfacet
  facet normal -6.513725e-01 0.000000e+00 -7.587581e-01
    outer loop
      vertex   9.106324e+01 9.696374e+01 1.923729e+02
      vertex   9.094026e+01 9.996374e+01 1.924784e+02
      vertex   9.106324e+01 9.996374e+01 1.923729e+02
    endloop
  endfacet
  facet normal -7.247928e-01 0.000000e+00 -6.889669e-01
    outer loop
      vertex   9.106324e+01 9.696374e+01 1.923729e+02
      vertex   9.106324e+01 9.996374e+01 1.923729e+02
      vertex   9.117491e+01 9.696374e+01 1.922554e+02
    endloop
  endfacet
  facet normal -7.247928e-01 0.000000e+00 -6.889669e-01
    outer loop
      vertex   9.117491e+01 9.696374e+01 1.922554e+02
      vertex   9.106324e+01 9.996374e+01 1.923729e+02
      vertex   9.117491e+01 9.996374e+01 1.922554e+02
    endloop
  endfacet
  facet normal -7.907757e-01 0.000000e+00 -6.121060e-01
    outer loop
      vertex   9.117491e+01 9.696374e+01 1.922554e+02
      vertex   9.117491e+01 9.996374e+01 1.922554e+02
      vertex   9.127411e+01 9.696374e+01 1.921272e+02
    endloop
  endfacet
  facet normal -7.907757e-01 0.000000e+00 -6.121060e-01
    outer loop
      vertex   9.127411e+01 9.696374e+01 1.921272e+02
      vertex   9.117491e+01 9.996374e+01 1.922554e+02
      vertex   9.127411e+01 9.996374e+01 1.921272e+02
    endloop
  endfacet
  facet normal -8.486443e-01 0.000000e+00 -5.289640e-01
    outer loop
      vertex   9.127411e+01 9.696374e+01 1.921272e+02
      vertex   9.127411e+01 9.996374e+01 1.921272e+02
      vertex   9.135985e+01 9.696374e+01 1.919897e+02
    endloop
  endfacet
  facet normal -8.486443e-01 0.000000e+00 -5.289640e-01
    outer loop
      vertex   9.135985e+01 9.696374e+01 1.919897e+02
      vertex   9.127411e+01 9.996374e+01 1.921272e+02
      vertex   9.135985e+01 9.996374e+01 1.919897e+02
    endloop
  endfacet
  facet normal -8.978045e-01 0.000000e+00 -4.403942e-01
    outer loop
      vertex   9.135985e+01 9.696374e+01 1.919897e+02
      vertex   9.135985e+01 9.996374e+01 1.919897e+02
      vertex   9.143123e+01 9.696374e+01 1.918442e+02
    endloop
  endfacet
  facet normal -8.978045e-01 0.000000e+00 -4.403942e-01
    outer loop
      vertex   9.143123e+01 9.696374e+01 1.918442e+02
      vertex   9.135985e+01 9.996374e+01 1.919897e+02
      vertex   9.143123e+01 9.996374e+01 1.918442e+02
    endloop
  endfacet
  facet normal -9.377521e-01 0.000000e+00 -3.473053e-01
    outer loop
      vertex   9.143123e+01 9.696374e+01 1.918442e+02
      vertex   9.143123e+01 9.996374e+01 1.918442e+02
      vertex   9.148752e+01 9.696374e+01 1.916922e+02
    endloop
  endfacet
  facet normal -9.377521e-01 0.000000e+00 -3.473053e-01
    outer loop
      vertex   9.148752e+01 9.696374e+01 1.916922e+02
      vertex   9.143123e+01 9.996374e+01 1.918442e+02
      vertex   9.148752e+01 9.996374e+01 1.916922e+02
    endloop
  endfacet
  facet normal -9.680771e-01 0.000000e+00 -2.506525e-01
    outer loop
      vertex   9.148752e+01 9.696374e+01 1.916922e+02
      vertex   9.148752e+01 9.996374e+01 1.916922e+02
      vertex   9.152814e+01 9.696374e+01 1.915353e+02
    endloop
  endfacet
  facet normal -9.680771e-01 0.000000e+00 -2.506525e-01
    outer loop
      vertex   9.152814e+01 9.696374e+01 1.915353e+02
      vertex   9.148752e+01 9.996374e+01 1.916922e+02
      vertex   9.152814e+01 9.996374e+01 1.915353e+02
    endloop
  endfacet
  facet normal -9.884683e-01 0.000000e+00 -1.514278e-01
    outer loop
      vertex   9.152814e+01 9.696374e+01 1.915353e+02
      vertex   9.152814e+01 9.996374e+01 1.915353e+02
      vertex   9.155268e+01 9.696374e+01 1.913751e+02
    endloop
  endfacet
  facet normal -9.884683e-01 0.000000e+00 -1.514278e-01
    outer loop
      vertex   9.155268e+01 9.696374e+01 1.913751e+02
      vertex   9.152814e+01 9.996374e+01 1.915353e+02
      vertex   9.155268e+01 9.996374e+01 1.913751e+02
    endloop
  endfacet
  facet normal -9.987165e-01 0.000000e+00 -5.064917e-02
    outer loop
      vertex   9.155268e+01 9.696374e+01 1.913751e+02
      vertex   9.155268e+01 9.996374e+01 1.913751e+02
      vertex   9.156089e+01 9.696374e+01 1.912132e+02
    endloop
  endfacet
  facet normal -9.987165e-01 0.000000e+00 -5.064917e-02
    outer loop
      vertex   9.156089e+01 9.696374e+01 1.912132e+02
      vertex   9.155268e+01 9.996374e+01 1.913751e+02
      vertex   9.156089e+01 9.996374e+01 1.912132e+02
    endloop
  endfacet
  facet normal 0.000000e+00 0.000000e+00 1.000000e+00
    outer loop
      vertex   9.396089e+01 1.029637e+02 1.962132e+02
      vertex   8.596089e+01 1.029637e+02 1.962132e+02
      vertex   9.396089e+01 8.396374e+01 1.962132e+02
    endloop
  endfacet
  facet normal 0.000000e+00 0.000000e+00 1.000000e+00
    outer loop
      vertex   9.396089e+01 8.396374e+01 1.962132e+02
      vertex   8.596089e+01 1.029637e+02 1.962132e+02
      vertex   8.596089e+01 8.396374e+01 1.962132e+02
    endloop
  endfacet
endsolid
