solid ASCII
  facet normal 9.987165e-01 0.000000e+00 -5.064917e-02
    outer loop
      vertex   1.294133e+02 1.054637e+02 1.573932e+02
      vertex   1.294133e+02 1.024637e+02 1.573932e+02
      vertex   1.293928e+02 1.054637e+02 1.569886e+02
    endloop
  endfacet
  facet normal 9.987165e-01 0.000000e+00 -5.064917e-02
    outer loop
      vertex   1.293928e+02 1.054637e+02 1.569886e+02
      vertex   1.294133e+02 1.024637e+02 1.573932e+02
      vertex   1.293928e+02 1.024637e+02 1.569886e+02
    endloop
  endfacet
  facet normal 9.987165e-01 0.000000e+00 5.064917e-02
    outer loop
      vertex   1.293928e+02 1.054637e+02 1.569886e+02
      vertex   1.293928e+02 1.024637e+02 1.569886e+02
      vertex   1.294133e+02 1.054637e+02 1.565839e+02
    endloop
  endfacet
  facet normal 9.987165e-01 0.000000e+00 5.064917e-02
    outer loop
      vertex   1.294133e+02 1.054637e+02 1.565839e+02
      vertex   1.293928e+02 1.024637e+02 1.569886e+02
      vertex   1.294133e+02 1.024637e+02 1.565839e+02
    endloop
  endfacet
  facet normal 9.884683e-01 0.000000e+00 1.514278e-01
    outer loop
      vertex   1.294133e+02 1.054637e+02 1.565839e+02
      vertex   1.294133e+02 1.024637e+02 1.565839e+02
      vertex   1.294747e+02 1.054637e+02 1.561834e+02
    endloop
  endfacet
  facet normal 9.884683e-01 0.000000e+00 1.514278e-01
    outer loop
      vertex   1.294747e+02 1.054637e+02 1.561834e+02
      vertex   1.294133e+02 1.024637e+02 1.565839e+02
      vertex   1.294747e+02 1.024637e+02 1.561834e+02
    endloop
  endfacet
  facet normal 9.680771e-01 0.000000e+00 2.506525e-01
    outer loop
      vertex   1.294747e+02 1.054637e+02 1.561834e+02
      vertex   1.294747e+02 1.024637e+02 1.561834e+02
      vertex   1.295762e+02 1.054637e+02 1.557911e+02
    endloop
  endfacet
  facet normal 9.680771e-01 0.000000e+00 2.506525e-01
    outer loop
      vertex   1.295762e+02 1.054637e+02 1.557911e+02
      vertex   1.294747e+02 1.024637e+02 1.561834e+02
      vertex   1.295762e+02 1.024637e+02 1.557911e+02
    endloop
  endfacet
  facet normal 9.377521e-01 0.000000e+00 3.473053e-01
    outer loop
      vertex   1.295762e+02 1.054637e+02 1.557911e+02
      vertex   1.295762e+02 1.024637e+02 1.557911e+02
      vertex   1.297170e+02 1.054637e+02 1.554111e+02
    endloop
  endfacet
  facet normal 9.377521e-01 0.000000e+00 3.473053e-01
    outer loop
      vertex   1.297170e+02 1.054637e+02 1.554111e+02
      vertex   1.295762e+02 1.024637e+02 1.557911e+02
      vertex   1.297170e+02 1.024637e+02 1.554111e+02
    endloop
  endfacet
  facet normal 8.978045e-01 0.000000e+00 4.403942e-01
    outer loop
      vertex   1.297170e+02 1.054637e+02 1.554111e+02
      vertex   1.297170e+02 1.024637e+02 1.554111e+02
      vertex   1.298954e+02 1.054637e+02 1.550474e+02
    endloop
  endfacet
  facet normal 8.978045e-01 0.000000e+00 4.403942e-01
    outer loop
      vertex   1.298954e+02 1.054637e+02 1.550474e+02
      vertex   1.297170e+02 1.024637e+02 1.554111e+02
      vertex   1.298954e+02 1.024637e+02 1.550474e+02
    endloop
  endfacet
  facet normal 8.486443e-01 0.000000e+00 5.289640e-01
    outer loop
      vertex   1.298954e+02 1.054637e+02 1.550474e+02
      vertex   1.298954e+02 1.024637e+02 1.550474e+02
      vertex   1.301097e+02 1.054637e+02 1.547035e+02
    endloop
  endfacet
  facet normal 8.486443e-01 0.000000e+00 5.289640e-01
    outer loop
      vertex   1.301097e+02 1.054637e+02 1.547035e+02
      vertex   1.298954e+02 1.024637e+02 1.550474e+02
      vertex   1.301097e+02 1.024637e+02 1.547035e+02
    endloop
  endfacet
  facet normal 7.907757e-01 0.000000e+00 6.121060e-01
    outer loop
      vertex   1.301097e+02 1.054637e+02 1.547035e+02
      vertex   1.301097e+02 1.024637e+02 1.547035e+02
      vertex   1.303578e+02 1.054637e+02 1.543831e+02
    endloop
  endfacet
  facet normal 7.907757e-01 0.000000e+00 6.121060e-01
    outer loop
      vertex   1.303578e+02 1.054637e+02 1.543831e+02
      vertex   1.301097e+02 1.024637e+02 1.547035e+02
      vertex   1.303578e+02 1.024637e+02 1.543831e+02
    endloop
  endfacet
  facet normal 7.247928e-01 0.000000e+00 6.889669e-01
    outer loop
      vertex   1.303578e+02 1.054637e+02 1.543831e+02
      vertex   1.303578e+02 1.024637e+02 1.543831e+02
      vertex   1.306369e+02 1.054637e+02 1.540894e+02
    endloop
  endfacet
  facet normal 7.247928e-01 0.000000e+00 6.889669e-01
    outer loop
      vertex   1.306369e+02 1.054637e+02 1.540894e+02
      vertex   1.303578e+02 1.024637e+02 1.543831e+02
      vertex   1.306369e+02 1.024637e+02 1.540894e+02
    endloop
  endfacet
  facet normal 6.513725e-01 0.000000e+00 7.587581e-01
    outer loop
      vertex   1.306369e+02 1.054637e+02 1.540894e+02
      vertex   1.306369e+02 1.024637e+02 1.540894e+02
      vertex   1.309444e+02 1.054637e+02 1.538255e+02
    endloop
  endfacet
  facet normal 6.513725e-01 0.000000e+00 7.587581e-01
    outer loop
      vertex   1.309444e+02 1.054637e+02 1.538255e+02
      vertex   1.306369e+02 1.024637e+02 1.540894e+02
      vertex   1.309444e+02 1.024637e+02 1.538255e+02
    endloop
  endfacet
  facet normal 5.712682e-01 0.000000e+00 8.207634e-01
    outer loop
      vertex   1.309444e+02 1.054637e+02 1.538255e+02
      vertex   1.309444e+02 1.024637e+02 1.538255e+02
      vertex   1.312769e+02 1.054637e+02 1.535940e+02
    endloop
  endfacet
  facet normal 5.712682e-01 0.000000e+00 8.207634e-01
    outer loop
      vertex   1.312769e+02 1.054637e+02 1.535940e+02
      vertex   1.309444e+02 1.024637e+02 1.538255e+02
      vertex   1.312769e+02 1.024637e+02 1.535940e+02
    endloop
  endfacet
  facet normal 4.853020e-01 0.000000e+00 8.743466e-01
    outer loop
      vertex   1.312769e+02 1.054637e+02 1.535940e+02
      vertex   1.312769e+02 1.024637e+02 1.535940e+02
      vertex   1.316312e+02 1.054637e+02 1.533973e+02
    endloop
  endfacet
  facet normal 4.853020e-01 0.000000e+00 8.743466e-01
    outer loop
      vertex   1.316312e+02 1.054637e+02 1.533973e+02
      vertex   1.312769e+02 1.024637e+02 1.535940e+02
      vertex   1.316312e+02 1.024637e+02 1.533973e+02
    endloop
  endfacet
  facet normal 3.943559e-01 0.000000e+00 9.189578e-01
    outer loop
      vertex   1.316312e+02 1.054637e+02 1.533973e+02
      vertex   1.316312e+02 1.024637e+02 1.533973e+02
      vertex   1.320036e+02 1.054637e+02 1.532376e+02
    endloop
  endfacet
  facet normal 3.943559e-01 0.000000e+00 9.189578e-01
    outer loop
      vertex   1.320036e+02 1.054637e+02 1.532376e+02
      vertex   1.316312e+02 1.024637e+02 1.533973e+02
      vertex   1.320036e+02 1.024637e+02 1.532376e+02
    endloop
  endfacet
  facet normal 2.993631e-01 0.000000e+00 9.541393e-01
    outer loop
      vertex   1.320036e+02 1.054637e+02 1.532376e+02
      vertex   1.320036e+02 1.024637e+02 1.532376e+02
      vertex   1.323902e+02 1.054637e+02 1.531163e+02
    endloop
  endfacet
  facet normal 2.993631e-01 0.000000e+00 9.541393e-01
    outer loop
      vertex   1.323902e+02 1.054637e+02 1.531163e+02
      vertex   1.320036e+02 1.024637e+02 1.532376e+02
      vertex   1.323902e+02 1.024637e+02 1.531163e+02
    endloop
  endfacet
  facet normal 2.012985e-01 0.000000e+00 9.795299e-01
    outer loop
      vertex   1.323902e+02 1.054637e+02 1.531163e+02
      vertex   1.323902e+02 1.024637e+02 1.531163e+02
      vertex   1.327871e+02 1.054637e+02 1.530347e+02
    endloop
  endfacet
  facet normal 2.012985e-01 0.000000e+00 9.795299e-01
    outer loop
      vertex   1.327871e+02 1.054637e+02 1.530347e+02
      vertex   1.323902e+02 1.024637e+02 1.531163e+02
      vertex   1.327871e+02 1.024637e+02 1.530347e+02
    endloop
  endfacet
  facet normal 1.011683e-01 0.000000e+00 9.948693e-01
    outer loop
      vertex   1.327871e+02 1.054637e+02 1.530347e+02
      vertex   1.327871e+02 1.024637e+02 1.530347e+02
      vertex   1.331902e+02 1.054637e+02 1.529937e+02
    endloop
  endfacet
  facet normal 1.011683e-01 0.000000e+00 9.948693e-01
    outer loop
      vertex   1.331902e+02 1.054637e+02 1.529937e+02
      vertex   1.327871e+02 1.024637e+02 1.530347e+02
      vertex   1.331902e+02 1.024637e+02 1.529937e+02
    endloop
  endfacet
  facet normal -0.000000e+00 0.000000e+00 1.000000e+00
    outer loop
      vertex   1.331902e+02 1.054637e+02 1.529937e+02
      vertex   1.331902e+02 1.024637e+02 1.529937e+02
      vertex   1.335954e+02 1.054637e+02 1.529937e+02
    endloop
  endfacet
  facet normal 0.000000e+00 0.000000e+00 1.000000e+00
    outer loop
      vertex   1.335954e+02 1.054637e+02 1.529937e+02
      vertex   1.331902e+02 1.024637e+02 1.529937e+02
      vertex   1.335954e+02 1.024637e+02 1.529937e+02
    endloop
  endfacet
  facet normal -1.011683e-01 0.000000e+00 9.948693e-01
    outer loop
      vertex   1.335954e+02 1.054637e+02 1.529937e+02
      vertex   1.335954e+02 1.024637e+02 1.529937e+02
      vertex   1.339985e+02 1.054637e+02 1.530347e+02
    endloop
  endfacet
  facet normal -1.011683e-01 0.000000e+00 9.948693e-01
    outer loop
      vertex   1.339985e+02 1.054637e+02 1.530347e+02
      vertex   1.335954e+02 1.024637e+02 1.529937e+02
      vertex   1.339985e+02 1.024637e+02 1.530347e+02
    endloop
  endfacet
  facet normal -2.012985e-01 0.000000e+00 9.795299e-01
    outer loop
      vertex   1.339985e+02 1.054637e+02 1.530347e+02
      vertex   1.339985e+02 1.024637e+02 1.530347e+02
      vertex   1.343954e+02 1.054637e+02 1.531163e+02
    endloop
  endfacet
  facet normal -2.012985e-01 0.000000e+00 9.795299e-01
    outer loop
      vertex   1.343954e+02 1.054637e+02 1.531163e+02
      vertex   1.339985e+02 1.024637e+02 1.530347e+02
      vertex   1.343954e+02 1.024637e+02 1.531163e+02
    endloop
  endfacet
  facet normal -2.993631e-01 0.000000e+00 9.541393e-01
    outer loop
      vertex   1.343954e+02 1.054637e+02 1.531163e+02
      vertex   1.343954e+02 1.024637e+02 1.531163e+02
      vertex   1.347820e+02 1.054637e+02 1.532376e+02
    endloop
  endfacet
  facet normal -2.993631e-01 0.000000e+00 9.541393e-01
    outer loop
      vertex   1.347820e+02 1.054637e+02 1.532376e+02
      vertex   1.343954e+02 1.024637e+02 1.531163e+02
      vertex   1.347820e+02 1.024637e+02 1.532376e+02
    endloop
  endfacet
  facet normal -3.943559e-01 0.000000e+00 9.189578e-01
    outer loop
      vertex   1.347820e+02 1.054637e+02 1.532376e+02
      vertex   1.347820e+02 1.024637e+02 1.532376e+02
      vertex   1.351544e+02 1.054637e+02 1.533973e+02
    endloop
  endfacet
  facet normal -3.943559e-01 0.000000e+00 9.189578e-01
    outer loop
      vertex   1.351544e+02 1.054637e+02 1.533973e+02
      vertex   1.347820e+02 1.024637e+02 1.532376e+02
      vertex   1.351544e+02 1.024637e+02 1.533973e+02
    endloop
  endfacet
  facet normal -4.853020e-01 0.000000e+00 8.743466e-01
    outer loop
      vertex   1.351544e+02 1.054637e+02 1.533973e+02
      vertex   1.351544e+02 1.024637e+02 1.533973e+02
      vertex   1.355087e+02 1.054637e+02 1.535940e+02
    endloop
  endfacet
  facet normal -4.853020e-01 0.000000e+00 8.743466e-01
    outer loop
      vertex   1.355087e+02 1.054637e+02 1.535940e+02
      vertex   1.351544e+02 1.024637e+02 1.533973e+02
      vertex   1.355087e+02 1.024637e+02 1.535940e+02
    endloop
  endfacet
  facet normal -5.712682e-01 0.000000e+00 8.207634e-01
    outer loop
      vertex   1.355087e+02 1.054637e+02 1.535940e+02
      vertex   1.355087e+02 1.024637e+02 1.535940e+02
      vertex   1.358412e+02 1.054637e+02 1.538255e+02
    endloop
  endfacet
  facet normal -5.712682e-01 0.000000e+00 8.207634e-01
    outer loop
      vertex   1.358412e+02 1.054637e+02 1.538255e+02
      vertex   1.355087e+02 1.024637e+02 1.535940e+02
      vertex   1.358412e+02 1.024637e+02 1.538255e+02
    endloop
  endfacet
  facet normal -6.513725e-01 0.000000e+00 7.587581e-01
    outer loop
      vertex   1.358412e+02 1.054637e+02 1.538255e+02
      vertex   1.358412e+02 1.024637e+02 1.538255e+02
      vertex   1.361487e+02 1.054637e+02 1.540894e+02
    endloop
  endfacet
  facet normal -6.513725e-01 0.000000e+00 7.587581e-01
    outer loop
      vertex   1.361487e+02 1.054637e+02 1.540894e+02
      vertex   1.358412e+02 1.024637e+02 1.538255e+02
      vertex   1.361487e+02 1.024637e+02 1.540894e+02
    endloop
  endfacet
  facet normal -7.247928e-01 0.000000e+00 6.889669e-01
    outer loop
      vertex   1.361487e+02 1.054637e+02 1.540894e+02
      vertex   1.361487e+02 1.024637e+02 1.540894e+02
      vertex   1.364278e+02 1.054637e+02 1.543831e+02
    endloop
  endfacet
  facet normal -7.247928e-01 0.000000e+00 6.889669e-01
    outer loop
      vertex   1.364278e+02 1.054637e+02 1.543831e+02
      vertex   1.361487e+02 1.024637e+02 1.540894e+02
      vertex   1.364278e+02 1.024637e+02 1.543831e+02
    endloop
  endfacet
  facet normal -7.907757e-01 0.000000e+00 6.121060e-01
    outer loop
      vertex   1.364278e+02 1.054637e+02 1.543831e+02
      vertex   1.364278e+02 1.024637e+02 1.543831e+02
      vertex   1.366759e+02 1.054637e+02 1.547035e+02
    endloop
  endfacet
  facet normal -7.907757e-01 0.000000e+00 6.121060e-01
    outer loop
      vertex   1.366759e+02 1.054637e+02 1.547035e+02
      vertex   1.364278e+02 1.024637e+02 1.543831e+02
      vertex   1.366759e+02 1.024637e+02 1.547035e+02
    endloop
  endfacet
  facet normal -8.486443e-01 0.000000e+00 5.289640e-01
    outer loop
      vertex   1.366759e+02 1.054637e+02 1.547035e+02
      vertex   1.366759e+02 1.024637e+02 1.547035e+02
      vertex   1.368902e+02 1.054637e+02 1.550474e+02
    endloop
  endfacet
  facet normal -8.486443e-01 0.000000e+00 5.289640e-01
    outer loop
      vertex   1.368902e+02 1.054637e+02 1.550474e+02
      vertex   1.366759e+02 1.024637e+02 1.547035e+02
      vertex   1.368902e+02 1.024637e+02 1.550474e+02
    endloop
  endfacet
  facet normal -8.978045e-01 0.000000e+00 4.403942e-01
    outer loop
      vertex   1.368902e+02 1.054637e+02 1.550474e+02
      vertex   1.368902e+02 1.024637e+02 1.550474e+02
      vertex   1.370686e+02 1.054637e+02 1.554111e+02
    endloop
  endfacet
  facet normal -8.978045e-01 0.000000e+00 4.403942e-01
    outer loop
      vertex   1.370686e+02 1.054637e+02 1.554111e+02
      vertex   1.368902e+02 1.024637e+02 1.550474e+02
      vertex   1.370686e+02 1.024637e+02 1.554111e+02
    endloop
  endfacet
  facet normal -9.377521e-01 0.000000e+00 3.473053e-01
    outer loop
      vertex   1.370686e+02 1.054637e+02 1.554111e+02
      vertex   1.370686e+02 1.024637e+02 1.554111e+02
      vertex   1.372094e+02 1.054637e+02 1.557911e+02
    endloop
  endfacet
  facet normal -9.377521e-01 0.000000e+00 3.473053e-01
    outer loop
      vertex   1.372094e+02 1.054637e+02 1.557911e+02
      vertex   1.370686e+02 1.024637e+02 1.554111e+02
      vertex   1.372094e+02 1.024637e+02 1.557911e+02
    endloop
  endfacet
  facet normal -9.680771e-01 0.000000e+00 2.506525e-01
    outer loop
      vertex   1.372094e+02 1.054637e+02 1.557911e+02
      vertex   1.372094e+02 1.024637e+02 1.557911e+02
      vertex   1.373109e+02 1.054637e+02 1.561834e+02
    endloop
  endfacet
  facet normal -9.680771e-01 0.000000e+00 2.506525e-01
    outer loop
      vertex   1.373109e+02 1.054637e+02 1.561834e+02
      vertex   1.372094e+02 1.024637e+02 1.557911e+02
      vertex   1.373109e+02 1.024637e+02 1.561834e+02
    endloop
  endfacet
  facet normal -9.884683e-01 0.000000e+00 1.514278e-01
    outer loop
      vertex   1.373109e+02 1.054637e+02 1.561834e+02
      vertex   1.373109e+02 1.024637e+02 1.561834e+02
      vertex   1.373723e+02 1.054637e+02 1.565839e+02
    endloop
  endfacet
  facet normal -9.884683e-01 0.000000e+00 1.514278e-01
    outer loop
      vertex   1.373723e+02 1.054637e+02 1.565839e+02
      vertex   1.373109e+02 1.024637e+02 1.561834e+02
      vertex   1.373723e+02 1.024637e+02 1.565839e+02
    endloop
  endfacet
  facet normal -9.987165e-01 0.000000e+00 5.064917e-02
    outer loop
      vertex   1.373723e+02 1.054637e+02 1.565839e+02
      vertex   1.373723e+02 1.024637e+02 1.565839e+02
      vertex   1.373928e+02 1.054637e+02 1.569886e+02
    endloop
  endfacet
  facet normal -9.987165e-01 0.000000e+00 5.064917e-02
    outer loop
      vertex   1.373928e+02 1.054637e+02 1.569886e+02
      vertex   1.373723e+02 1.024637e+02 1.565839e+02
      vertex   1.373928e+02 1.024637e+02 1.569886e+02
    endloop
  endfacet
  facet normal -9.987165e-01 -0.000000e+00 -5.064917e-02
    outer loop
      vertex   1.373928e+02 1.054637e+02 1.569886e+02
      vertex   1.373928e+02 1.024637e+02 1.569886e+02
      vertex   1.373723e+02 1.054637e+02 1.573932e+02
    endloop
  endfacet
  facet normal -9.987165e-01 -0.000000e+00 -5.064917e-02
    outer loop
      vertex   1.373723e+02 1.054637e+02 1.573932e+02
      vertex   1.373928e+02 1.024637e+02 1.569886e+02
      vertex   1.373723e+02 1.024637e+02 1.573932e+02
    endloop
  endfacet
  facet normal -9.884683e-01 -0.000000e+00 -1.514278e-01
    outer loop
      vertex   1.373723e+02 1.054637e+02 1.573932e+02
      vertex   1.373723e+02 1.024637e+02 1.573932e+02
      vertex   1.373109e+02 1.054637e+02 1.577938e+02
    endloop
  endfacet
  facet normal -9.884683e-01 -0.000000e+00 -1.514278e-01
    outer loop
      vertex   1.373109e+02 1.054637e+02 1.577938e+02
      vertex   1.373723e+02 1.024637e+02 1.573932e+02
      vertex   1.373109e+02 1.024637e+02 1.577938e+02
    endloop
  endfacet
  facet normal -9.680771e-01 -0.000000e+00 -2.506525e-01
    outer loop
      vertex   1.373109e+02 1.054637e+02 1.577938e+02
      vertex   1.373109e+02 1.024637e+02 1.577938e+02
      vertex   1.372094e+02 1.054637e+02 1.581860e+02
    endloop
  endfacet
  facet normal -9.680771e-01 -0.000000e+00 -2.506525e-01
    outer loop
      vertex   1.372094e+02 1.054637e+02 1.581860e+02
      vertex   1.373109e+02 1.024637e+02 1.577938e+02
      vertex   1.372094e+02 1.024637e+02 1.581860e+02
    endloop
  endfacet
  facet normal -9.377521e-01 -0.000000e+00 -3.473053e-01
    outer loop
      vertex   1.372094e+02 1.054637e+02 1.581860e+02
      vertex   1.372094e+02 1.024637e+02 1.581860e+02
      vertex   1.370686e+02 1.054637e+02 1.585660e+02
    endloop
  endfacet
  facet normal -9.377521e-01 -0.000000e+00 -3.473053e-01
    outer loop
      vertex   1.370686e+02 1.054637e+02 1.585660e+02
      vertex   1.372094e+02 1.024637e+02 1.581860e+02
      vertex   1.370686e+02 1.024637e+02 1.585660e+02
    endloop
  endfacet
  facet normal -8.978045e-01 -0.000000e+00 -4.403942e-01
    outer loop
      vertex   1.370686e+02 1.054637e+02 1.585660e+02
      vertex   1.370686e+02 1.024637e+02 1.585660e+02
      vertex   1.368902e+02 1.054637e+02 1.589298e+02
    endloop
  endfacet
  facet normal -8.978045e-01 -0.000000e+00 -4.403942e-01
    outer loop
      vertex   1.368902e+02 1.054637e+02 1.589298e+02
      vertex   1.370686e+02 1.024637e+02 1.585660e+02
      vertex   1.368902e+02 1.024637e+02 1.589298e+02
    endloop
  endfacet
  facet normal -8.486443e-01 -0.000000e+00 -5.289640e-01
    outer loop
      vertex   1.368902e+02 1.054637e+02 1.589298e+02
      vertex   1.368902e+02 1.024637e+02 1.589298e+02
      vertex   1.366759e+02 1.054637e+02 1.592736e+02
    endloop
  endfacet
  facet normal -8.486443e-01 -0.000000e+00 -5.289640e-01
    outer loop
      vertex   1.366759e+02 1.054637e+02 1.592736e+02
      vertex   1.368902e+02 1.024637e+02 1.589298e+02
      vertex   1.366759e+02 1.024637e+02 1.592736e+02
    endloop
  endfacet
  facet normal -7.907757e-01 -0.000000e+00 -6.121060e-01
    outer loop
      vertex   1.366759e+02 1.054637e+02 1.592736e+02
      vertex   1.366759e+02 1.024637e+02 1.592736e+02
      vertex   1.364278e+02 1.054637e+02 1.595940e+02
    endloop
  endfacet
  facet normal -7.907757e-01 -0.000000e+00 -6.121060e-01
    outer loop
      vertex   1.364278e+02 1.054637e+02 1.595940e+02
      vertex   1.366759e+02 1.024637e+02 1.592736e+02
      vertex   1.364278e+02 1.024637e+02 1.595940e+02
    endloop
  endfacet
  facet normal -7.247928e-01 -0.000000e+00 -6.889669e-01
    outer loop
      vertex   1.364278e+02 1.054637e+02 1.595940e+02
      vertex   1.364278e+02 1.024637e+02 1.595940e+02
      vertex   1.361487e+02 1.054637e+02 1.598877e+02
    endloop
  endfacet
  facet normal -7.247928e-01 -0.000000e+00 -6.889669e-01
    outer loop
      vertex   1.361487e+02 1.054637e+02 1.598877e+02
      vertex   1.364278e+02 1.024637e+02 1.595940e+02
      vertex   1.361487e+02 1.024637e+02 1.598877e+02
    endloop
  endfacet
  facet normal -6.513725e-01 -0.000000e+00 -7.587581e-01
    outer loop
      vertex   1.361487e+02 1.054637e+02 1.598877e+02
      vertex   1.361487e+02 1.024637e+02 1.598877e+02
      vertex   1.358412e+02 1.054637e+02 1.601517e+02
    endloop
  endfacet
  facet normal -6.513725e-01 -0.000000e+00 -7.587581e-01
    outer loop
      vertex   1.358412e+02 1.054637e+02 1.601517e+02
      vertex   1.361487e+02 1.024637e+02 1.598877e+02
      vertex   1.358412e+02 1.024637e+02 1.601517e+02
    endloop
  endfacet
  facet normal -5.712682e-01 -0.000000e+00 -8.207634e-01
    outer loop
      vertex   1.358412e+02 1.054637e+02 1.601517e+02
      vertex   1.358412e+02 1.024637e+02 1.601517e+02
      vertex   1.355087e+02 1.054637e+02 1.603831e+02
    endloop
  endfacet
  facet normal -5.712682e-01 -0.000000e+00 -8.207634e-01
    outer loop
      vertex   1.355087e+02 1.054637e+02 1.603831e+02
      vertex   1.358412e+02 1.024637e+02 1.601517e+02
      vertex   1.355087e+02 1.024637e+02 1.603831e+02
    endloop
  endfacet
  facet normal -4.853020e-01 -0.000000e+00 -8.743466e-01
    outer loop
      vertex   1.355087e+02 1.054637e+02 1.603831e+02
      vertex   1.355087e+02 1.024637e+02 1.603831e+02
      vertex   1.351544e+02 1.054637e+02 1.605798e+02
    endloop
  endfacet
  facet normal -4.853020e-01 -0.000000e+00 -8.743466e-01
    outer loop
      vertex   1.351544e+02 1.054637e+02 1.605798e+02
      vertex   1.355087e+02 1.024637e+02 1.603831e+02
      vertex   1.351544e+02 1.024637e+02 1.605798e+02
    endloop
  endfacet
  facet normal -3.943559e-01 -0.000000e+00 -9.189578e-01
    outer loop
      vertex   1.351544e+02 1.054637e+02 1.605798e+02
      vertex   1.351544e+02 1.024637e+02 1.605798e+02
      vertex   1.347820e+02 1.054637e+02 1.607396e+02
    endloop
  endfacet
  facet normal -3.943559e-01 -0.000000e+00 -9.189578e-01
    outer loop
      vertex   1.347820e+02 1.054637e+02 1.607396e+02
      vertex   1.351544e+02 1.024637e+02 1.605798e+02
      vertex   1.347820e+02 1.024637e+02 1.607396e+02
    endloop
  endfacet
  facet normal -2.993631e-01 -0.000000e+00 -9.541393e-01
    outer loop
      vertex   1.347820e+02 1.054637e+02 1.607396e+02
      vertex   1.347820e+02 1.024637e+02 1.607396e+02
      vertex   1.343954e+02 1.054637e+02 1.608609e+02
    endloop
  endfacet
  facet normal -2.993631e-01 -0.000000e+00 -9.541393e-01
    outer loop
      vertex   1.343954e+02 1.054637e+02 1.608609e+02
      vertex   1.347820e+02 1.024637e+02 1.607396e+02
      vertex   1.343954e+02 1.024637e+02 1.608609e+02
    endloop
  endfacet
  facet normal -2.012985e-01 -0.000000e+00 -9.795299e-01
    outer loop
      vertex   1.343954e+02 1.054637e+02 1.608609e+02
      vertex   1.343954e+02 1.024637e+02 1.608609e+02
      vertex   1.339985e+02 1.054637e+02 1.609424e+02
    endloop
  endfacet
  facet normal -2.012985e-01 -0.000000e+00 -9.795299e-01
    outer loop
      vertex   1.339985e+02 1.054637e+02 1.609424e+02
      vertex   1.343954e+02 1.024637e+02 1.608609e+02
      vertex   1.339985e+02 1.024637e+02 1.609424e+02
    endloop
  endfacet
  facet normal -1.011683e-01 -0.000000e+00 -9.948693e-01
    outer loop
      vertex   1.339985e+02 1.054637e+02 1.609424e+02
      vertex   1.339985e+02 1.024637e+02 1.609424e+02
      vertex   1.335954e+02 1.054637e+02 1.609834e+02
    endloop
  endfacet
  facet normal -1.011683e-01 -0.000000e+00 -9.948693e-01
    outer loop
      vertex   1.335954e+02 1.054637e+02 1.609834e+02
      vertex   1.339985e+02 1.024637e+02 1.609424e+02
      vertex   1.335954e+02 1.024637e+02 1.609834e+02
    endloop
  endfacet
  facet normal -0.000000e+00 -0.000000e+00 -1.000000e+00
    outer loop
      vertex   1.335954e+02 1.054637e+02 1.609834e+02
      vertex   1.335954e+02 1.024637e+02 1.609834e+02
      vertex   1.331902e+02 1.054637e+02 1.609834e+02
    endloop
  endfacet
  facet normal 0.000000e+00 0.000000e+00 -1.000000e+00
    outer loop
      vertex   1.331902e+02 1.054637e+02 1.609834e+02
      vertex   1.335954e+02 1.024637e+02 1.609834e+02
      vertex   1.331902e+02 1.024637e+02 1.609834e+02
    endloop
  endfacet
  facet normal 1.011683e-01 0.000000e+00 -9.948693e-01
    outer loop
      vertex   1.331902e+02 1.054637e+02 1.609834e+02
      vertex   1.331902e+02 1.024637e+02 1.609834e+02
      vertex   1.327871e+02 1.054637e+02 1.609424e+02
    endloop
  endfacet
  facet normal 1.011683e-01 0.000000e+00 -9.948693e-01
    outer loop
      vertex   1.327871e+02 1.054637e+02 1.609424e+02
      vertex   1.331902e+02 1.024637e+02 1.609834e+02
      vertex   1.327871e+02 1.024637e+02 1.609424e+02
    endloop
  endfacet
  facet normal 2.012985e-01 0.000000e+00 -9.795299e-01
    outer loop
      vertex   1.327871e+02 1.054637e+02 1.609424e+02
      vertex   1.327871e+02 1.024637e+02 1.609424e+02
      vertex   1.323902e+02 1.054637e+02 1.608609e+02
    endloop
  endfacet
  facet normal 2.012985e-01 0.000000e+00 -9.795299e-01
    outer loop
      vertex   1.323902e+02 1.054637e+02 1.608609e+02
      vertex   1.327871e+02 1.024637e+02 1.609424e+02
      vertex   1.323902e+02 1.024637e+02 1.608609e+02
    endloop
  endfacet
  facet normal 2.993631e-01 0.000000e+00 -9.541393e-01
    outer loop
      vertex   1.323902e+02 1.054637e+02 1.608609e+02
      vertex   1.323902e+02 1.024637e+02 1.608609e+02
      vertex   1.320036e+02 1.054637e+02 1.607396e+02
    endloop
  endfacet
  facet normal 2.993631e-01 0.000000e+00 -9.541393e-01
    outer loop
      vertex   1.320036e+02 1.054637e+02 1.607396e+02
      vertex   1.323902e+02 1.024637e+02 1.608609e+02
      vertex   1.320036e+02 1.024637e+02 1.607396e+02
    endloop
  endfacet
  facet normal 3.943559e-01 0.000000e+00 -9.189578e-01
    outer loop
      vertex   1.320036e+02 1.054637e+02 1.607396e+02
      vertex   1.320036e+02 1.024637e+02 1.607396e+02
      vertex   1.316312e+02 1.054637e+02 1.605798e+02
    endloop
  endfacet
  facet normal 3.943559e-01 0.000000e+00 -9.189578e-01
    outer loop
      vertex   1.316312e+02 1.054637e+02 1.605798e+02
      vertex   1.320036e+02 1.024637e+02 1.607396e+02
      vertex   1.316312e+02 1.024637e+02 1.605798e+02
    endloop
  endfacet
  facet normal 4.853020e-01 0.000000e+00 -8.743466e-01
    outer loop
      vertex   1.316312e+02 1.054637e+02 1.605798e+02
      vertex   1.316312e+02 1.024637e+02 1.605798e+02
      vertex   1.312769e+02 1.054637e+02 1.603831e+02
    endloop
  endfacet
  facet normal 4.853020e-01 0.000000e+00 -8.743466e-01
    outer loop
      vertex   1.312769e+02 1.054637e+02 1.603831e+02
      vertex   1.316312e+02 1.024637e+02 1.605798e+02
      vertex   1.312769e+02 1.024637e+02 1.603831e+02
    endloop
  endfacet
  facet normal 5.712682e-01 0.000000e+00 -8.207634e-01
    outer loop
      vertex   1.312769e+02 1.054637e+02 1.603831e+02
      vertex   1.312769e+02 1.024637e+02 1.603831e+02
      vertex   1.309444e+02 1.054637e+02 1.601517e+02
    endloop
  endfacet
  facet normal 5.712682e-01 0.000000e+00 -8.207634e-01
    outer loop
      vertex   1.309444e+02 1.054637e+02 1.601517e+02
      vertex   1.312769e+02 1.024637e+02 1.603831e+02
      vertex   1.309444e+02 1.024637e+02 1.601517e+02
    endloop
  endfacet
  facet normal 6.513725e-01 0.000000e+00 -7.587581e-01
    outer loop
      vertex   1.309444e+02 1.054637e+02 1.601517e+02
      vertex   1.309444e+02 1.024637e+02 1.601517e+02
      vertex   1.306369e+02 1.054637e+02 1.598877e+02
    endloop
  endfacet
  facet normal 6.513725e-01 0.000000e+00 -7.587581e-01
    outer loop
      vertex   1.306369e+02 1.054637e+02 1.598877e+02
      vertex   1.309444e+02 1.024637e+02 1.601517e+02
      vertex   1.306369e+02 1.024637e+02 1.598877e+02
    endloop
  endfacet
  facet normal 7.247928e-01 0.000000e+00 -6.889669e-01
    outer loop
      vertex   1.306369e+02 1.054637e+02 1.598877e+02
      vertex   1.306369e+02 1.024637e+02 1.598877e+02
      vertex   1.303578e+02 1.054637e+02 1.595940e+02
    endloop
  endfacet
  facet normal 7.247928e-01 0.000000e+00 -6.889669e-01
    outer loop
      vertex   1.303578e+02 1.054637e+02 1.595940e+02
      vertex   1.306369e+02 1.024637e+02 1.598877e+02
      vertex   1.303578e+02 1.024637e+02 1.595940e+02
    endloop
  endfacet
  facet normal 7.907757e-01 0.000000e+00 -6.121060e-01
    outer loop
      vertex   1.303578e+02 1.054637e+02 1.595940e+02
      vertex   1.303578e+02 1.024637e+02 1.595940e+02
      vertex   1.301097e+02 1.054637e+02 1.592736e+02
    endloop
  endfacet
  facet normal 7.907757e-01 0.000000e+00 -6.121060e-01
    outer loop
      vertex   1.301097e+02 1.054637e+02 1.592736e+02
      vertex   1.303578e+02 1.024637e+02 1.595940e+02
      vertex   1.301097e+02 1.024637e+02 1.592736e+02
    endloop
  endfacet
  facet normal 8.486443e-01 0.000000e+00 -5.289640e-01
    outer loop
      vertex   1.301097e+02 1.054637e+02 1.592736e+02
      vertex   1.301097e+02 1.024637e+02 1.592736e+02
      vertex   1.298954e+02 1.054637e+02 1.589298e+02
    endloop
  endfacet
  facet normal 8.486443e-01 0.000000e+00 -5.289640e-01
    outer loop
      vertex   1.298954e+02 1.054637e+02 1.589298e+02
      vertex   1.301097e+02 1.024637e+02 1.592736e+02
      vertex   1.298954e+02 1.024637e+02 1.589298e+02
    endloop
  endfacet
  facet normal 8.978045e-01 0.000000e+00 -4.403942e-01
    outer loop
      vertex   1.298954e+02 1.054637e+02 1.589298e+02
      vertex   1.298954e+02 1.024637e+02 1.589298e+02
      vertex   1.297170e+02 1.054637e+02 1.585660e+02
    endloop
  endfacet
  facet normal 8.978045e-01 0.000000e+00 -4.403942e-01
    outer loop
      vertex   1.297170e+02 1.054637e+02 1.585660e+02
      vertex   1.298954e+02 1.024637e+02 1.589298e+02
      vertex   1.297170e+02 1.024637e+02 1.585660e+02
    endloop
  endfacet
  facet normal 9.377521e-01 0.000000e+00 -3.473053e-01
    outer loop
      vertex   1.297170e+02 1.054637e+02 1.585660e+02
      vertex   1.297170e+02 1.024637e+02 1.585660e+02
      vertex   1.295762e+02 1.054637e+02 1.581860e+02
    endloop
  endfacet
  facet normal 9.377521e-01 0.000000e+00 -3.473053e-01
    outer loop
      vertex   1.295762e+02 1.054637e+02 1.581860e+02
      vertex   1.297170e+02 1.024637e+02 1.585660e+02
      vertex   1.295762e+02 1.024637e+02 1.581860e+02
    endloop
  endfacet
  facet normal 9.680771e-01 0.000000e+00 -2.506525e-01
    outer loop
      vertex   1.295762e+02 1.054637e+02 1.581860e+02
      vertex   1.295762e+02 1.024637e+02 1.581860e+02
      vertex   1.294747e+02 1.054637e+02 1.577938e+02
    endloop
  endfacet
  facet normal 9.680771e-01 0.000000e+00 -2.506525e-01
    outer loop
      vertex   1.294747e+02 1.054637e+02 1.577938e+02
      vertex   1.295762e+02 1.024637e+02 1.581860e+02
      vertex   1.294747e+02 1.024637e+02 1.577938e+02
    endloop
  endfacet
  facet normal 9.884683e-01 0.000000e+00 -1.514278e-01
    outer loop
      vertex   1.294747e+02 1.054637e+02 1.577938e+02
      vertex   1.294747e+02 1.024637e+02 1.577938e+02
      vertex   1.294133e+02 1.054637e+02 1.573932e+02
    endloop
  endfacet
  facet normal 9.884683e-01 0.000000e+00 -1.514278e-01
    outer loop
      vertex   1.294133e+02 1.054637e+02 1.573932e+02
      vertex   1.294747e+02 1.024637e+02 1.577938e+02
      vertex   1.294133e+02 1.024637e+02 1.573932e+02
    endloop
  endfacet
  facet normal -0.000000e+00 -1.000000e+00 0.000000e+00
    outer loop
      vertex   1.318135e+02 1.054637e+02 1.572452e+02
      vertex   1.294133e+02 1.054637e+02 1.573932e+02
      vertex   1.317928e+02 1.054637e+02 1.569886e+02
    endloop
  endfacet
  facet normal 0.000000e+00 -1.000000e+00 0.000000e+00
    outer loop
      vertex   1.317928e+02 1.054637e+02 1.569886e+02
      vertex   1.294133e+02 1.054637e+02 1.573932e+02
      vertex   1.293928e+02 1.054637e+02 1.569886e+02
    endloop
  endfacet
  facet normal -0.000000e+00 -1.000000e+00 0.000000e+00
    outer loop
      vertex   1.317928e+02 1.054637e+02 1.569886e+02
      vertex   1.293928e+02 1.054637e+02 1.569886e+02
      vertex   1.294133e+02 1.054637e+02 1.565839e+02
    endloop
  endfacet
  facet normal 0.000000e+00 -1.000000e+00 0.000000e+00
    outer loop
      vertex   1.294133e+02 1.054637e+02 1.573932e+02
      vertex   1.318135e+02 1.054637e+02 1.572452e+02
      vertex   1.294747e+02 1.054637e+02 1.577938e+02
    endloop
  endfacet
  facet normal 0.000000e+00 -1.000000e+00 0.000000e+00
    outer loop
      vertex   1.294747e+02 1.054637e+02 1.577938e+02
      vertex   1.318135e+02 1.054637e+02 1.572452e+02
      vertex   1.318751e+02 1.054637e+02 1.574952e+02
    endloop
  endfacet
  facet normal 0.000000e+00 -1.000000e+00 0.000000e+00
    outer loop
      vertex   1.294747e+02 1.054637e+02 1.577938e+02
      vertex   1.318751e+02 1.054637e+02 1.574952e+02
      vertex   1.295762e+02 1.054637e+02 1.581860e+02
    endloop
  endfacet
  facet normal 0.000000e+00 -1.000000e+00 0.000000e+00
    outer loop
      vertex   1.295762e+02 1.054637e+02 1.581860e+02
      vertex   1.318751e+02 1.054637e+02 1.574952e+02
      vertex   1.297170e+02 1.054637e+02 1.585660e+02
    endloop
  endfacet
  facet normal 0.000000e+00 -1.000000e+00 0.000000e+00
    outer loop
      vertex   1.297170e+02 1.054637e+02 1.585660e+02
      vertex   1.318751e+02 1.054637e+02 1.574952e+02
      vertex   1.319761e+02 1.054637e+02 1.577321e+02
    endloop
  endfacet
  facet normal 0.000000e+00 -1.000000e+00 0.000000e+00
    outer loop
      vertex   1.297170e+02 1.054637e+02 1.585660e+02
      vertex   1.319761e+02 1.054637e+02 1.577321e+02
      vertex   1.298954e+02 1.054637e+02 1.589298e+02
    endloop
  endfacet
  facet normal 0.000000e+00 -1.000000e+00 0.000000e+00
    outer loop
      vertex   1.298954e+02 1.054637e+02 1.589298e+02
      vertex   1.319761e+02 1.054637e+02 1.577321e+02
      vertex   1.301097e+02 1.054637e+02 1.592736e+02
    endloop
  endfacet
  facet normal 0.000000e+00 -1.000000e+00 0.000000e+00
    outer loop
      vertex   1.301097e+02 1.054637e+02 1.592736e+02
      vertex   1.319761e+02 1.054637e+02 1.577321e+02
      vertex   1.321137e+02 1.054637e+02 1.579497e+02
    endloop
  endfacet
  facet normal 0.000000e+00 -1.000000e+00 0.000000e+00
    outer loop
      vertex   1.301097e+02 1.054637e+02 1.592736e+02
      vertex   1.321137e+02 1.054637e+02 1.579497e+02
      vertex   1.303578e+02 1.054637e+02 1.595940e+02
    endloop
  endfacet
  facet normal 0.000000e+00 -1.000000e+00 0.000000e+00
    outer loop
      vertex   1.303578e+02 1.054637e+02 1.595940e+02
      vertex   1.321137e+02 1.054637e+02 1.579497e+02
      vertex   1.322844e+02 1.054637e+02 1.581425e+02
    endloop
  endfacet
  facet normal 0.000000e+00 -1.000000e+00 0.000000e+00
    outer loop
      vertex   1.303578e+02 1.054637e+02 1.595940e+02
      vertex   1.322844e+02 1.054637e+02 1.581425e+02
      vertex   1.306369e+02 1.054637e+02 1.598877e+02
    endloop
  endfacet
  facet normal 0.000000e+00 -1.000000e+00 0.000000e+00
    outer loop
      vertex   1.306369e+02 1.054637e+02 1.598877e+02
      vertex   1.322844e+02 1.054637e+02 1.581425e+02
      vertex   1.309444e+02 1.054637e+02 1.601517e+02
    endloop
  endfacet
  facet normal 0.000000e+00 -1.000000e+00 0.000000e+00
    outer loop
      vertex   1.309444e+02 1.054637e+02 1.601517e+02
      vertex   1.322844e+02 1.054637e+02 1.581425e+02
      vertex   1.324839e+02 1.054637e+02 1.583053e+02
    endloop
  endfacet
  facet normal 0.000000e+00 -1.000000e+00 0.000000e+00
    outer loop
      vertex   1.309444e+02 1.054637e+02 1.601517e+02
      vertex   1.324839e+02 1.054637e+02 1.583053e+02
      vertex   1.312769e+02 1.054637e+02 1.603831e+02
    endloop
  endfacet
  facet normal 0.000000e+00 -1.000000e+00 0.000000e+00
    outer loop
      vertex   1.312769e+02 1.054637e+02 1.603831e+02
      vertex   1.324839e+02 1.054637e+02 1.583053e+02
      vertex   1.327069e+02 1.054637e+02 1.584341e+02
    endloop
  endfacet
  facet normal 0.000000e+00 -1.000000e+00 0.000000e+00
    outer loop
      vertex   1.312769e+02 1.054637e+02 1.603831e+02
      vertex   1.327069e+02 1.054637e+02 1.584341e+02
      vertex   1.316312e+02 1.054637e+02 1.605798e+02
    endloop
  endfacet
  facet normal 0.000000e+00 -1.000000e+00 0.000000e+00
    outer loop
      vertex   1.316312e+02 1.054637e+02 1.605798e+02
      vertex   1.327069e+02 1.054637e+02 1.584341e+02
      vertex   1.320036e+02 1.054637e+02 1.607396e+02
    endloop
  endfacet
  facet normal 0.000000e+00 -1.000000e+00 0.000000e+00
    outer loop
      vertex   1.320036e+02 1.054637e+02 1.607396e+02
      vertex   1.327069e+02 1.054637e+02 1.584341e+02
      vertex   1.329477e+02 1.054637e+02 1.585254e+02
    endloop
  endfacet
  facet normal 0.000000e+00 -1.000000e+00 0.000000e+00
    outer loop
      vertex   1.320036e+02 1.054637e+02 1.607396e+02
      vertex   1.329477e+02 1.054637e+02 1.585254e+02
      vertex   1.323902e+02 1.054637e+02 1.608609e+02
    endloop
  endfacet
  facet normal 0.000000e+00 -1.000000e+00 0.000000e+00
    outer loop
      vertex   1.323902e+02 1.054637e+02 1.608609e+02
      vertex   1.329477e+02 1.054637e+02 1.585254e+02
      vertex   1.327871e+02 1.054637e+02 1.609424e+02
    endloop
  endfacet
  facet normal 0.000000e+00 -1.000000e+00 0.000000e+00
    outer loop
      vertex   1.327871e+02 1.054637e+02 1.609424e+02
      vertex   1.329477e+02 1.054637e+02 1.585254e+02
      vertex   1.331999e+02 1.054637e+02 1.585769e+02
    endloop
  endfacet
  facet normal 0.000000e+00 -1.000000e+00 0.000000e+00
    outer loop
      vertex   1.327871e+02 1.054637e+02 1.609424e+02
      vertex   1.331999e+02 1.054637e+02 1.585769e+02
      vertex   1.331902e+02 1.054637e+02 1.609834e+02
    endloop
  endfacet
  facet normal 0.000000e+00 -1.000000e+00 0.000000e+00
    outer loop
      vertex   1.331902e+02 1.054637e+02 1.609834e+02
      vertex   1.331999e+02 1.054637e+02 1.585769e+02
      vertex   1.334572e+02 1.054637e+02 1.585873e+02
    endloop
  endfacet
  facet normal 0.000000e+00 -1.000000e+00 0.000000e+00
    outer loop
      vertex   1.331902e+02 1.054637e+02 1.609834e+02
      vertex   1.334572e+02 1.054637e+02 1.585873e+02
      vertex   1.335954e+02 1.054637e+02 1.609834e+02
    endloop
  endfacet
  facet normal 0.000000e+00 -1.000000e+00 -0.000000e+00
    outer loop
      vertex   1.335954e+02 1.054637e+02 1.609834e+02
      vertex   1.334572e+02 1.054637e+02 1.585873e+02
      vertex   1.339985e+02 1.054637e+02 1.609424e+02
    endloop
  endfacet
  facet normal 0.000000e+00 -1.000000e+00 0.000000e+00
    outer loop
      vertex   1.339985e+02 1.054637e+02 1.609424e+02
      vertex   1.334572e+02 1.054637e+02 1.585873e+02
      vertex   1.337128e+02 1.054637e+02 1.585562e+02
    endloop
  endfacet
  facet normal 0.000000e+00 -1.000000e+00 -0.000000e+00
    outer loop
      vertex   1.339985e+02 1.054637e+02 1.609424e+02
      vertex   1.337128e+02 1.054637e+02 1.585562e+02
      vertex   1.343954e+02 1.054637e+02 1.608609e+02
    endloop
  endfacet
  facet normal 0.000000e+00 -1.000000e+00 0.000000e+00
    outer loop
      vertex   1.343954e+02 1.054637e+02 1.608609e+02
      vertex   1.337128e+02 1.054637e+02 1.585562e+02
      vertex   1.339602e+02 1.054637e+02 1.584846e+02
    endloop
  endfacet
  facet normal 0.000000e+00 -1.000000e+00 -0.000000e+00
    outer loop
      vertex   1.343954e+02 1.054637e+02 1.608609e+02
      vertex   1.339602e+02 1.054637e+02 1.584846e+02
      vertex   1.347820e+02 1.054637e+02 1.607396e+02
    endloop
  endfacet
  facet normal 0.000000e+00 -1.000000e+00 -0.000000e+00
    outer loop
      vertex   1.347820e+02 1.054637e+02 1.607396e+02
      vertex   1.339602e+02 1.054637e+02 1.584846e+02
      vertex   1.351544e+02 1.054637e+02 1.605798e+02
    endloop
  endfacet
  facet normal 0.000000e+00 -1.000000e+00 0.000000e+00
    outer loop
      vertex   1.351544e+02 1.054637e+02 1.605798e+02
      vertex   1.339602e+02 1.054637e+02 1.584846e+02
      vertex   1.341928e+02 1.054637e+02 1.583742e+02
    endloop
  endfacet
  facet normal 0.000000e+00 -1.000000e+00 -0.000000e+00
    outer loop
      vertex   1.351544e+02 1.054637e+02 1.605798e+02
      vertex   1.341928e+02 1.054637e+02 1.583742e+02
      vertex   1.355087e+02 1.054637e+02 1.603831e+02
    endloop
  endfacet
  facet normal 0.000000e+00 -1.000000e+00 0.000000e+00
    outer loop
      vertex   1.355087e+02 1.054637e+02 1.603831e+02
      vertex   1.341928e+02 1.054637e+02 1.583742e+02
      vertex   1.344047e+02 1.054637e+02 1.582279e+02
    endloop
  endfacet
  facet normal 0.000000e+00 -1.000000e+00 -0.000000e+00
    outer loop
      vertex   1.355087e+02 1.054637e+02 1.603831e+02
      vertex   1.344047e+02 1.054637e+02 1.582279e+02
      vertex   1.358412e+02 1.054637e+02 1.601517e+02
    endloop
  endfacet
  facet normal 0.000000e+00 -1.000000e+00 -0.000000e+00
    outer loop
      vertex   1.358412e+02 1.054637e+02 1.601517e+02
      vertex   1.344047e+02 1.054637e+02 1.582279e+02
      vertex   1.361487e+02 1.054637e+02 1.598877e+02
    endloop
  endfacet
  facet normal 0.000000e+00 -1.000000e+00 0.000000e+00
    outer loop
      vertex   1.361487e+02 1.054637e+02 1.598877e+02
      vertex   1.344047e+02 1.054637e+02 1.582279e+02
      vertex   1.345904e+02 1.054637e+02 1.580496e+02
    endloop
  endfacet
  facet normal 0.000000e+00 -1.000000e+00 -0.000000e+00
    outer loop
      vertex   1.361487e+02 1.054637e+02 1.598877e+02
      vertex   1.345904e+02 1.054637e+02 1.580496e+02
      vertex   1.364278e+02 1.054637e+02 1.595940e+02
    endloop
  endfacet
  facet normal 0.000000e+00 -1.000000e+00 -0.000000e+00
    outer loop
      vertex   1.364278e+02 1.054637e+02 1.595940e+02
      vertex   1.345904e+02 1.054637e+02 1.580496e+02
      vertex   1.366759e+02 1.054637e+02 1.592736e+02
    endloop
  endfacet
  facet normal 0.000000e+00 -1.000000e+00 0.000000e+00
    outer loop
      vertex   1.366759e+02 1.054637e+02 1.592736e+02
      vertex   1.345904e+02 1.054637e+02 1.580496e+02
      vertex   1.347451e+02 1.054637e+02 1.578437e+02
    endloop
  endfacet
  facet normal 0.000000e+00 -1.000000e+00 -0.000000e+00
    outer loop
      vertex   1.366759e+02 1.054637e+02 1.592736e+02
      vertex   1.347451e+02 1.054637e+02 1.578437e+02
      vertex   1.368902e+02 1.054637e+02 1.589298e+02
    endloop
  endfacet
  facet normal 0.000000e+00 -1.000000e+00 0.000000e+00
    outer loop
      vertex   1.368902e+02 1.054637e+02 1.589298e+02
      vertex   1.347451e+02 1.054637e+02 1.578437e+02
      vertex   1.348648e+02 1.054637e+02 1.576157e+02
    endloop
  endfacet
  facet normal 0.000000e+00 -1.000000e+00 -0.000000e+00
    outer loop
      vertex   1.368902e+02 1.054637e+02 1.589298e+02
      vertex   1.348648e+02 1.054637e+02 1.576157e+02
      vertex   1.370686e+02 1.054637e+02 1.585660e+02
    endloop
  endfacet
  facet normal 0.000000e+00 -1.000000e+00 -0.000000e+00
    outer loop
      vertex   1.370686e+02 1.054637e+02 1.585660e+02
      vertex   1.348648e+02 1.054637e+02 1.576157e+02
      vertex   1.372094e+02 1.054637e+02 1.581860e+02
    endloop
  endfacet
  facet normal 0.000000e+00 -1.000000e+00 0.000000e+00
    outer loop
      vertex   1.372094e+02 1.054637e+02 1.581860e+02
      vertex   1.348648e+02 1.054637e+02 1.576157e+02
      vertex   1.349463e+02 1.054637e+02 1.573715e+02
    endloop
  endfacet
  facet normal 0.000000e+00 -1.000000e+00 -0.000000e+00
    outer loop
      vertex   1.372094e+02 1.054637e+02 1.581860e+02
      vertex   1.349463e+02 1.054637e+02 1.573715e+02
      vertex   1.373109e+02 1.054637e+02 1.577938e+02
    endloop
  endfacet
  facet normal 0.000000e+00 -1.000000e+00 0.000000e+00
    outer loop
      vertex   1.373109e+02 1.054637e+02 1.577938e+02
      vertex   1.349463e+02 1.054637e+02 1.573715e+02
      vertex   1.349876e+02 1.054637e+02 1.571173e+02
    endloop
  endfacet
  facet normal 0.000000e+00 -1.000000e+00 -0.000000e+00
    outer loop
      vertex   1.373109e+02 1.054637e+02 1.577938e+02
      vertex   1.349876e+02 1.054637e+02 1.571173e+02
      vertex   1.373723e+02 1.054637e+02 1.573932e+02
    endloop
  endfacet
  facet normal 0.000000e+00 -1.000000e+00 -0.000000e+00
    outer loop
      vertex   1.373723e+02 1.054637e+02 1.573932e+02
      vertex   1.349876e+02 1.054637e+02 1.571173e+02
      vertex   1.373928e+02 1.054637e+02 1.569886e+02
    endloop
  endfacet
  facet normal -0.000000e+00 -1.000000e+00 0.000000e+00
    outer loop
      vertex   1.373928e+02 1.054637e+02 1.569886e+02
      vertex   1.349876e+02 1.054637e+02 1.571173e+02
      vertex   1.349876e+02 1.054637e+02 1.568598e+02
    endloop
  endfacet
  facet normal 0.000000e+00 -1.000000e+00 0.000000e+00
    outer loop
      vertex   1.373928e+02 1.054637e+02 1.569886e+02
      vertex   1.349876e+02 1.054637e+02 1.568598e+02
      vertex   1.373723e+02 1.054637e+02 1.565839e+02
    endloop
  endfacet
  facet normal -0.000000e+00 -1.000000e+00 0.000000e+00
    outer loop
      vertex   1.373723e+02 1.054637e+02 1.565839e+02
      vertex   1.349876e+02 1.054637e+02 1.568598e+02
      vertex   1.373109e+02 1.054637e+02 1.561834e+02
    endloop
  endfacet
  facet normal 0.000000e+00 -1.000000e+00 0.000000e+00
    outer loop
      vertex   1.373109e+02 1.054637e+02 1.561834e+02
      vertex   1.349876e+02 1.054637e+02 1.568598e+02
      vertex   1.349463e+02 1.054637e+02 1.566057e+02
    endloop
  endfacet
  facet normal -0.000000e+00 -1.000000e+00 0.000000e+00
    outer loop
      vertex   1.373109e+02 1.054637e+02 1.561834e+02
      vertex   1.349463e+02 1.054637e+02 1.566057e+02
      vertex   1.372094e+02 1.054637e+02 1.557911e+02
    endloop
  endfacet
  facet normal 0.000000e+00 -1.000000e+00 0.000000e+00
    outer loop
      vertex   1.372094e+02 1.054637e+02 1.557911e+02
      vertex   1.349463e+02 1.054637e+02 1.566057e+02
      vertex   1.348648e+02 1.054637e+02 1.563614e+02
    endloop
  endfacet
  facet normal -0.000000e+00 -1.000000e+00 0.000000e+00
    outer loop
      vertex   1.372094e+02 1.054637e+02 1.557911e+02
      vertex   1.348648e+02 1.054637e+02 1.563614e+02
      vertex   1.370686e+02 1.054637e+02 1.554111e+02
    endloop
  endfacet
  facet normal -0.000000e+00 -1.000000e+00 0.000000e+00
    outer loop
      vertex   1.370686e+02 1.054637e+02 1.554111e+02
      vertex   1.348648e+02 1.054637e+02 1.563614e+02
      vertex   1.368902e+02 1.054637e+02 1.550474e+02
    endloop
  endfacet
  facet normal 0.000000e+00 -1.000000e+00 0.000000e+00
    outer loop
      vertex   1.368902e+02 1.054637e+02 1.550474e+02
      vertex   1.348648e+02 1.054637e+02 1.563614e+02
      vertex   1.347451e+02 1.054637e+02 1.561334e+02
    endloop
  endfacet
  facet normal -0.000000e+00 -1.000000e+00 0.000000e+00
    outer loop
      vertex   1.368902e+02 1.054637e+02 1.550474e+02
      vertex   1.347451e+02 1.054637e+02 1.561334e+02
      vertex   1.366759e+02 1.054637e+02 1.547035e+02
    endloop
  endfacet
  facet normal 0.000000e+00 -1.000000e+00 0.000000e+00
    outer loop
      vertex   1.366759e+02 1.054637e+02 1.547035e+02
      vertex   1.347451e+02 1.054637e+02 1.561334e+02
      vertex   1.345904e+02 1.054637e+02 1.559276e+02
    endloop
  endfacet
  facet normal -0.000000e+00 -1.000000e+00 0.000000e+00
    outer loop
      vertex   1.366759e+02 1.054637e+02 1.547035e+02
      vertex   1.345904e+02 1.054637e+02 1.559276e+02
      vertex   1.364278e+02 1.054637e+02 1.543831e+02
    endloop
  endfacet
  facet normal -0.000000e+00 -1.000000e+00 0.000000e+00
    outer loop
      vertex   1.364278e+02 1.054637e+02 1.543831e+02
      vertex   1.345904e+02 1.054637e+02 1.559276e+02
      vertex   1.361487e+02 1.054637e+02 1.540894e+02
    endloop
  endfacet
  facet normal 0.000000e+00 -1.000000e+00 0.000000e+00
    outer loop
      vertex   1.361487e+02 1.054637e+02 1.540894e+02
      vertex   1.345904e+02 1.054637e+02 1.559276e+02
      vertex   1.344047e+02 1.054637e+02 1.557492e+02
    endloop
  endfacet
  facet normal -0.000000e+00 -1.000000e+00 0.000000e+00
    outer loop
      vertex   1.361487e+02 1.054637e+02 1.540894e+02
      vertex   1.344047e+02 1.054637e+02 1.557492e+02
      vertex   1.358412e+02 1.054637e+02 1.538255e+02
    endloop
  endfacet
  facet normal -0.000000e+00 -1.000000e+00 0.000000e+00
    outer loop
      vertex   1.358412e+02 1.054637e+02 1.538255e+02
      vertex   1.344047e+02 1.054637e+02 1.557492e+02
      vertex   1.355087e+02 1.054637e+02 1.535940e+02
    endloop
  endfacet
  facet normal 0.000000e+00 -1.000000e+00 0.000000e+00
    outer loop
      vertex   1.355087e+02 1.054637e+02 1.535940e+02
      vertex   1.344047e+02 1.054637e+02 1.557492e+02
      vertex   1.341928e+02 1.054637e+02 1.556029e+02
    endloop
  endfacet
  facet normal -0.000000e+00 -1.000000e+00 0.000000e+00
    outer loop
      vertex   1.355087e+02 1.054637e+02 1.535940e+02
      vertex   1.341928e+02 1.054637e+02 1.556029e+02
      vertex   1.351544e+02 1.054637e+02 1.533973e+02
    endloop
  endfacet
  facet normal 0.000000e+00 -1.000000e+00 0.000000e+00
    outer loop
      vertex   1.351544e+02 1.054637e+02 1.533973e+02
      vertex   1.341928e+02 1.054637e+02 1.556029e+02
      vertex   1.339602e+02 1.054637e+02 1.554925e+02
    endloop
  endfacet
  facet normal -0.000000e+00 -1.000000e+00 0.000000e+00
    outer loop
      vertex   1.351544e+02 1.054637e+02 1.533973e+02
      vertex   1.339602e+02 1.054637e+02 1.554925e+02
      vertex   1.347820e+02 1.054637e+02 1.532376e+02
    endloop
  endfacet
  facet normal -0.000000e+00 -1.000000e+00 0.000000e+00
    outer loop
      vertex   1.347820e+02 1.054637e+02 1.532376e+02
      vertex   1.339602e+02 1.054637e+02 1.554925e+02
      vertex   1.343954e+02 1.054637e+02 1.531163e+02
    endloop
  endfacet
  facet normal 0.000000e+00 -1.000000e+00 0.000000e+00
    outer loop
      vertex   1.343954e+02 1.054637e+02 1.531163e+02
      vertex   1.339602e+02 1.054637e+02 1.554925e+02
      vertex   1.337128e+02 1.054637e+02 1.554209e+02
    endloop
  endfacet
  facet normal -0.000000e+00 -1.000000e+00 0.000000e+00
    outer loop
      vertex   1.343954e+02 1.054637e+02 1.531163e+02
      vertex   1.337128e+02 1.054637e+02 1.554209e+02
      vertex   1.339985e+02 1.054637e+02 1.530347e+02
    endloop
  endfacet
  facet normal 0.000000e+00 -1.000000e+00 0.000000e+00
    outer loop
      vertex   1.339985e+02 1.054637e+02 1.530347e+02
      vertex   1.337128e+02 1.054637e+02 1.554209e+02
      vertex   1.334572e+02 1.054637e+02 1.553899e+02
    endloop
  endfacet
  facet normal -0.000000e+00 -1.000000e+00 0.000000e+00
    outer loop
      vertex   1.339985e+02 1.054637e+02 1.530347e+02
      vertex   1.334572e+02 1.054637e+02 1.553899e+02
      vertex   1.335954e+02 1.054637e+02 1.529937e+02
    endloop
  endfacet
  facet normal 0.000000e+00 -1.000000e+00 0.000000e+00
    outer loop
      vertex   1.335954e+02 1.054637e+02 1.529937e+02
      vertex   1.334572e+02 1.054637e+02 1.553899e+02
      vertex   1.331902e+02 1.054637e+02 1.529937e+02
    endloop
  endfacet
  facet normal 0.000000e+00 -1.000000e+00 0.000000e+00
    outer loop
      vertex   1.331902e+02 1.054637e+02 1.529937e+02
      vertex   1.334572e+02 1.054637e+02 1.553899e+02
      vertex   1.331999e+02 1.054637e+02 1.554002e+02
    endloop
  endfacet
  facet normal 0.000000e+00 -1.000000e+00 0.000000e+00
    outer loop
      vertex   1.331902e+02 1.054637e+02 1.529937e+02
      vertex   1.331999e+02 1.054637e+02 1.554002e+02
      vertex   1.327871e+02 1.054637e+02 1.530347e+02
    endloop
  endfacet
  facet normal 0.000000e+00 -1.000000e+00 0.000000e+00
    outer loop
      vertex   1.327871e+02 1.054637e+02 1.530347e+02
      vertex   1.331999e+02 1.054637e+02 1.554002e+02
      vertex   1.329477e+02 1.054637e+02 1.554517e+02
    endloop
  endfacet
  facet normal 0.000000e+00 -1.000000e+00 0.000000e+00
    outer loop
      vertex   1.327871e+02 1.054637e+02 1.530347e+02
      vertex   1.329477e+02 1.054637e+02 1.554517e+02
      vertex   1.323902e+02 1.054637e+02 1.531163e+02
    endloop
  endfacet
  facet normal 0.000000e+00 -1.000000e+00 0.000000e+00
    outer loop
      vertex   1.323902e+02 1.054637e+02 1.531163e+02
      vertex   1.329477e+02 1.054637e+02 1.554517e+02
      vertex   1.320036e+02 1.054637e+02 1.532376e+02
    endloop
  endfacet
  facet normal 0.000000e+00 -1.000000e+00 0.000000e+00
    outer loop
      vertex   1.320036e+02 1.054637e+02 1.532376e+02
      vertex   1.329477e+02 1.054637e+02 1.554517e+02
      vertex   1.327069e+02 1.054637e+02 1.555430e+02
    endloop
  endfacet
  facet normal 0.000000e+00 -1.000000e+00 0.000000e+00
    outer loop
      vertex   1.320036e+02 1.054637e+02 1.532376e+02
      vertex   1.327069e+02 1.054637e+02 1.555430e+02
      vertex   1.316312e+02 1.054637e+02 1.533973e+02
    endloop
  endfacet
  facet normal 0.000000e+00 -1.000000e+00 0.000000e+00
    outer loop
      vertex   1.316312e+02 1.054637e+02 1.533973e+02
      vertex   1.327069e+02 1.054637e+02 1.555430e+02
      vertex   1.312769e+02 1.054637e+02 1.535940e+02
    endloop
  endfacet
  facet normal 0.000000e+00 -1.000000e+00 0.000000e+00
    outer loop
      vertex   1.312769e+02 1.054637e+02 1.535940e+02
      vertex   1.327069e+02 1.054637e+02 1.555430e+02
      vertex   1.324839e+02 1.054637e+02 1.556718e+02
    endloop
  endfacet
  facet normal 0.000000e+00 -1.000000e+00 0.000000e+00
    outer loop
      vertex   1.312769e+02 1.054637e+02 1.535940e+02
      vertex   1.324839e+02 1.054637e+02 1.556718e+02
      vertex   1.309444e+02 1.054637e+02 1.538255e+02
    endloop
  endfacet
  facet normal 0.000000e+00 -1.000000e+00 0.000000e+00
    outer loop
      vertex   1.309444e+02 1.054637e+02 1.538255e+02
      vertex   1.324839e+02 1.054637e+02 1.556718e+02
      vertex   1.322844e+02 1.054637e+02 1.558346e+02
    endloop
  endfacet
  facet normal 0.000000e+00 -1.000000e+00 0.000000e+00
    outer loop
      vertex   1.309444e+02 1.054637e+02 1.538255e+02
      vertex   1.322844e+02 1.054637e+02 1.558346e+02
      vertex   1.306369e+02 1.054637e+02 1.540894e+02
    endloop
  endfacet
  facet normal 0.000000e+00 -1.000000e+00 0.000000e+00
    outer loop
      vertex   1.306369e+02 1.054637e+02 1.540894e+02
      vertex   1.322844e+02 1.054637e+02 1.558346e+02
      vertex   1.303578e+02 1.054637e+02 1.543831e+02
    endloop
  endfacet
  facet normal 0.000000e+00 -1.000000e+00 0.000000e+00
    outer loop
      vertex   1.303578e+02 1.054637e+02 1.543831e+02
      vertex   1.322844e+02 1.054637e+02 1.558346e+02
      vertex   1.321137e+02 1.054637e+02 1.560274e+02
    endloop
  endfacet
  facet normal 0.000000e+00 -1.000000e+00 0.000000e+00
    outer loop
      vertex   1.303578e+02 1.054637e+02 1.543831e+02
      vertex   1.321137e+02 1.054637e+02 1.560274e+02
      vertex   1.301097e+02 1.054637e+02 1.547035e+02
    endloop
  endfacet
  facet normal 0.000000e+00 -1.000000e+00 0.000000e+00
    outer loop
      vertex   1.301097e+02 1.054637e+02 1.547035e+02
      vertex   1.321137e+02 1.054637e+02 1.560274e+02
      vertex   1.319761e+02 1.054637e+02 1.562450e+02
    endloop
  endfacet
  facet normal 0.000000e+00 -1.000000e+00 0.000000e+00
    outer loop
      vertex   1.301097e+02 1.054637e+02 1.547035e+02
      vertex   1.319761e+02 1.054637e+02 1.562450e+02
      vertex   1.298954e+02 1.054637e+02 1.550474e+02
    endloop
  endfacet
  facet normal 0.000000e+00 -1.000000e+00 0.000000e+00
    outer loop
      vertex   1.298954e+02 1.054637e+02 1.550474e+02
      vertex   1.319761e+02 1.054637e+02 1.562450e+02
      vertex   1.297170e+02 1.054637e+02 1.554111e+02
    endloop
  endfacet
  facet normal 0.000000e+00 -1.000000e+00 0.000000e+00
    outer loop
      vertex   1.297170e+02 1.054637e+02 1.554111e+02
      vertex   1.319761e+02 1.054637e+02 1.562450e+02
      vertex   1.318751e+02 1.054637e+02 1.564819e+02
    endloop
  endfacet
  facet normal 0.000000e+00 -1.000000e+00 0.000000e+00
    outer loop
      vertex   1.297170e+02 1.054637e+02 1.554111e+02
      vertex   1.318751e+02 1.054637e+02 1.564819e+02
      vertex   1.295762e+02 1.054637e+02 1.557911e+02
    endloop
  endfacet
  facet normal 0.000000e+00 -1.000000e+00 0.000000e+00
    outer loop
      vertex   1.295762e+02 1.054637e+02 1.557911e+02
      vertex   1.318751e+02 1.054637e+02 1.564819e+02
      vertex   1.294747e+02 1.054637e+02 1.561834e+02
    endloop
  endfacet
  facet normal 0.000000e+00 -1.000000e+00 0.000000e+00
    outer loop
      vertex   1.294747e+02 1.054637e+02 1.561834e+02
      vertex   1.318751e+02 1.054637e+02 1.564819e+02
      vertex   1.318135e+02 1.054637e+02 1.567319e+02
    endloop
  endfacet
  facet normal 0.000000e+00 -1.000000e+00 0.000000e+00
    outer loop
      vertex   1.294747e+02 1.054637e+02 1.561834e+02
      vertex   1.318135e+02 1.054637e+02 1.567319e+02
      vertex   1.294133e+02 1.054637e+02 1.565839e+02
    endloop
  endfacet
  facet normal 0.000000e+00 -1.000000e+00 0.000000e+00
    outer loop
      vertex   1.294133e+02 1.054637e+02 1.565839e+02
      vertex   1.318135e+02 1.054637e+02 1.567319e+02
      vertex   1.317928e+02 1.054637e+02 1.569886e+02
    endloop
  endfacet
  facet normal 9.987165e-01 0.000000e+00 -5.064917e-02
    outer loop
      vertex   1.074133e+02 1.054637e+02 1.573932e+02
      vertex   1.074133e+02 1.024637e+02 1.573932e+02
      vertex   1.073928e+02 1.054637e+02 1.569886e+02
    endloop
  endfacet
  facet normal 9.987165e-01 0.000000e+00 -5.064917e-02
    outer loop
      vertex   1.073928e+02 1.054637e+02 1.569886e+02
      vertex   1.074133e+02 1.024637e+02 1.573932e+02
      vertex   1.073928e+02 1.024637e+02 1.569886e+02
    endloop
  endfacet
  facet normal 9.987165e-01 0.000000e+00 5.064917e-02
    outer loop
      vertex   1.073928e+02 1.054637e+02 1.569886e+02
      vertex   1.073928e+02 1.024637e+02 1.569886e+02
      vertex   1.074133e+02 1.054637e+02 1.565839e+02
    endloop
  endfacet
  facet normal 9.987165e-01 0.000000e+00 5.064917e-02
    outer loop
      vertex   1.074133e+02 1.054637e+02 1.565839e+02
      vertex   1.073928e+02 1.024637e+02 1.569886e+02
      vertex   1.074133e+02 1.024637e+02 1.565839e+02
    endloop
  endfacet
  facet normal 9.884683e-01 0.000000e+00 1.514278e-01
    outer loop
      vertex   1.074133e+02 1.054637e+02 1.565839e+02
      vertex   1.074133e+02 1.024637e+02 1.565839e+02
      vertex   1.074747e+02 1.054637e+02 1.561834e+02
    endloop
  endfacet
  facet normal 9.884683e-01 0.000000e+00 1.514278e-01
    outer loop
      vertex   1.074747e+02 1.054637e+02 1.561834e+02
      vertex   1.074133e+02 1.024637e+02 1.565839e+02
      vertex   1.074747e+02 1.024637e+02 1.561834e+02
    endloop
  endfacet
  facet normal 9.680771e-01 0.000000e+00 2.506525e-01
    outer loop
      vertex   1.074747e+02 1.054637e+02 1.561834e+02
      vertex   1.074747e+02 1.024637e+02 1.561834e+02
      vertex   1.075762e+02 1.054637e+02 1.557911e+02
    endloop
  endfacet
  facet normal 9.680771e-01 0.000000e+00 2.506525e-01
    outer loop
      vertex   1.075762e+02 1.054637e+02 1.557911e+02
      vertex   1.074747e+02 1.024637e+02 1.561834e+02
      vertex   1.075762e+02 1.024637e+02 1.557911e+02
    endloop
  endfacet
  facet normal 9.377521e-01 0.000000e+00 3.473053e-01
    outer loop
      vertex   1.075762e+02 1.054637e+02 1.557911e+02
      vertex   1.075762e+02 1.024637e+02 1.557911e+02
      vertex   1.077170e+02 1.054637e+02 1.554111e+02
    endloop
  endfacet
  facet normal 9.377521e-01 0.000000e+00 3.473053e-01
    outer loop
      vertex   1.077170e+02 1.054637e+02 1.554111e+02
      vertex   1.075762e+02 1.024637e+02 1.557911e+02
      vertex   1.077170e+02 1.024637e+02 1.554111e+02
    endloop
  endfacet
  facet normal 8.978045e-01 0.000000e+00 4.403942e-01
    outer loop
      vertex   1.077170e+02 1.054637e+02 1.554111e+02
      vertex   1.077170e+02 1.024637e+02 1.554111e+02
      vertex   1.078954e+02 1.054637e+02 1.550474e+02
    endloop
  endfacet
  facet normal 8.978045e-01 0.000000e+00 4.403942e-01
    outer loop
      vertex   1.078954e+02 1.054637e+02 1.550474e+02
      vertex   1.077170e+02 1.024637e+02 1.554111e+02
      vertex   1.078954e+02 1.024637e+02 1.550474e+02
    endloop
  endfacet
  facet normal 8.486443e-01 0.000000e+00 5.289640e-01
    outer loop
      vertex   1.078954e+02 1.054637e+02 1.550474e+02
      vertex   1.078954e+02 1.024637e+02 1.550474e+02
      vertex   1.081097e+02 1.054637e+02 1.547035e+02
    endloop
  endfacet
  facet normal 8.486443e-01 0.000000e+00 5.289640e-01
    outer loop
      vertex   1.081097e+02 1.054637e+02 1.547035e+02
      vertex   1.078954e+02 1.024637e+02 1.550474e+02
      vertex   1.081097e+02 1.024637e+02 1.547035e+02
    endloop
  endfacet
  facet normal 7.907757e-01 0.000000e+00 6.121060e-01
    outer loop
      vertex   1.081097e+02 1.054637e+02 1.547035e+02
      vertex   1.081097e+02 1.024637e+02 1.547035e+02
      vertex   1.083578e+02 1.054637e+02 1.543831e+02
    endloop
  endfacet
  facet normal 7.907757e-01 0.000000e+00 6.121060e-01
    outer loop
      vertex   1.083578e+02 1.054637e+02 1.543831e+02
      vertex   1.081097e+02 1.024637e+02 1.547035e+02
      vertex   1.083578e+02 1.024637e+02 1.543831e+02
    endloop
  endfacet
  facet normal 7.247928e-01 0.000000e+00 6.889669e-01
    outer loop
      vertex   1.083578e+02 1.054637e+02 1.543831e+02
      vertex   1.083578e+02 1.024637e+02 1.543831e+02
      vertex   1.086369e+02 1.054637e+02 1.540894e+02
    endloop
  endfacet
  facet normal 7.247928e-01 0.000000e+00 6.889669e-01
    outer loop
      vertex   1.086369e+02 1.054637e+02 1.540894e+02
      vertex   1.083578e+02 1.024637e+02 1.543831e+02
      vertex   1.086369e+02 1.024637e+02 1.540894e+02
    endloop
  endfacet
  facet normal 6.513725e-01 0.000000e+00 7.587581e-01
    outer loop
      vertex   1.086369e+02 1.054637e+02 1.540894e+02
      vertex   1.086369e+02 1.024637e+02 1.540894e+02
      vertex   1.089444e+02 1.054637e+02 1.538255e+02
    endloop
  endfacet
  facet normal 6.513725e-01 0.000000e+00 7.587581e-01
    outer loop
      vertex   1.089444e+02 1.054637e+02 1.538255e+02
      vertex   1.086369e+02 1.024637e+02 1.540894e+02
      vertex   1.089444e+02 1.024637e+02 1.538255e+02
    endloop
  endfacet
  facet normal 5.712682e-01 0.000000e+00 8.207634e-01
    outer loop
      vertex   1.089444e+02 1.054637e+02 1.538255e+02
      vertex   1.089444e+02 1.024637e+02 1.538255e+02
      vertex   1.092769e+02 1.054637e+02 1.535940e+02
    endloop
  endfacet
  facet normal 5.712682e-01 0.000000e+00 8.207634e-01
    outer loop
      vertex   1.092769e+02 1.054637e+02 1.535940e+02
      vertex   1.089444e+02 1.024637e+02 1.538255e+02
      vertex   1.092769e+02 1.024637e+02 1.535940e+02
    endloop
  endfacet
  facet normal 4.853020e-01 0.000000e+00 8.743466e-01
    outer loop
      vertex   1.092769e+02 1.054637e+02 1.535940e+02
      vertex   1.092769e+02 1.024637e+02 1.535940e+02
      vertex   1.096312e+02 1.054637e+02 1.533973e+02
    endloop
  endfacet
  facet normal 4.853020e-01 0.000000e+00 8.743466e-01
    outer loop
      vertex   1.096312e+02 1.054637e+02 1.533973e+02
      vertex   1.092769e+02 1.024637e+02 1.535940e+02
      vertex   1.096312e+02 1.024637e+02 1.533973e+02
    endloop
  endfacet
  facet normal 3.943559e-01 0.000000e+00 9.189578e-01
    outer loop
      vertex   1.096312e+02 1.054637e+02 1.533973e+02
      vertex   1.096312e+02 1.024637e+02 1.533973e+02
      vertex   1.100036e+02 1.054637e+02 1.532376e+02
    endloop
  endfacet
  facet normal 3.943559e-01 0.000000e+00 9.189578e-01
    outer loop
      vertex   1.100036e+02 1.054637e+02 1.532376e+02
      vertex   1.096312e+02 1.024637e+02 1.533973e+02
      vertex   1.100036e+02 1.024637e+02 1.532376e+02
    endloop
  endfacet
  facet normal 2.993631e-01 0.000000e+00 9.541393e-01
    outer loop
      vertex   1.100036e+02 1.054637e+02 1.532376e+02
      vertex   1.100036e+02 1.024637e+02 1.532376e+02
      vertex   1.103902e+02 1.054637e+02 1.531163e+02
    endloop
  endfacet
  facet normal 2.993631e-01 0.000000e+00 9.541393e-01
    outer loop
      vertex   1.103902e+02 1.054637e+02 1.531163e+02
      vertex   1.100036e+02 1.024637e+02 1.532376e+02
      vertex   1.103902e+02 1.024637e+02 1.531163e+02
    endloop
  endfacet
  facet normal 2.012985e-01 0.000000e+00 9.795299e-01
    outer loop
      vertex   1.103902e+02 1.054637e+02 1.531163e+02
      vertex   1.103902e+02 1.024637e+02 1.531163e+02
      vertex   1.107871e+02 1.054637e+02 1.530347e+02
    endloop
  endfacet
  facet normal 2.012985e-01 0.000000e+00 9.795299e-01
    outer loop
      vertex   1.107871e+02 1.054637e+02 1.530347e+02
      vertex   1.103902e+02 1.024637e+02 1.531163e+02
      vertex   1.107871e+02 1.024637e+02 1.530347e+02
    endloop
  endfacet
  facet normal 1.011683e-01 0.000000e+00 9.948693e-01
    outer loop
      vertex   1.107871e+02 1.054637e+02 1.530347e+02
      vertex   1.107871e+02 1.024637e+02 1.530347e+02
      vertex   1.111902e+02 1.054637e+02 1.529937e+02
    endloop
  endfacet
  facet normal 1.011683e-01 0.000000e+00 9.948693e-01
    outer loop
      vertex   1.111902e+02 1.054637e+02 1.529937e+02
      vertex   1.107871e+02 1.024637e+02 1.530347e+02
      vertex   1.111902e+02 1.024637e+02 1.529937e+02
    endloop
  endfacet
  facet normal -0.000000e+00 0.000000e+00 1.000000e+00
    outer loop
      vertex   1.111902e+02 1.054637e+02 1.529937e+02
      vertex   1.111902e+02 1.024637e+02 1.529937e+02
      vertex   1.115954e+02 1.054637e+02 1.529937e+02
    endloop
  endfacet
  facet normal 0.000000e+00 0.000000e+00 1.000000e+00
    outer loop
      vertex   1.115954e+02 1.054637e+02 1.529937e+02
      vertex   1.111902e+02 1.024637e+02 1.529937e+02
      vertex   1.115954e+02 1.024637e+02 1.529937e+02
    endloop
  endfacet
  facet normal -1.011683e-01 0.000000e+00 9.948693e-01
    outer loop
      vertex   1.115954e+02 1.054637e+02 1.529937e+02
      vertex   1.115954e+02 1.024637e+02 1.529937e+02
      vertex   1.119985e+02 1.054637e+02 1.530347e+02
    endloop
  endfacet
  facet normal -1.011683e-01 0.000000e+00 9.948693e-01
    outer loop
      vertex   1.119985e+02 1.054637e+02 1.530347e+02
      vertex   1.115954e+02 1.024637e+02 1.529937e+02
      vertex   1.119985e+02 1.024637e+02 1.530347e+02
    endloop
  endfacet
  facet normal -2.012985e-01 0.000000e+00 9.795299e-01
    outer loop
      vertex   1.119985e+02 1.054637e+02 1.530347e+02
      vertex   1.119985e+02 1.024637e+02 1.530347e+02
      vertex   1.123954e+02 1.054637e+02 1.531163e+02
    endloop
  endfacet
  facet normal -2.012985e-01 0.000000e+00 9.795299e-01
    outer loop
      vertex   1.123954e+02 1.054637e+02 1.531163e+02
      vertex   1.119985e+02 1.024637e+02 1.530347e+02
      vertex   1.123954e+02 1.024637e+02 1.531163e+02
    endloop
  endfacet
  facet normal -2.993631e-01 0.000000e+00 9.541393e-01
    outer loop
      vertex   1.123954e+02 1.054637e+02 1.531163e+02
      vertex   1.123954e+02 1.024637e+02 1.531163e+02
      vertex   1.127820e+02 1.054637e+02 1.532376e+02
    endloop
  endfacet
  facet normal -2.993631e-01 0.000000e+00 9.541393e-01
    outer loop
      vertex   1.127820e+02 1.054637e+02 1.532376e+02
      vertex   1.123954e+02 1.024637e+02 1.531163e+02
      vertex   1.127820e+02 1.024637e+02 1.532376e+02
    endloop
  endfacet
  facet normal -3.943559e-01 0.000000e+00 9.189578e-01
    outer loop
      vertex   1.127820e+02 1.054637e+02 1.532376e+02
      vertex   1.127820e+02 1.024637e+02 1.532376e+02
      vertex   1.131544e+02 1.054637e+02 1.533973e+02
    endloop
  endfacet
  facet normal -3.943559e-01 0.000000e+00 9.189578e-01
    outer loop
      vertex   1.131544e+02 1.054637e+02 1.533973e+02
      vertex   1.127820e+02 1.024637e+02 1.532376e+02
      vertex   1.131544e+02 1.024637e+02 1.533973e+02
    endloop
  endfacet
  facet normal -4.853020e-01 0.000000e+00 8.743466e-01
    outer loop
      vertex   1.131544e+02 1.054637e+02 1.533973e+02
      vertex   1.131544e+02 1.024637e+02 1.533973e+02
      vertex   1.135087e+02 1.054637e+02 1.535940e+02
    endloop
  endfacet
  facet normal -4.853020e-01 0.000000e+00 8.743466e-01
    outer loop
      vertex   1.135087e+02 1.054637e+02 1.535940e+02
      vertex   1.131544e+02 1.024637e+02 1.533973e+02
      vertex   1.135087e+02 1.024637e+02 1.535940e+02
    endloop
  endfacet
  facet normal -5.712682e-01 0.000000e+00 8.207634e-01
    outer loop
      vertex   1.135087e+02 1.054637e+02 1.535940e+02
      vertex   1.135087e+02 1.024637e+02 1.535940e+02
      vertex   1.138412e+02 1.054637e+02 1.538255e+02
    endloop
  endfacet
  facet normal -5.712682e-01 0.000000e+00 8.207634e-01
    outer loop
      vertex   1.138412e+02 1.054637e+02 1.538255e+02
      vertex   1.135087e+02 1.024637e+02 1.535940e+02
      vertex   1.138412e+02 1.024637e+02 1.538255e+02
    endloop
  endfacet
  facet normal -6.513725e-01 0.000000e+00 7.587581e-01
    outer loop
      vertex   1.138412e+02 1.054637e+02 1.538255e+02
      vertex   1.138412e+02 1.024637e+02 1.538255e+02
      vertex   1.141487e+02 1.054637e+02 1.540894e+02
    endloop
  endfacet
  facet normal -6.513725e-01 0.000000e+00 7.587581e-01
    outer loop
      vertex   1.141487e+02 1.054637e+02 1.540894e+02
      vertex   1.138412e+02 1.024637e+02 1.538255e+02
      vertex   1.141487e+02 1.024637e+02 1.540894e+02
    endloop
  endfacet
  facet normal -7.247928e-01 0.000000e+00 6.889669e-01
    outer loop
      vertex   1.141487e+02 1.054637e+02 1.540894e+02
      vertex   1.141487e+02 1.024637e+02 1.540894e+02
      vertex   1.144278e+02 1.054637e+02 1.543831e+02
    endloop
  endfacet
  facet normal -7.247928e-01 0.000000e+00 6.889669e-01
    outer loop
      vertex   1.144278e+02 1.054637e+02 1.543831e+02
      vertex   1.141487e+02 1.024637e+02 1.540894e+02
      vertex   1.144278e+02 1.024637e+02 1.543831e+02
    endloop
  endfacet
  facet normal -7.907757e-01 0.000000e+00 6.121060e-01
    outer loop
      vertex   1.144278e+02 1.054637e+02 1.543831e+02
      vertex   1.144278e+02 1.024637e+02 1.543831e+02
      vertex   1.146759e+02 1.054637e+02 1.547035e+02
    endloop
  endfacet
  facet normal -7.907757e-01 0.000000e+00 6.121060e-01
    outer loop
      vertex   1.146759e+02 1.054637e+02 1.547035e+02
      vertex   1.144278e+02 1.024637e+02 1.543831e+02
      vertex   1.146759e+02 1.024637e+02 1.547035e+02
    endloop
  endfacet
  facet normal -8.486443e-01 0.000000e+00 5.289640e-01
    outer loop
      vertex   1.146759e+02 1.054637e+02 1.547035e+02
      vertex   1.146759e+02 1.024637e+02 1.547035e+02
      vertex   1.148902e+02 1.054637e+02 1.550474e+02
    endloop
  endfacet
  facet normal -8.486443e-01 0.000000e+00 5.289640e-01
    outer loop
      vertex   1.148902e+02 1.054637e+02 1.550474e+02
      vertex   1.146759e+02 1.024637e+02 1.547035e+02
      vertex   1.148902e+02 1.024637e+02 1.550474e+02
    endloop
  endfacet
  facet normal -8.978045e-01 0.000000e+00 4.403942e-01
    outer loop
      vertex   1.148902e+02 1.054637e+02 1.550474e+02
      vertex   1.148902e+02 1.024637e+02 1.550474e+02
      vertex   1.150686e+02 1.054637e+02 1.554111e+02
    endloop
  endfacet
  facet normal -8.978045e-01 0.000000e+00 4.403942e-01
    outer loop
      vertex   1.150686e+02 1.054637e+02 1.554111e+02
      vertex   1.148902e+02 1.024637e+02 1.550474e+02
      vertex   1.150686e+02 1.024637e+02 1.554111e+02
    endloop
  endfacet
  facet normal -9.377521e-01 0.000000e+00 3.473053e-01
    outer loop
      vertex   1.150686e+02 1.054637e+02 1.554111e+02
      vertex   1.150686e+02 1.024637e+02 1.554111e+02
      vertex   1.152094e+02 1.054637e+02 1.557911e+02
    endloop
  endfacet
  facet normal -9.377521e-01 0.000000e+00 3.473053e-01
    outer loop
      vertex   1.152094e+02 1.054637e+02 1.557911e+02
      vertex   1.150686e+02 1.024637e+02 1.554111e+02
      vertex   1.152094e+02 1.024637e+02 1.557911e+02
    endloop
  endfacet
  facet normal -9.680771e-01 0.000000e+00 2.506525e-01
    outer loop
      vertex   1.152094e+02 1.054637e+02 1.557911e+02
      vertex   1.152094e+02 1.024637e+02 1.557911e+02
      vertex   1.153109e+02 1.054637e+02 1.561834e+02
    endloop
  endfacet
  facet normal -9.680771e-01 0.000000e+00 2.506525e-01
    outer loop
      vertex   1.153109e+02 1.054637e+02 1.561834e+02
      vertex   1.152094e+02 1.024637e+02 1.557911e+02
      vertex   1.153109e+02 1.024637e+02 1.561834e+02
    endloop
  endfacet
  facet normal -9.884683e-01 0.000000e+00 1.514278e-01
    outer loop
      vertex   1.153109e+02 1.054637e+02 1.561834e+02
      vertex   1.153109e+02 1.024637e+02 1.561834e+02
      vertex   1.153723e+02 1.054637e+02 1.565839e+02
    endloop
  endfacet
  facet normal -9.884683e-01 0.000000e+00 1.514278e-01
    outer loop
      vertex   1.153723e+02 1.054637e+02 1.565839e+02
      vertex   1.153109e+02 1.024637e+02 1.561834e+02
      vertex   1.153723e+02 1.024637e+02 1.565839e+02
    endloop
  endfacet
  facet normal -9.987165e-01 0.000000e+00 5.064917e-02
    outer loop
      vertex   1.153723e+02 1.054637e+02 1.565839e+02
      vertex   1.153723e+02 1.024637e+02 1.565839e+02
      vertex   1.153928e+02 1.054637e+02 1.569886e+02
    endloop
  endfacet
  facet normal -9.987165e-01 0.000000e+00 5.064917e-02
    outer loop
      vertex   1.153928e+02 1.054637e+02 1.569886e+02
      vertex   1.153723e+02 1.024637e+02 1.565839e+02
      vertex   1.153928e+02 1.024637e+02 1.569886e+02
    endloop
  endfacet
  facet normal -9.987165e-01 -0.000000e+00 -5.064917e-02
    outer loop
      vertex   1.153928e+02 1.054637e+02 1.569886e+02
      vertex   1.153928e+02 1.024637e+02 1.569886e+02
      vertex   1.153723e+02 1.054637e+02 1.573932e+02
    endloop
  endfacet
  facet normal -9.987165e-01 -0.000000e+00 -5.064917e-02
    outer loop
      vertex   1.153723e+02 1.054637e+02 1.573932e+02
      vertex   1.153928e+02 1.024637e+02 1.569886e+02
      vertex   1.153723e+02 1.024637e+02 1.573932e+02
    endloop
  endfacet
  facet normal -9.884683e-01 -0.000000e+00 -1.514278e-01
    outer loop
      vertex   1.153723e+02 1.054637e+02 1.573932e+02
      vertex   1.153723e+02 1.024637e+02 1.573932e+02
      vertex   1.153109e+02 1.054637e+02 1.577938e+02
    endloop
  endfacet
  facet normal -9.884683e-01 -0.000000e+00 -1.514278e-01
    outer loop
      vertex   1.153109e+02 1.054637e+02 1.577938e+02
      vertex   1.153723e+02 1.024637e+02 1.573932e+02
      vertex   1.153109e+02 1.024637e+02 1.577938e+02
    endloop
  endfacet
  facet normal -9.680771e-01 -0.000000e+00 -2.506525e-01
    outer loop
      vertex   1.153109e+02 1.054637e+02 1.577938e+02
      vertex   1.153109e+02 1.024637e+02 1.577938e+02
      vertex   1.152094e+02 1.054637e+02 1.581860e+02
    endloop
  endfacet
  facet normal -9.680771e-01 -0.000000e+00 -2.506525e-01
    outer loop
      vertex   1.152094e+02 1.054637e+02 1.581860e+02
      vertex   1.153109e+02 1.024637e+02 1.577938e+02
      vertex   1.152094e+02 1.024637e+02 1.581860e+02
    endloop
  endfacet
  facet normal -9.377521e-01 -0.000000e+00 -3.473053e-01
    outer loop
      vertex   1.152094e+02 1.054637e+02 1.581860e+02
      vertex   1.152094e+02 1.024637e+02 1.581860e+02
      vertex   1.150686e+02 1.054637e+02 1.585660e+02
    endloop
  endfacet
  facet normal -9.377521e-01 -0.000000e+00 -3.473053e-01
    outer loop
      vertex   1.150686e+02 1.054637e+02 1.585660e+02
      vertex   1.152094e+02 1.024637e+02 1.581860e+02
      vertex   1.150686e+02 1.024637e+02 1.585660e+02
    endloop
  endfacet
  facet normal -8.978045e-01 -0.000000e+00 -4.403942e-01
    outer loop
      vertex   1.150686e+02 1.054637e+02 1.585660e+02
      vertex   1.150686e+02 1.024637e+02 1.585660e+02
      vertex   1.148902e+02 1.054637e+02 1.589298e+02
    endloop
  endfacet
  facet normal -8.978045e-01 -0.000000e+00 -4.403942e-01
    outer loop
      vertex   1.148902e+02 1.054637e+02 1.589298e+02
      vertex   1.150686e+02 1.024637e+02 1.585660e+02
      vertex   1.148902e+02 1.024637e+02 1.589298e+02
    endloop
  endfacet
  facet normal -8.486443e-01 -0.000000e+00 -5.289640e-01
    outer loop
      vertex   1.148902e+02 1.054637e+02 1.589298e+02
      vertex   1.148902e+02 1.024637e+02 1.589298e+02
      vertex   1.146759e+02 1.054637e+02 1.592736e+02
    endloop
  endfacet
  facet normal -8.486443e-01 -0.000000e+00 -5.289640e-01
    outer loop
      vertex   1.146759e+02 1.054637e+02 1.592736e+02
      vertex   1.148902e+02 1.024637e+02 1.589298e+02
      vertex   1.146759e+02 1.024637e+02 1.592736e+02
    endloop
  endfacet
  facet normal -7.907757e-01 -0.000000e+00 -6.121060e-01
    outer loop
      vertex   1.146759e+02 1.054637e+02 1.592736e+02
      vertex   1.146759e+02 1.024637e+02 1.592736e+02
      vertex   1.144278e+02 1.054637e+02 1.595940e+02
    endloop
  endfacet
  facet normal -7.907757e-01 -0.000000e+00 -6.121060e-01
    outer loop
      vertex   1.144278e+02 1.054637e+02 1.595940e+02
      vertex   1.146759e+02 1.024637e+02 1.592736e+02
      vertex   1.144278e+02 1.024637e+02 1.595940e+02
    endloop
  endfacet
  facet normal -7.247928e-01 -0.000000e+00 -6.889669e-01
    outer loop
      vertex   1.144278e+02 1.054637e+02 1.595940e+02
      vertex   1.144278e+02 1.024637e+02 1.595940e+02
      vertex   1.141487e+02 1.054637e+02 1.598877e+02
    endloop
  endfacet
  facet normal -7.247928e-01 -0.000000e+00 -6.889669e-01
    outer loop
      vertex   1.141487e+02 1.054637e+02 1.598877e+02
      vertex   1.144278e+02 1.024637e+02 1.595940e+02
      vertex   1.141487e+02 1.024637e+02 1.598877e+02
    endloop
  endfacet
  facet normal -6.513725e-01 -0.000000e+00 -7.587581e-01
    outer loop
      vertex   1.141487e+02 1.054637e+02 1.598877e+02
      vertex   1.141487e+02 1.024637e+02 1.598877e+02
      vertex   1.138412e+02 1.054637e+02 1.601517e+02
    endloop
  endfacet
  facet normal -6.513725e-01 -0.000000e+00 -7.587581e-01
    outer loop
      vertex   1.138412e+02 1.054637e+02 1.601517e+02
      vertex   1.141487e+02 1.024637e+02 1.598877e+02
      vertex   1.138412e+02 1.024637e+02 1.601517e+02
    endloop
  endfacet
  facet normal -5.712682e-01 -0.000000e+00 -8.207634e-01
    outer loop
      vertex   1.138412e+02 1.054637e+02 1.601517e+02
      vertex   1.138412e+02 1.024637e+02 1.601517e+02
      vertex   1.135087e+02 1.054637e+02 1.603831e+02
    endloop
  endfacet
  facet normal -5.712682e-01 -0.000000e+00 -8.207634e-01
    outer loop
      vertex   1.135087e+02 1.054637e+02 1.603831e+02
      vertex   1.138412e+02 1.024637e+02 1.601517e+02
      vertex   1.135087e+02 1.024637e+02 1.603831e+02
    endloop
  endfacet
  facet normal -4.853020e-01 -0.000000e+00 -8.743466e-01
    outer loop
      vertex   1.135087e+02 1.054637e+02 1.603831e+02
      vertex   1.135087e+02 1.024637e+02 1.603831e+02
      vertex   1.131544e+02 1.054637e+02 1.605798e+02
    endloop
  endfacet
  facet normal -4.853020e-01 -0.000000e+00 -8.743466e-01
    outer loop
      vertex   1.131544e+02 1.054637e+02 1.605798e+02
      vertex   1.135087e+02 1.024637e+02 1.603831e+02
      vertex   1.131544e+02 1.024637e+02 1.605798e+02
    endloop
  endfacet
  facet normal -3.943559e-01 -0.000000e+00 -9.189578e-01
    outer loop
      vertex   1.131544e+02 1.054637e+02 1.605798e+02
      vertex   1.131544e+02 1.024637e+02 1.605798e+02
      vertex   1.127820e+02 1.054637e+02 1.607396e+02
    endloop
  endfacet
  facet normal -3.943559e-01 -0.000000e+00 -9.189578e-01
    outer loop
      vertex   1.127820e+02 1.054637e+02 1.607396e+02
      vertex   1.131544e+02 1.024637e+02 1.605798e+02
      vertex   1.127820e+02 1.024637e+02 1.607396e+02
    endloop
  endfacet
  facet normal -2.993631e-01 -0.000000e+00 -9.541393e-01
    outer loop
      vertex   1.127820e+02 1.054637e+02 1.607396e+02
      vertex   1.127820e+02 1.024637e+02 1.607396e+02
      vertex   1.123954e+02 1.054637e+02 1.608609e+02
    endloop
  endfacet
  facet normal -2.993631e-01 -0.000000e+00 -9.541393e-01
    outer loop
      vertex   1.123954e+02 1.054637e+02 1.608609e+02
      vertex   1.127820e+02 1.024637e+02 1.607396e+02
      vertex   1.123954e+02 1.024637e+02 1.608609e+02
    endloop
  endfacet
  facet normal -2.012985e-01 -0.000000e+00 -9.795299e-01
    outer loop
      vertex   1.123954e+02 1.054637e+02 1.608609e+02
      vertex   1.123954e+02 1.024637e+02 1.608609e+02
      vertex   1.119985e+02 1.054637e+02 1.609424e+02
    endloop
  endfacet
  facet normal -2.012985e-01 -0.000000e+00 -9.795299e-01
    outer loop
      vertex   1.119985e+02 1.054637e+02 1.609424e+02
      vertex   1.123954e+02 1.024637e+02 1.608609e+02
      vertex   1.119985e+02 1.024637e+02 1.609424e+02
    endloop
  endfacet
  facet normal -1.011683e-01 -0.000000e+00 -9.948693e-01
    outer loop
      vertex   1.119985e+02 1.054637e+02 1.609424e+02
      vertex   1.119985e+02 1.024637e+02 1.609424e+02
      vertex   1.115954e+02 1.054637e+02 1.609834e+02
    endloop
  endfacet
  facet normal -1.011683e-01 -0.000000e+00 -9.948693e-01
    outer loop
      vertex   1.115954e+02 1.054637e+02 1.609834e+02
      vertex   1.119985e+02 1.024637e+02 1.609424e+02
      vertex   1.115954e+02 1.024637e+02 1.609834e+02
    endloop
  endfacet
  facet normal -0.000000e+00 -0.000000e+00 -1.000000e+00
    outer loop
      vertex   1.115954e+02 1.054637e+02 1.609834e+02
      vertex   1.115954e+02 1.024637e+02 1.609834e+02
      vertex   1.111902e+02 1.054637e+02 1.609834e+02
    endloop
  endfacet
  facet normal 0.000000e+00 0.000000e+00 -1.000000e+00
    outer loop
      vertex   1.111902e+02 1.054637e+02 1.609834e+02
      vertex   1.115954e+02 1.024637e+02 1.609834e+02
      vertex   1.111902e+02 1.024637e+02 1.609834e+02
    endloop
  endfacet
  facet normal 1.011683e-01 0.000000e+00 -9.948693e-01
    outer loop
      vertex   1.111902e+02 1.054637e+02 1.609834e+02
      vertex   1.111902e+02 1.024637e+02 1.609834e+02
      vertex   1.107871e+02 1.054637e+02 1.609424e+02
    endloop
  endfacet
  facet normal 1.011683e-01 0.000000e+00 -9.948693e-01
    outer loop
      vertex   1.107871e+02 1.054637e+02 1.609424e+02
      vertex   1.111902e+02 1.024637e+02 1.609834e+02
      vertex   1.107871e+02 1.024637e+02 1.609424e+02
    endloop
  endfacet
  facet normal 2.012985e-01 0.000000e+00 -9.795299e-01
    outer loop
      vertex   1.107871e+02 1.054637e+02 1.609424e+02
      vertex   1.107871e+02 1.024637e+02 1.609424e+02
      vertex   1.103902e+02 1.054637e+02 1.608609e+02
    endloop
  endfacet
  facet normal 2.012985e-01 0.000000e+00 -9.795299e-01
    outer loop
      vertex   1.103902e+02 1.054637e+02 1.608609e+02
      vertex   1.107871e+02 1.024637e+02 1.609424e+02
      vertex   1.103902e+02 1.024637e+02 1.608609e+02
    endloop
  endfacet
  facet normal 2.993631e-01 0.000000e+00 -9.541393e-01
    outer loop
      vertex   1.103902e+02 1.054637e+02 1.608609e+02
      vertex   1.103902e+02 1.024637e+02 1.608609e+02
      vertex   1.100036e+02 1.054637e+02 1.607396e+02
    endloop
  endfacet
  facet normal 2.993631e-01 0.000000e+00 -9.541393e-01
    outer loop
      vertex   1.100036e+02 1.054637e+02 1.607396e+02
      vertex   1.103902e+02 1.024637e+02 1.608609e+02
      vertex   1.100036e+02 1.024637e+02 1.607396e+02
    endloop
  endfacet
  facet normal 3.943559e-01 0.000000e+00 -9.189578e-01
    outer loop
      vertex   1.100036e+02 1.054637e+02 1.607396e+02
      vertex   1.100036e+02 1.024637e+02 1.607396e+02
      vertex   1.096312e+02 1.054637e+02 1.605798e+02
    endloop
  endfacet
  facet normal 3.943559e-01 0.000000e+00 -9.189578e-01
    outer loop
      vertex   1.096312e+02 1.054637e+02 1.605798e+02
      vertex   1.100036e+02 1.024637e+02 1.607396e+02
      vertex   1.096312e+02 1.024637e+02 1.605798e+02
    endloop
  endfacet
  facet normal 4.853020e-01 0.000000e+00 -8.743466e-01
    outer loop
      vertex   1.096312e+02 1.054637e+02 1.605798e+02
      vertex   1.096312e+02 1.024637e+02 1.605798e+02
      vertex   1.092769e+02 1.054637e+02 1.603831e+02
    endloop
  endfacet
  facet normal 4.853020e-01 0.000000e+00 -8.743466e-01
    outer loop
      vertex   1.092769e+02 1.054637e+02 1.603831e+02
      vertex   1.096312e+02 1.024637e+02 1.605798e+02
      vertex   1.092769e+02 1.024637e+02 1.603831e+02
    endloop
  endfacet
  facet normal 5.712682e-01 0.000000e+00 -8.207634e-01
    outer loop
      vertex   1.092769e+02 1.054637e+02 1.603831e+02
      vertex   1.092769e+02 1.024637e+02 1.603831e+02
      vertex   1.089444e+02 1.054637e+02 1.601517e+02
    endloop
  endfacet
  facet normal 5.712682e-01 0.000000e+00 -8.207634e-01
    outer loop
      vertex   1.089444e+02 1.054637e+02 1.601517e+02
      vertex   1.092769e+02 1.024637e+02 1.603831e+02
      vertex   1.089444e+02 1.024637e+02 1.601517e+02
    endloop
  endfacet
  facet normal 6.513725e-01 0.000000e+00 -7.587581e-01
    outer loop
      vertex   1.089444e+02 1.054637e+02 1.601517e+02
      vertex   1.089444e+02 1.024637e+02 1.601517e+02
      vertex   1.086369e+02 1.054637e+02 1.598877e+02
    endloop
  endfacet
  facet normal 6.513725e-01 0.000000e+00 -7.587581e-01
    outer loop
      vertex   1.086369e+02 1.054637e+02 1.598877e+02
      vertex   1.089444e+02 1.024637e+02 1.601517e+02
      vertex   1.086369e+02 1.024637e+02 1.598877e+02
    endloop
  endfacet
  facet normal 7.247928e-01 0.000000e+00 -6.889669e-01
    outer loop
      vertex   1.086369e+02 1.054637e+02 1.598877e+02
      vertex   1.086369e+02 1.024637e+02 1.598877e+02
      vertex   1.083578e+02 1.054637e+02 1.595940e+02
    endloop
  endfacet
  facet normal 7.247928e-01 0.000000e+00 -6.889669e-01
    outer loop
      vertex   1.083578e+02 1.054637e+02 1.595940e+02
      vertex   1.086369e+02 1.024637e+02 1.598877e+02
      vertex   1.083578e+02 1.024637e+02 1.595940e+02
    endloop
  endfacet
  facet normal 7.907757e-01 0.000000e+00 -6.121060e-01
    outer loop
      vertex   1.083578e+02 1.054637e+02 1.595940e+02
      vertex   1.083578e+02 1.024637e+02 1.595940e+02
      vertex   1.081097e+02 1.054637e+02 1.592736e+02
    endloop
  endfacet
  facet normal 7.907757e-01 0.000000e+00 -6.121060e-01
    outer loop
      vertex   1.081097e+02 1.054637e+02 1.592736e+02
      vertex   1.083578e+02 1.024637e+02 1.595940e+02
      vertex   1.081097e+02 1.024637e+02 1.592736e+02
    endloop
  endfacet
  facet normal 8.486443e-01 0.000000e+00 -5.289640e-01
    outer loop
      vertex   1.081097e+02 1.054637e+02 1.592736e+02
      vertex   1.081097e+02 1.024637e+02 1.592736e+02
      vertex   1.078954e+02 1.054637e+02 1.589298e+02
    endloop
  endfacet
  facet normal 8.486443e-01 0.000000e+00 -5.289640e-01
    outer loop
      vertex   1.078954e+02 1.054637e+02 1.589298e+02
      vertex   1.081097e+02 1.024637e+02 1.592736e+02
      vertex   1.078954e+02 1.024637e+02 1.589298e+02
    endloop
  endfacet
  facet normal 8.978045e-01 0.000000e+00 -4.403942e-01
    outer loop
      vertex   1.078954e+02 1.054637e+02 1.589298e+02
      vertex   1.078954e+02 1.024637e+02 1.589298e+02
      vertex   1.077170e+02 1.054637e+02 1.585660e+02
    endloop
  endfacet
  facet normal 8.978045e-01 0.000000e+00 -4.403942e-01
    outer loop
      vertex   1.077170e+02 1.054637e+02 1.585660e+02
      vertex   1.078954e+02 1.024637e+02 1.589298e+02
      vertex   1.077170e+02 1.024637e+02 1.585660e+02
    endloop
  endfacet
  facet normal 9.377521e-01 0.000000e+00 -3.473053e-01
    outer loop
      vertex   1.077170e+02 1.054637e+02 1.585660e+02
      vertex   1.077170e+02 1.024637e+02 1.585660e+02
      vertex   1.075762e+02 1.054637e+02 1.581860e+02
    endloop
  endfacet
  facet normal 9.377521e-01 0.000000e+00 -3.473053e-01
    outer loop
      vertex   1.075762e+02 1.054637e+02 1.581860e+02
      vertex   1.077170e+02 1.024637e+02 1.585660e+02
      vertex   1.075762e+02 1.024637e+02 1.581860e+02
    endloop
  endfacet
  facet normal 9.680771e-01 0.000000e+00 -2.506525e-01
    outer loop
      vertex   1.075762e+02 1.054637e+02 1.581860e+02
      vertex   1.075762e+02 1.024637e+02 1.581860e+02
      vertex   1.074747e+02 1.054637e+02 1.577938e+02
    endloop
  endfacet
  facet normal 9.680771e-01 0.000000e+00 -2.506525e-01
    outer loop
      vertex   1.074747e+02 1.054637e+02 1.577938e+02
      vertex   1.075762e+02 1.024637e+02 1.581860e+02
      vertex   1.074747e+02 1.024637e+02 1.577938e+02
    endloop
  endfacet
  facet normal 9.884683e-01 0.000000e+00 -1.514278e-01
    outer loop
      vertex   1.074747e+02 1.054637e+02 1.577938e+02
      vertex   1.074747e+02 1.024637e+02 1.577938e+02
      vertex   1.074133e+02 1.054637e+02 1.573932e+02
    endloop
  endfacet
  facet normal 9.884683e-01 0.000000e+00 -1.514278e-01
    outer loop
      vertex   1.074133e+02 1.054637e+02 1.573932e+02
      vertex   1.074747e+02 1.024637e+02 1.577938e+02
      vertex   1.074133e+02 1.024637e+02 1.573932e+02
    endloop
  endfacet
  facet normal -0.000000e+00 -1.000000e+00 0.000000e+00
    outer loop
      vertex   1.098135e+02 1.054637e+02 1.572452e+02
      vertex   1.074133e+02 1.054637e+02 1.573932e+02
      vertex   1.097928e+02 1.054637e+02 1.569886e+02
    endloop
  endfacet
  facet normal 0.000000e+00 -1.000000e+00 0.000000e+00
    outer loop
      vertex   1.097928e+02 1.054637e+02 1.569886e+02
      vertex   1.074133e+02 1.054637e+02 1.573932e+02
      vertex   1.073928e+02 1.054637e+02 1.569886e+02
    endloop
  endfacet
  facet normal -0.000000e+00 -1.000000e+00 0.000000e+00
    outer loop
      vertex   1.097928e+02 1.054637e+02 1.569886e+02
      vertex   1.073928e+02 1.054637e+02 1.569886e+02
      vertex   1.074133e+02 1.054637e+02 1.565839e+02
    endloop
  endfacet
  facet normal 0.000000e+00 -1.000000e+00 0.000000e+00
    outer loop
      vertex   1.074133e+02 1.054637e+02 1.573932e+02
      vertex   1.098135e+02 1.054637e+02 1.572452e+02
      vertex   1.074747e+02 1.054637e+02 1.577938e+02
    endloop
  endfacet
  facet normal 0.000000e+00 -1.000000e+00 0.000000e+00
    outer loop
      vertex   1.074747e+02 1.054637e+02 1.577938e+02
      vertex   1.098135e+02 1.054637e+02 1.572452e+02
      vertex   1.098751e+02 1.054637e+02 1.574952e+02
    endloop
  endfacet
  facet normal 0.000000e+00 -1.000000e+00 0.000000e+00
    outer loop
      vertex   1.074747e+02 1.054637e+02 1.577938e+02
      vertex   1.098751e+02 1.054637e+02 1.574952e+02
      vertex   1.075762e+02 1.054637e+02 1.581860e+02
    endloop
  endfacet
  facet normal 0.000000e+00 -1.000000e+00 0.000000e+00
    outer loop
      vertex   1.075762e+02 1.054637e+02 1.581860e+02
      vertex   1.098751e+02 1.054637e+02 1.574952e+02
      vertex   1.077170e+02 1.054637e+02 1.585660e+02
    endloop
  endfacet
  facet normal 0.000000e+00 -1.000000e+00 0.000000e+00
    outer loop
      vertex   1.077170e+02 1.054637e+02 1.585660e+02
      vertex   1.098751e+02 1.054637e+02 1.574952e+02
      vertex   1.099761e+02 1.054637e+02 1.577321e+02
    endloop
  endfacet
  facet normal 0.000000e+00 -1.000000e+00 0.000000e+00
    outer loop
      vertex   1.077170e+02 1.054637e+02 1.585660e+02
      vertex   1.099761e+02 1.054637e+02 1.577321e+02
      vertex   1.078954e+02 1.054637e+02 1.589298e+02
    endloop
  endfacet
  facet normal 0.000000e+00 -1.000000e+00 0.000000e+00
    outer loop
      vertex   1.078954e+02 1.054637e+02 1.589298e+02
      vertex   1.099761e+02 1.054637e+02 1.577321e+02
      vertex   1.081097e+02 1.054637e+02 1.592736e+02
    endloop
  endfacet
  facet normal 0.000000e+00 -1.000000e+00 0.000000e+00
    outer loop
      vertex   1.081097e+02 1.054637e+02 1.592736e+02
      vertex   1.099761e+02 1.054637e+02 1.577321e+02
      vertex   1.101137e+02 1.054637e+02 1.579497e+02
    endloop
  endfacet
  facet normal 0.000000e+00 -1.000000e+00 0.000000e+00
    outer loop
      vertex   1.081097e+02 1.054637e+02 1.592736e+02
      vertex   1.101137e+02 1.054637e+02 1.579497e+02
      vertex   1.083578e+02 1.054637e+02 1.595940e+02
    endloop
  endfacet
  facet normal 0.000000e+00 -1.000000e+00 0.000000e+00
    outer loop
      vertex   1.083578e+02 1.054637e+02 1.595940e+02
      vertex   1.101137e+02 1.054637e+02 1.579497e+02
      vertex   1.102844e+02 1.054637e+02 1.581425e+02
    endloop
  endfacet
  facet normal 0.000000e+00 -1.000000e+00 0.000000e+00
    outer loop
      vertex   1.083578e+02 1.054637e+02 1.595940e+02
      vertex   1.102844e+02 1.054637e+02 1.581425e+02
      vertex   1.086369e+02 1.054637e+02 1.598877e+02
    endloop
  endfacet
  facet normal 0.000000e+00 -1.000000e+00 0.000000e+00
    outer loop
      vertex   1.086369e+02 1.054637e+02 1.598877e+02
      vertex   1.102844e+02 1.054637e+02 1.581425e+02
      vertex   1.089444e+02 1.054637e+02 1.601517e+02
    endloop
  endfacet
  facet normal 0.000000e+00 -1.000000e+00 0.000000e+00
    outer loop
      vertex   1.089444e+02 1.054637e+02 1.601517e+02
      vertex   1.102844e+02 1.054637e+02 1.581425e+02
      vertex   1.104839e+02 1.054637e+02 1.583053e+02
    endloop
  endfacet
  facet normal 0.000000e+00 -1.000000e+00 0.000000e+00
    outer loop
      vertex   1.089444e+02 1.054637e+02 1.601517e+02
      vertex   1.104839e+02 1.054637e+02 1.583053e+02
      vertex   1.092769e+02 1.054637e+02 1.603831e+02
    endloop
  endfacet
  facet normal 0.000000e+00 -1.000000e+00 0.000000e+00
    outer loop
      vertex   1.092769e+02 1.054637e+02 1.603831e+02
      vertex   1.104839e+02 1.054637e+02 1.583053e+02
      vertex   1.107069e+02 1.054637e+02 1.584341e+02
    endloop
  endfacet
  facet normal 0.000000e+00 -1.000000e+00 0.000000e+00
    outer loop
      vertex   1.092769e+02 1.054637e+02 1.603831e+02
      vertex   1.107069e+02 1.054637e+02 1.584341e+02
      vertex   1.096312e+02 1.054637e+02 1.605798e+02
    endloop
  endfacet
  facet normal 0.000000e+00 -1.000000e+00 0.000000e+00
    outer loop
      vertex   1.096312e+02 1.054637e+02 1.605798e+02
      vertex   1.107069e+02 1.054637e+02 1.584341e+02
      vertex   1.100036e+02 1.054637e+02 1.607396e+02
    endloop
  endfacet
  facet normal 0.000000e+00 -1.000000e+00 0.000000e+00
    outer loop
      vertex   1.100036e+02 1.054637e+02 1.607396e+02
      vertex   1.107069e+02 1.054637e+02 1.584341e+02
      vertex   1.109477e+02 1.054637e+02 1.585254e+02
    endloop
  endfacet
  facet normal 0.000000e+00 -1.000000e+00 0.000000e+00
    outer loop
      vertex   1.100036e+02 1.054637e+02 1.607396e+02
      vertex   1.109477e+02 1.054637e+02 1.585254e+02
      vertex   1.103902e+02 1.054637e+02 1.608609e+02
    endloop
  endfacet
  facet normal 0.000000e+00 -1.000000e+00 0.000000e+00
    outer loop
      vertex   1.103902e+02 1.054637e+02 1.608609e+02
      vertex   1.109477e+02 1.054637e+02 1.585254e+02
      vertex   1.107871e+02 1.054637e+02 1.609424e+02
    endloop
  endfacet
  facet normal 0.000000e+00 -1.000000e+00 0.000000e+00
    outer loop
      vertex   1.107871e+02 1.054637e+02 1.609424e+02
      vertex   1.109477e+02 1.054637e+02 1.585254e+02
      vertex   1.111999e+02 1.054637e+02 1.585769e+02
    endloop
  endfacet
  facet normal 0.000000e+00 -1.000000e+00 0.000000e+00
    outer loop
      vertex   1.107871e+02 1.054637e+02 1.609424e+02
      vertex   1.111999e+02 1.054637e+02 1.585769e+02
      vertex   1.111902e+02 1.054637e+02 1.609834e+02
    endloop
  endfacet
  facet normal 0.000000e+00 -1.000000e+00 0.000000e+00
    outer loop
      vertex   1.111902e+02 1.054637e+02 1.609834e+02
      vertex   1.111999e+02 1.054637e+02 1.585769e+02
      vertex   1.114572e+02 1.054637e+02 1.585873e+02
    endloop
  endfacet
  facet normal 0.000000e+00 -1.000000e+00 0.000000e+00
    outer loop
      vertex   1.111902e+02 1.054637e+02 1.609834e+02
      vertex   1.114572e+02 1.054637e+02 1.585873e+02
      vertex   1.115954e+02 1.054637e+02 1.609834e+02
    endloop
  endfacet
  facet normal 0.000000e+00 -1.000000e+00 -0.000000e+00
    outer loop
      vertex   1.115954e+02 1.054637e+02 1.609834e+02
      vertex   1.114572e+02 1.054637e+02 1.585873e+02
      vertex   1.119985e+02 1.054637e+02 1.609424e+02
    endloop
  endfacet
  facet normal 0.000000e+00 -1.000000e+00 0.000000e+00
    outer loop
      vertex   1.119985e+02 1.054637e+02 1.609424e+02
      vertex   1.114572e+02 1.054637e+02 1.585873e+02
      vertex   1.117128e+02 1.054637e+02 1.585562e+02
    endloop
  endfacet
  facet normal 0.000000e+00 -1.000000e+00 -0.000000e+00
    outer loop
      vertex   1.119985e+02 1.054637e+02 1.609424e+02
      vertex   1.117128e+02 1.054637e+02 1.585562e+02
      vertex   1.123954e+02 1.054637e+02 1.608609e+02
    endloop
  endfacet
  facet normal 0.000000e+00 -1.000000e+00 0.000000e+00
    outer loop
      vertex   1.123954e+02 1.054637e+02 1.608609e+02
      vertex   1.117128e+02 1.054637e+02 1.585562e+02
      vertex   1.119602e+02 1.054637e+02 1.584846e+02
    endloop
  endfacet
  facet normal 0.000000e+00 -1.000000e+00 -0.000000e+00
    outer loop
      vertex   1.123954e+02 1.054637e+02 1.608609e+02
      vertex   1.119602e+02 1.054637e+02 1.584846e+02
      vertex   1.127820e+02 1.054637e+02 1.607396e+02
    endloop
  endfacet
  facet normal 0.000000e+00 -1.000000e+00 -0.000000e+00
    outer loop
      vertex   1.127820e+02 1.054637e+02 1.607396e+02
      vertex   1.119602e+02 1.054637e+02 1.584846e+02
      vertex   1.131544e+02 1.054637e+02 1.605798e+02
    endloop
  endfacet
  facet normal 0.000000e+00 -1.000000e+00 0.000000e+00
    outer loop
      vertex   1.131544e+02 1.054637e+02 1.605798e+02
      vertex   1.119602e+02 1.054637e+02 1.584846e+02
      vertex   1.121928e+02 1.054637e+02 1.583742e+02
    endloop
  endfacet
  facet normal 0.000000e+00 -1.000000e+00 -0.000000e+00
    outer loop
      vertex   1.131544e+02 1.054637e+02 1.605798e+02
      vertex   1.121928e+02 1.054637e+02 1.583742e+02
      vertex   1.135087e+02 1.054637e+02 1.603831e+02
    endloop
  endfacet
  facet normal 0.000000e+00 -1.000000e+00 0.000000e+00
    outer loop
      vertex   1.135087e+02 1.054637e+02 1.603831e+02
      vertex   1.121928e+02 1.054637e+02 1.583742e+02
      vertex   1.124047e+02 1.054637e+02 1.582279e+02
    endloop
  endfacet
  facet normal 0.000000e+00 -1.000000e+00 -0.000000e+00
    outer loop
      vertex   1.135087e+02 1.054637e+02 1.603831e+02
      vertex   1.124047e+02 1.054637e+02 1.582279e+02
      vertex   1.138412e+02 1.054637e+02 1.601517e+02
    endloop
  endfacet
  facet normal 0.000000e+00 -1.000000e+00 -0.000000e+00
    outer loop
      vertex   1.138412e+02 1.054637e+02 1.601517e+02
      vertex   1.124047e+02 1.054637e+02 1.582279e+02
      vertex   1.141487e+02 1.054637e+02 1.598877e+02
    endloop
  endfacet
  facet normal 0.000000e+00 -1.000000e+00 0.000000e+00
    outer loop
      vertex   1.141487e+02 1.054637e+02 1.598877e+02
      vertex   1.124047e+02 1.054637e+02 1.582279e+02
      vertex   1.125904e+02 1.054637e+02 1.580496e+02
    endloop
  endfacet
  facet normal 0.000000e+00 -1.000000e+00 -0.000000e+00
    outer loop
      vertex   1.141487e+02 1.054637e+02 1.598877e+02
      vertex   1.125904e+02 1.054637e+02 1.580496e+02
      vertex   1.144278e+02 1.054637e+02 1.595940e+02
    endloop
  endfacet
  facet normal 0.000000e+00 -1.000000e+00 -0.000000e+00
    outer loop
      vertex   1.144278e+02 1.054637e+02 1.595940e+02
      vertex   1.125904e+02 1.054637e+02 1.580496e+02
      vertex   1.146759e+02 1.054637e+02 1.592736e+02
    endloop
  endfacet
  facet normal 0.000000e+00 -1.000000e+00 0.000000e+00
    outer loop
      vertex   1.146759e+02 1.054637e+02 1.592736e+02
      vertex   1.125904e+02 1.054637e+02 1.580496e+02
      vertex   1.127451e+02 1.054637e+02 1.578437e+02
    endloop
  endfacet
  facet normal 0.000000e+00 -1.000000e+00 -0.000000e+00
    outer loop
      vertex   1.146759e+02 1.054637e+02 1.592736e+02
      vertex   1.127451e+02 1.054637e+02 1.578437e+02
      vertex   1.148902e+02 1.054637e+02 1.589298e+02
    endloop
  endfacet
  facet normal 0.000000e+00 -1.000000e+00 0.000000e+00
    outer loop
      vertex   1.148902e+02 1.054637e+02 1.589298e+02
      vertex   1.127451e+02 1.054637e+02 1.578437e+02
      vertex   1.128648e+02 1.054637e+02 1.576157e+02
    endloop
  endfacet
  facet normal 0.000000e+00 -1.000000e+00 -0.000000e+00
    outer loop
      vertex   1.148902e+02 1.054637e+02 1.589298e+02
      vertex   1.128648e+02 1.054637e+02 1.576157e+02
      vertex   1.150686e+02 1.054637e+02 1.585660e+02
    endloop
  endfacet
  facet normal 0.000000e+00 -1.000000e+00 -0.000000e+00
    outer loop
      vertex   1.150686e+02 1.054637e+02 1.585660e+02
      vertex   1.128648e+02 1.054637e+02 1.576157e+02
      vertex   1.152094e+02 1.054637e+02 1.581860e+02
    endloop
  endfacet
  facet normal 0.000000e+00 -1.000000e+00 0.000000e+00
    outer loop
      vertex   1.152094e+02 1.054637e+02 1.581860e+02
      vertex   1.128648e+02 1.054637e+02 1.576157e+02
      vertex   1.129463e+02 1.054637e+02 1.573715e+02
    endloop
  endfacet
  facet normal 0.000000e+00 -1.000000e+00 -0.000000e+00
    outer loop
      vertex   1.152094e+02 1.054637e+02 1.581860e+02
      vertex   1.129463e+02 1.054637e+02 1.573715e+02
      vertex   1.153109e+02 1.054637e+02 1.577938e+02
    endloop
  endfacet
  facet normal 0.000000e+00 -1.000000e+00 0.000000e+00
    outer loop
      vertex   1.153109e+02 1.054637e+02 1.577938e+02
      vertex   1.129463e+02 1.054637e+02 1.573715e+02
      vertex   1.129876e+02 1.054637e+02 1.571173e+02
    endloop
  endfacet
  facet normal 0.000000e+00 -1.000000e+00 -0.000000e+00
    outer loop
      vertex   1.153109e+02 1.054637e+02 1.577938e+02
      vertex   1.129876e+02 1.054637e+02 1.571173e+02
      vertex   1.153723e+02 1.054637e+02 1.573932e+02
    endloop
  endfacet
  facet normal 0.000000e+00 -1.000000e+00 -0.000000e+00
    outer loop
      vertex   1.153723e+02 1.054637e+02 1.573932e+02
      vertex   1.129876e+02 1.054637e+02 1.571173e+02
      vertex   1.153928e+02 1.054637e+02 1.569886e+02
    endloop
  endfacet
  facet normal -0.000000e+00 -1.000000e+00 0.000000e+00
    outer loop
      vertex   1.153928e+02 1.054637e+02 1.569886e+02
      vertex   1.129876e+02 1.054637e+02 1.571173e+02
      vertex   1.129876e+02 1.054637e+02 1.568598e+02
    endloop
  endfacet
  facet normal 0.000000e+00 -1.000000e+00 0.000000e+00
    outer loop
      vertex   1.153928e+02 1.054637e+02 1.569886e+02
      vertex   1.129876e+02 1.054637e+02 1.568598e+02
      vertex   1.153723e+02 1.054637e+02 1.565839e+02
    endloop
  endfacet
  facet normal -0.000000e+00 -1.000000e+00 0.000000e+00
    outer loop
      vertex   1.153723e+02 1.054637e+02 1.565839e+02
      vertex   1.129876e+02 1.054637e+02 1.568598e+02
      vertex   1.153109e+02 1.054637e+02 1.561834e+02
    endloop
  endfacet
  facet normal 0.000000e+00 -1.000000e+00 0.000000e+00
    outer loop
      vertex   1.153109e+02 1.054637e+02 1.561834e+02
      vertex   1.129876e+02 1.054637e+02 1.568598e+02
      vertex   1.129463e+02 1.054637e+02 1.566057e+02
    endloop
  endfacet
  facet normal -0.000000e+00 -1.000000e+00 0.000000e+00
    outer loop
      vertex   1.153109e+02 1.054637e+02 1.561834e+02
      vertex   1.129463e+02 1.054637e+02 1.566057e+02
      vertex   1.152094e+02 1.054637e+02 1.557911e+02
    endloop
  endfacet
  facet normal 0.000000e+00 -1.000000e+00 0.000000e+00
    outer loop
      vertex   1.152094e+02 1.054637e+02 1.557911e+02
      vertex   1.129463e+02 1.054637e+02 1.566057e+02
      vertex   1.128648e+02 1.054637e+02 1.563614e+02
    endloop
  endfacet
  facet normal -0.000000e+00 -1.000000e+00 0.000000e+00
    outer loop
      vertex   1.152094e+02 1.054637e+02 1.557911e+02
      vertex   1.128648e+02 1.054637e+02 1.563614e+02
      vertex   1.150686e+02 1.054637e+02 1.554111e+02
    endloop
  endfacet
  facet normal -0.000000e+00 -1.000000e+00 0.000000e+00
    outer loop
      vertex   1.150686e+02 1.054637e+02 1.554111e+02
      vertex   1.128648e+02 1.054637e+02 1.563614e+02
      vertex   1.148902e+02 1.054637e+02 1.550474e+02
    endloop
  endfacet
  facet normal 0.000000e+00 -1.000000e+00 0.000000e+00
    outer loop
      vertex   1.148902e+02 1.054637e+02 1.550474e+02
      vertex   1.128648e+02 1.054637e+02 1.563614e+02
      vertex   1.127451e+02 1.054637e+02 1.561334e+02
    endloop
  endfacet
  facet normal -0.000000e+00 -1.000000e+00 0.000000e+00
    outer loop
      vertex   1.148902e+02 1.054637e+02 1.550474e+02
      vertex   1.127451e+02 1.054637e+02 1.561334e+02
      vertex   1.146759e+02 1.054637e+02 1.547035e+02
    endloop
  endfacet
  facet normal 0.000000e+00 -1.000000e+00 0.000000e+00
    outer loop
      vertex   1.146759e+02 1.054637e+02 1.547035e+02
      vertex   1.127451e+02 1.054637e+02 1.561334e+02
      vertex   1.125904e+02 1.054637e+02 1.559276e+02
    endloop
  endfacet
  facet normal -0.000000e+00 -1.000000e+00 0.000000e+00
    outer loop
      vertex   1.146759e+02 1.054637e+02 1.547035e+02
      vertex   1.125904e+02 1.054637e+02 1.559276e+02
      vertex   1.144278e+02 1.054637e+02 1.543831e+02
    endloop
  endfacet
  facet normal -0.000000e+00 -1.000000e+00 0.000000e+00
    outer loop
      vertex   1.144278e+02 1.054637e+02 1.543831e+02
      vertex   1.125904e+02 1.054637e+02 1.559276e+02
      vertex   1.141487e+02 1.054637e+02 1.540894e+02
    endloop
  endfacet
  facet normal 0.000000e+00 -1.000000e+00 0.000000e+00
    outer loop
      vertex   1.141487e+02 1.054637e+02 1.540894e+02
      vertex   1.125904e+02 1.054637e+02 1.559276e+02
      vertex   1.124047e+02 1.054637e+02 1.557492e+02
    endloop
  endfacet
  facet normal -0.000000e+00 -1.000000e+00 0.000000e+00
    outer loop
      vertex   1.141487e+02 1.054637e+02 1.540894e+02
      vertex   1.124047e+02 1.054637e+02 1.557492e+02
      vertex   1.138412e+02 1.054637e+02 1.538255e+02
    endloop
  endfacet
  facet normal -0.000000e+00 -1.000000e+00 0.000000e+00
    outer loop
      vertex   1.138412e+02 1.054637e+02 1.538255e+02
      vertex   1.124047e+02 1.054637e+02 1.557492e+02
      vertex   1.135087e+02 1.054637e+02 1.535940e+02
    endloop
  endfacet
  facet normal 0.000000e+00 -1.000000e+00 0.000000e+00
    outer loop
      vertex   1.135087e+02 1.054637e+02 1.535940e+02
      vertex   1.124047e+02 1.054637e+02 1.557492e+02
      vertex   1.121928e+02 1.054637e+02 1.556029e+02
    endloop
  endfacet
  facet normal -0.000000e+00 -1.000000e+00 0.000000e+00
    outer loop
      vertex   1.135087e+02 1.054637e+02 1.535940e+02
      vertex   1.121928e+02 1.054637e+02 1.556029e+02
      vertex   1.131544e+02 1.054637e+02 1.533973e+02
    endloop
  endfacet
  facet normal 0.000000e+00 -1.000000e+00 0.000000e+00
    outer loop
      vertex   1.131544e+02 1.054637e+02 1.533973e+02
      vertex   1.121928e+02 1.054637e+02 1.556029e+02
      vertex   1.119602e+02 1.054637e+02 1.554925e+02
    endloop
  endfacet
  facet normal -0.000000e+00 -1.000000e+00 0.000000e+00
    outer loop
      vertex   1.131544e+02 1.054637e+02 1.533973e+02
      vertex   1.119602e+02 1.054637e+02 1.554925e+02
      vertex   1.127820e+02 1.054637e+02 1.532376e+02
    endloop
  endfacet
  facet normal -0.000000e+00 -1.000000e+00 0.000000e+00
    outer loop
      vertex   1.127820e+02 1.054637e+02 1.532376e+02
      vertex   1.119602e+02 1.054637e+02 1.554925e+02
      vertex   1.123954e+02 1.054637e+02 1.531163e+02
    endloop
  endfacet
  facet normal 0.000000e+00 -1.000000e+00 0.000000e+00
    outer loop
      vertex   1.123954e+02 1.054637e+02 1.531163e+02
      vertex   1.119602e+02 1.054637e+02 1.554925e+02
      vertex   1.117128e+02 1.054637e+02 1.554209e+02
    endloop
  endfacet
  facet normal -0.000000e+00 -1.000000e+00 0.000000e+00
    outer loop
      vertex   1.123954e+02 1.054637e+02 1.531163e+02
      vertex   1.117128e+02 1.054637e+02 1.554209e+02
      vertex   1.119985e+02 1.054637e+02 1.530347e+02
    endloop
  endfacet
  facet normal 0.000000e+00 -1.000000e+00 0.000000e+00
    outer loop
      vertex   1.119985e+02 1.054637e+02 1.530347e+02
      vertex   1.117128e+02 1.054637e+02 1.554209e+02
      vertex   1.114572e+02 1.054637e+02 1.553899e+02
    endloop
  endfacet
  facet normal -0.000000e+00 -1.000000e+00 0.000000e+00
    outer loop
      vertex   1.119985e+02 1.054637e+02 1.530347e+02
      vertex   1.114572e+02 1.054637e+02 1.553899e+02
      vertex   1.115954e+02 1.054637e+02 1.529937e+02
    endloop
  endfacet
  facet normal 0.000000e+00 -1.000000e+00 0.000000e+00
    outer loop
      vertex   1.115954e+02 1.054637e+02 1.529937e+02
      vertex   1.114572e+02 1.054637e+02 1.553899e+02
      vertex   1.111902e+02 1.054637e+02 1.529937e+02
    endloop
  endfacet
  facet normal 0.000000e+00 -1.000000e+00 0.000000e+00
    outer loop
      vertex   1.111902e+02 1.054637e+02 1.529937e+02
      vertex   1.114572e+02 1.054637e+02 1.553899e+02
      vertex   1.111999e+02 1.054637e+02 1.554002e+02
    endloop
  endfacet
  facet normal 0.000000e+00 -1.000000e+00 0.000000e+00
    outer loop
      vertex   1.111902e+02 1.054637e+02 1.529937e+02
      vertex   1.111999e+02 1.054637e+02 1.554002e+02
      vertex   1.107871e+02 1.054637e+02 1.530347e+02
    endloop
  endfacet
  facet normal 0.000000e+00 -1.000000e+00 0.000000e+00
    outer loop
      vertex   1.107871e+02 1.054637e+02 1.530347e+02
      vertex   1.111999e+02 1.054637e+02 1.554002e+02
      vertex   1.109477e+02 1.054637e+02 1.554517e+02
    endloop
  endfacet
  facet normal 0.000000e+00 -1.000000e+00 0.000000e+00
    outer loop
      vertex   1.107871e+02 1.054637e+02 1.530347e+02
      vertex   1.109477e+02 1.054637e+02 1.554517e+02
      vertex   1.103902e+02 1.054637e+02 1.531163e+02
    endloop
  endfacet
  facet normal 0.000000e+00 -1.000000e+00 0.000000e+00
    outer loop
      vertex   1.103902e+02 1.054637e+02 1.531163e+02
      vertex   1.109477e+02 1.054637e+02 1.554517e+02
      vertex   1.100036e+02 1.054637e+02 1.532376e+02
    endloop
  endfacet
  facet normal 0.000000e+00 -1.000000e+00 0.000000e+00
    outer loop
      vertex   1.100036e+02 1.054637e+02 1.532376e+02
      vertex   1.109477e+02 1.054637e+02 1.554517e+02
      vertex   1.107069e+02 1.054637e+02 1.555430e+02
    endloop
  endfacet
  facet normal 0.000000e+00 -1.000000e+00 0.000000e+00
    outer loop
      vertex   1.100036e+02 1.054637e+02 1.532376e+02
      vertex   1.107069e+02 1.054637e+02 1.555430e+02
      vertex   1.096312e+02 1.054637e+02 1.533973e+02
    endloop
  endfacet
  facet normal 0.000000e+00 -1.000000e+00 0.000000e+00
    outer loop
      vertex   1.096312e+02 1.054637e+02 1.533973e+02
      vertex   1.107069e+02 1.054637e+02 1.555430e+02
      vertex   1.092769e+02 1.054637e+02 1.535940e+02
    endloop
  endfacet
  facet normal 0.000000e+00 -1.000000e+00 0.000000e+00
    outer loop
      vertex   1.092769e+02 1.054637e+02 1.535940e+02
      vertex   1.107069e+02 1.054637e+02 1.555430e+02
      vertex   1.104839e+02 1.054637e+02 1.556718e+02
    endloop
  endfacet
  facet normal 0.000000e+00 -1.000000e+00 0.000000e+00
    outer loop
      vertex   1.092769e+02 1.054637e+02 1.535940e+02
      vertex   1.104839e+02 1.054637e+02 1.556718e+02
      vertex   1.089444e+02 1.054637e+02 1.538255e+02
    endloop
  endfacet
  facet normal 0.000000e+00 -1.000000e+00 0.000000e+00
    outer loop
      vertex   1.089444e+02 1.054637e+02 1.538255e+02
      vertex   1.104839e+02 1.054637e+02 1.556718e+02
      vertex   1.102844e+02 1.054637e+02 1.558346e+02
    endloop
  endfacet
  facet normal 0.000000e+00 -1.000000e+00 0.000000e+00
    outer loop
      vertex   1.089444e+02 1.054637e+02 1.538255e+02
      vertex   1.102844e+02 1.054637e+02 1.558346e+02
      vertex   1.086369e+02 1.054637e+02 1.540894e+02
    endloop
  endfacet
  facet normal 0.000000e+00 -1.000000e+00 0.000000e+00
    outer loop
      vertex   1.086369e+02 1.054637e+02 1.540894e+02
      vertex   1.102844e+02 1.054637e+02 1.558346e+02
      vertex   1.083578e+02 1.054637e+02 1.543831e+02
    endloop
  endfacet
  facet normal 0.000000e+00 -1.000000e+00 0.000000e+00
    outer loop
      vertex   1.083578e+02 1.054637e+02 1.543831e+02
      vertex   1.102844e+02 1.054637e+02 1.558346e+02
      vertex   1.101137e+02 1.054637e+02 1.560274e+02
    endloop
  endfacet
  facet normal 0.000000e+00 -1.000000e+00 0.000000e+00
    outer loop
      vertex   1.083578e+02 1.054637e+02 1.543831e+02
      vertex   1.101137e+02 1.054637e+02 1.560274e+02
      vertex   1.081097e+02 1.054637e+02 1.547035e+02
    endloop
  endfacet
  facet normal 0.000000e+00 -1.000000e+00 0.000000e+00
    outer loop
      vertex   1.081097e+02 1.054637e+02 1.547035e+02
      vertex   1.101137e+02 1.054637e+02 1.560274e+02
      vertex   1.099761e+02 1.054637e+02 1.562450e+02
    endloop
  endfacet
  facet normal 0.000000e+00 -1.000000e+00 0.000000e+00
    outer loop
      vertex   1.081097e+02 1.054637e+02 1.547035e+02
      vertex   1.099761e+02 1.054637e+02 1.562450e+02
      vertex   1.078954e+02 1.054637e+02 1.550474e+02
    endloop
  endfacet
  facet normal 0.000000e+00 -1.000000e+00 0.000000e+00
    outer loop
      vertex   1.078954e+02 1.054637e+02 1.550474e+02
      vertex   1.099761e+02 1.054637e+02 1.562450e+02
      vertex   1.077170e+02 1.054637e+02 1.554111e+02
    endloop
  endfacet
  facet normal 0.000000e+00 -1.000000e+00 0.000000e+00
    outer loop
      vertex   1.077170e+02 1.054637e+02 1.554111e+02
      vertex   1.099761e+02 1.054637e+02 1.562450e+02
      vertex   1.098751e+02 1.054637e+02 1.564819e+02
    endloop
  endfacet
  facet normal 0.000000e+00 -1.000000e+00 0.000000e+00
    outer loop
      vertex   1.077170e+02 1.054637e+02 1.554111e+02
      vertex   1.098751e+02 1.054637e+02 1.564819e+02
      vertex   1.075762e+02 1.054637e+02 1.557911e+02
    endloop
  endfacet
  facet normal 0.000000e+00 -1.000000e+00 0.000000e+00
    outer loop
      vertex   1.075762e+02 1.054637e+02 1.557911e+02
      vertex   1.098751e+02 1.054637e+02 1.564819e+02
      vertex   1.074747e+02 1.054637e+02 1.561834e+02
    endloop
  endfacet
  facet normal 0.000000e+00 -1.000000e+00 0.000000e+00
    outer loop
      vertex   1.074747e+02 1.054637e+02 1.561834e+02
      vertex   1.098751e+02 1.054637e+02 1.564819e+02
      vertex   1.098135e+02 1.054637e+02 1.567319e+02
    endloop
  endfacet
  facet normal 0.000000e+00 -1.000000e+00 0.000000e+00
    outer loop
      vertex   1.074747e+02 1.054637e+02 1.561834e+02
      vertex   1.098135e+02 1.054637e+02 1.567319e+02
      vertex   1.074133e+02 1.054637e+02 1.565839e+02
    endloop
  endfacet
  facet normal 0.000000e+00 -1.000000e+00 0.000000e+00
    outer loop
      vertex   1.074133e+02 1.054637e+02 1.565839e+02
      vertex   1.098135e+02 1.054637e+02 1.567319e+02
      vertex   1.097928e+02 1.054637e+02 1.569886e+02
    endloop
  endfacet
  facet normal 9.967558e-01 1.729433e-03 8.046645e-02
    outer loop
      vertex   1.098135e+02 1.054637e+02 1.567319e+02
      vertex   1.097980e+02 1.084637e+02 1.568598e+02
      vertex   1.097928e+02 1.054637e+02 1.569886e+02
    endloop
  endfacet
  facet normal 9.999985e-01 -1.729433e-03 0.000000e+00
    outer loop
      vertex   1.097928e+02 1.054637e+02 1.569886e+02
      vertex   1.097980e+02 1.084637e+02 1.568598e+02
      vertex   1.097980e+02 1.084637e+02 1.571173e+02
    endloop
  endfacet
  facet normal 9.967558e-01 1.729433e-03 -8.046645e-02
    outer loop
      vertex   1.097928e+02 1.054637e+02 1.569886e+02
      vertex   1.097980e+02 1.084637e+02 1.571173e+02
      vertex   1.098135e+02 1.054637e+02 1.572452e+02
    endloop
  endfacet
  facet normal 9.870488e-01 -1.729433e-03 -1.604110e-01
    outer loop
      vertex   1.098135e+02 1.054637e+02 1.572452e+02
      vertex   1.097980e+02 1.084637e+02 1.571173e+02
      vertex   1.098393e+02 1.084637e+02 1.573715e+02
    endloop
  endfacet
  facet normal 9.709404e-01 1.729433e-03 -2.393153e-01
    outer loop
      vertex   1.098135e+02 1.054637e+02 1.572452e+02
      vertex   1.098393e+02 1.084637e+02 1.573715e+02
      vertex   1.098751e+02 1.054637e+02 1.574952e+02
    endloop
  endfacet
  facet normal 9.485350e-01 -1.729433e-03 -3.166675e-01
    outer loop
      vertex   1.098751e+02 1.054637e+02 1.574952e+02
      vertex   1.098393e+02 1.084637e+02 1.573715e+02
      vertex   1.099208e+02 1.084637e+02 1.576157e+02
    endloop
  endfacet
  facet normal 9.199781e-01 1.729433e-03 -3.919660e-01
    outer loop
      vertex   1.098751e+02 1.054637e+02 1.574952e+02
      vertex   1.099208e+02 1.084637e+02 1.576157e+02
      vertex   1.099761e+02 1.054637e+02 1.577321e+02
    endloop
  endfacet
  facet normal 8.854547e-01 -1.729433e-03 -4.647225e-01
    outer loop
      vertex   1.099761e+02 1.054637e+02 1.577321e+02
      vertex   1.099208e+02 1.084637e+02 1.576157e+02
      vertex   1.100405e+02 1.084637e+02 1.578437e+02
    endloop
  endfacet
  facet normal 8.451888e-01 1.729433e-03 -5.344650e-01
    outer loop
      vertex   1.099761e+02 1.054637e+02 1.577321e+02
      vertex   1.100405e+02 1.084637e+02 1.578437e+02
      vertex   1.101137e+02 1.054637e+02 1.579497e+02
    endloop
  endfacet
  facet normal 7.994416e-01 -1.729433e-03 -6.007414e-01
    outer loop
      vertex   1.101137e+02 1.054637e+02 1.579497e+02
      vertex   1.100405e+02 1.084637e+02 1.578437e+02
      vertex   1.101952e+02 1.084637e+02 1.580496e+02
    endloop
  endfacet
  facet normal 7.485096e-01 1.729433e-03 -6.631217e-01
    outer loop
      vertex   1.101137e+02 1.054637e+02 1.579497e+02
      vertex   1.101952e+02 1.084637e+02 1.580496e+02
      vertex   1.102844e+02 1.054637e+02 1.581425e+02
    endloop
  endfacet
  facet normal 6.927233e-01 -1.729433e-03 -7.212014e-01
    outer loop
      vertex   1.102844e+02 1.054637e+02 1.581425e+02
      vertex   1.101952e+02 1.084637e+02 1.580496e+02
      vertex   1.103809e+02 1.084637e+02 1.582279e+02
    endloop
  endfacet
  facet normal 6.324444e-01 1.729433e-03 -7.746038e-01
    outer loop
      vertex   1.102844e+02 1.054637e+02 1.581425e+02
      vertex   1.103809e+02 1.084637e+02 1.582279e+02
      vertex   1.104839e+02 1.054637e+02 1.583053e+02
    endloop
  endfacet
  facet normal 5.680639e-01 -1.729433e-03 -8.229826e-01
    outer loop
      vertex   1.104839e+02 1.054637e+02 1.583053e+02
      vertex   1.103809e+02 1.084637e+02 1.582279e+02
      vertex   1.105928e+02 1.084637e+02 1.583742e+02
    endloop
  endfacet
  facet normal 4.999993e-01 1.729433e-03 -8.660241e-01
    outer loop
      vertex   1.104839e+02 1.054637e+02 1.583053e+02
      vertex   1.105928e+02 1.084637e+02 1.583742e+02
      vertex   1.107069e+02 1.054637e+02 1.584341e+02
    endloop
  endfacet
  facet normal 4.286919e-01 -1.729433e-03 -9.034491e-01
    outer loop
      vertex   1.107069e+02 1.054637e+02 1.584341e+02
      vertex   1.105928e+02 1.084637e+02 1.583742e+02
      vertex   1.108254e+02 1.084637e+02 1.584846e+02
    endloop
  endfacet
  facet normal 3.546044e-01 1.729433e-03 -9.350148e-01
    outer loop
      vertex   1.107069e+02 1.054637e+02 1.584341e+02
      vertex   1.108254e+02 1.084637e+02 1.584846e+02
      vertex   1.109477e+02 1.054637e+02 1.585254e+02
    endloop
  endfacet
  facet normal 2.782170e-01 -1.729433e-03 -9.605167e-01
    outer loop
      vertex   1.109477e+02 1.054637e+02 1.585254e+02
      vertex   1.108254e+02 1.084637e+02 1.584846e+02
      vertex   1.110728e+02 1.084637e+02 1.585562e+02
    endloop
  endfacet
  facet normal 2.000254e-01 1.729433e-03 -9.797892e-01
    outer loop
      vertex   1.109477e+02 1.054637e+02 1.585254e+02
      vertex   1.110728e+02 1.084637e+02 1.585562e+02
      vertex   1.111999e+02 1.054637e+02 1.585769e+02
    endloop
  endfacet
  facet normal 1.205365e-01 -1.729433e-03 -9.927074e-01
    outer loop
      vertex   1.111999e+02 1.054637e+02 1.585769e+02
      vertex   1.110728e+02 1.084637e+02 1.585562e+02
      vertex   1.113284e+02 1.084637e+02 1.585873e+02
    endloop
  endfacet
  facet normal 4.026588e-02 1.729433e-03 -9.991875e-01
    outer loop
      vertex   1.111999e+02 1.054637e+02 1.585769e+02
      vertex   1.113284e+02 1.084637e+02 1.585873e+02
      vertex   1.114572e+02 1.054637e+02 1.585873e+02
    endloop
  endfacet
  facet normal -4.026588e-02 -1.729433e-03 -9.991875e-01
    outer loop
      vertex   1.114572e+02 1.054637e+02 1.585873e+02
      vertex   1.113284e+02 1.084637e+02 1.585873e+02
      vertex   1.115857e+02 1.084637e+02 1.585769e+02
    endloop
  endfacet
  facet normal -1.205365e-01 1.729433e-03 -9.927074e-01
    outer loop
      vertex   1.114572e+02 1.054637e+02 1.585873e+02
      vertex   1.115857e+02 1.084637e+02 1.585769e+02
      vertex   1.117128e+02 1.054637e+02 1.585562e+02
    endloop
  endfacet
  facet normal -2.000254e-01 -1.729433e-03 -9.797892e-01
    outer loop
      vertex   1.117128e+02 1.054637e+02 1.585562e+02
      vertex   1.115857e+02 1.084637e+02 1.585769e+02
      vertex   1.118379e+02 1.084637e+02 1.585254e+02
    endloop
  endfacet
  facet normal -2.782170e-01 1.729433e-03 -9.605167e-01
    outer loop
      vertex   1.117128e+02 1.054637e+02 1.585562e+02
      vertex   1.118379e+02 1.084637e+02 1.585254e+02
      vertex   1.119602e+02 1.054637e+02 1.584846e+02
    endloop
  endfacet
  facet normal -3.546044e-01 -1.729433e-03 -9.350148e-01
    outer loop
      vertex   1.119602e+02 1.054637e+02 1.584846e+02
      vertex   1.118379e+02 1.084637e+02 1.585254e+02
      vertex   1.120787e+02 1.084637e+02 1.584341e+02
    endloop
  endfacet
  facet normal -4.286919e-01 1.729433e-03 -9.034491e-01
    outer loop
      vertex   1.119602e+02 1.054637e+02 1.584846e+02
      vertex   1.120787e+02 1.084637e+02 1.584341e+02
      vertex   1.121928e+02 1.054637e+02 1.583742e+02
    endloop
  endfacet
  facet normal -4.999993e-01 -1.729433e-03 -8.660241e-01
    outer loop
      vertex   1.121928e+02 1.054637e+02 1.583742e+02
      vertex   1.120787e+02 1.084637e+02 1.584341e+02
      vertex   1.123017e+02 1.084637e+02 1.583053e+02
    endloop
  endfacet
  facet normal -5.680639e-01 1.729433e-03 -8.229826e-01
    outer loop
      vertex   1.121928e+02 1.054637e+02 1.583742e+02
      vertex   1.123017e+02 1.084637e+02 1.583053e+02
      vertex   1.124047e+02 1.054637e+02 1.582279e+02
    endloop
  endfacet
  facet normal -6.324444e-01 -1.729433e-03 -7.746038e-01
    outer loop
      vertex   1.124047e+02 1.054637e+02 1.582279e+02
      vertex   1.123017e+02 1.084637e+02 1.583053e+02
      vertex   1.125012e+02 1.084637e+02 1.581425e+02
    endloop
  endfacet
  facet normal -6.927233e-01 1.729433e-03 -7.212014e-01
    outer loop
      vertex   1.124047e+02 1.054637e+02 1.582279e+02
      vertex   1.125012e+02 1.084637e+02 1.581425e+02
      vertex   1.125904e+02 1.054637e+02 1.580496e+02
    endloop
  endfacet
  facet normal -7.485096e-01 -1.729433e-03 -6.631217e-01
    outer loop
      vertex   1.125904e+02 1.054637e+02 1.580496e+02
      vertex   1.125012e+02 1.084637e+02 1.581425e+02
      vertex   1.126719e+02 1.084637e+02 1.579497e+02
    endloop
  endfacet
  facet normal -7.994416e-01 1.729433e-03 -6.007414e-01
    outer loop
      vertex   1.125904e+02 1.054637e+02 1.580496e+02
      vertex   1.126719e+02 1.084637e+02 1.579497e+02
      vertex   1.127451e+02 1.054637e+02 1.578437e+02
    endloop
  endfacet
  facet normal -8.451888e-01 -1.729433e-03 -5.344650e-01
    outer loop
      vertex   1.127451e+02 1.054637e+02 1.578437e+02
      vertex   1.126719e+02 1.084637e+02 1.579497e+02
      vertex   1.128095e+02 1.084637e+02 1.577321e+02
    endloop
  endfacet
  facet normal -8.854547e-01 1.729433e-03 -4.647225e-01
    outer loop
      vertex   1.127451e+02 1.054637e+02 1.578437e+02
      vertex   1.128095e+02 1.084637e+02 1.577321e+02
      vertex   1.128648e+02 1.054637e+02 1.576157e+02
    endloop
  endfacet
  facet normal -9.199781e-01 -1.729433e-03 -3.919660e-01
    outer loop
      vertex   1.128648e+02 1.054637e+02 1.576157e+02
      vertex   1.128095e+02 1.084637e+02 1.577321e+02
      vertex   1.129105e+02 1.084637e+02 1.574952e+02
    endloop
  endfacet
  facet normal -9.485350e-01 1.729433e-03 -3.166675e-01
    outer loop
      vertex   1.128648e+02 1.054637e+02 1.576157e+02
      vertex   1.129105e+02 1.084637e+02 1.574952e+02
      vertex   1.129463e+02 1.054637e+02 1.573715e+02
    endloop
  endfacet
  facet normal -9.709404e-01 -1.729433e-03 -2.393153e-01
    outer loop
      vertex   1.129463e+02 1.054637e+02 1.573715e+02
      vertex   1.129105e+02 1.084637e+02 1.574952e+02
      vertex   1.129721e+02 1.084637e+02 1.572452e+02
    endloop
  endfacet
  facet normal -9.870488e-01 1.729433e-03 -1.604110e-01
    outer loop
      vertex   1.129463e+02 1.054637e+02 1.573715e+02
      vertex   1.129721e+02 1.084637e+02 1.572452e+02
      vertex   1.129876e+02 1.054637e+02 1.571173e+02
    endloop
  endfacet
  facet normal -9.967558e-01 -1.729433e-03 -8.046645e-02
    outer loop
      vertex   1.129876e+02 1.054637e+02 1.571173e+02
      vertex   1.129721e+02 1.084637e+02 1.572452e+02
      vertex   1.129928e+02 1.084637e+02 1.569886e+02
    endloop
  endfacet
  facet normal -9.999985e-01 1.729433e-03 0.000000e+00
    outer loop
      vertex   1.129876e+02 1.054637e+02 1.571173e+02
      vertex   1.129928e+02 1.084637e+02 1.569886e+02
      vertex   1.129876e+02 1.054637e+02 1.568598e+02
    endloop
  endfacet
  facet normal -9.967558e-01 -1.729433e-03 8.046645e-02
    outer loop
      vertex   1.129876e+02 1.054637e+02 1.568598e+02
      vertex   1.129928e+02 1.084637e+02 1.569886e+02
      vertex   1.129721e+02 1.084637e+02 1.567319e+02
    endloop
  endfacet
  facet normal -9.870488e-01 1.729433e-03 1.604110e-01
    outer loop
      vertex   1.129876e+02 1.054637e+02 1.568598e+02
      vertex   1.129721e+02 1.084637e+02 1.567319e+02
      vertex   1.129463e+02 1.054637e+02 1.566057e+02
    endloop
  endfacet
  facet normal -9.709404e-01 -1.729433e-03 2.393153e-01
    outer loop
      vertex   1.129463e+02 1.054637e+02 1.566057e+02
      vertex   1.129721e+02 1.084637e+02 1.567319e+02
      vertex   1.129105e+02 1.084637e+02 1.564819e+02
    endloop
  endfacet
  facet normal -9.485350e-01 1.729433e-03 3.166675e-01
    outer loop
      vertex   1.129463e+02 1.054637e+02 1.566057e+02
      vertex   1.129105e+02 1.084637e+02 1.564819e+02
      vertex   1.128648e+02 1.054637e+02 1.563614e+02
    endloop
  endfacet
  facet normal -9.199781e-01 -1.729433e-03 3.919660e-01
    outer loop
      vertex   1.128648e+02 1.054637e+02 1.563614e+02
      vertex   1.129105e+02 1.084637e+02 1.564819e+02
      vertex   1.128095e+02 1.084637e+02 1.562450e+02
    endloop
  endfacet
  facet normal -8.854547e-01 1.729433e-03 4.647225e-01
    outer loop
      vertex   1.128648e+02 1.054637e+02 1.563614e+02
      vertex   1.128095e+02 1.084637e+02 1.562450e+02
      vertex   1.127451e+02 1.054637e+02 1.561334e+02
    endloop
  endfacet
  facet normal -8.451888e-01 -1.729433e-03 5.344650e-01
    outer loop
      vertex   1.127451e+02 1.054637e+02 1.561334e+02
      vertex   1.128095e+02 1.084637e+02 1.562450e+02
      vertex   1.126719e+02 1.084637e+02 1.560274e+02
    endloop
  endfacet
  facet normal -7.994416e-01 1.729433e-03 6.007414e-01
    outer loop
      vertex   1.127451e+02 1.054637e+02 1.561334e+02
      vertex   1.126719e+02 1.084637e+02 1.560274e+02
      vertex   1.125904e+02 1.054637e+02 1.559276e+02
    endloop
  endfacet
  facet normal -7.485096e-01 -1.729433e-03 6.631217e-01
    outer loop
      vertex   1.125904e+02 1.054637e+02 1.559276e+02
      vertex   1.126719e+02 1.084637e+02 1.560274e+02
      vertex   1.125012e+02 1.084637e+02 1.558346e+02
    endloop
  endfacet
  facet normal -6.927233e-01 1.729433e-03 7.212014e-01
    outer loop
      vertex   1.125904e+02 1.054637e+02 1.559276e+02
      vertex   1.125012e+02 1.084637e+02 1.558346e+02
      vertex   1.124047e+02 1.054637e+02 1.557492e+02
    endloop
  endfacet
  facet normal -6.324444e-01 -1.729433e-03 7.746038e-01
    outer loop
      vertex   1.124047e+02 1.054637e+02 1.557492e+02
      vertex   1.125012e+02 1.084637e+02 1.558346e+02
      vertex   1.123017e+02 1.084637e+02 1.556718e+02
    endloop
  endfacet
  facet normal -5.680639e-01 1.729433e-03 8.229826e-01
    outer loop
      vertex   1.124047e+02 1.054637e+02 1.557492e+02
      vertex   1.123017e+02 1.084637e+02 1.556718e+02
      vertex   1.121928e+02 1.054637e+02 1.556029e+02
    endloop
  endfacet
  facet normal -4.999993e-01 -1.729433e-03 8.660241e-01
    outer loop
      vertex   1.121928e+02 1.054637e+02 1.556029e+02
      vertex   1.123017e+02 1.084637e+02 1.556718e+02
      vertex   1.120787e+02 1.084637e+02 1.555430e+02
    endloop
  endfacet
  facet normal -4.286919e-01 1.729433e-03 9.034491e-01
    outer loop
      vertex   1.121928e+02 1.054637e+02 1.556029e+02
      vertex   1.120787e+02 1.084637e+02 1.555430e+02
      vertex   1.119602e+02 1.054637e+02 1.554925e+02
    endloop
  endfacet
  facet normal -3.546044e-01 -1.729433e-03 9.350148e-01
    outer loop
      vertex   1.119602e+02 1.054637e+02 1.554925e+02
      vertex   1.120787e+02 1.084637e+02 1.555430e+02
      vertex   1.118379e+02 1.084637e+02 1.554517e+02
    endloop
  endfacet
  facet normal -2.782170e-01 1.729433e-03 9.605167e-01
    outer loop
      vertex   1.119602e+02 1.054637e+02 1.554925e+02
      vertex   1.118379e+02 1.084637e+02 1.554517e+02
      vertex   1.117128e+02 1.054637e+02 1.554209e+02
    endloop
  endfacet
  facet normal -2.000254e-01 -1.729433e-03 9.797892e-01
    outer loop
      vertex   1.117128e+02 1.054637e+02 1.554209e+02
      vertex   1.118379e+02 1.084637e+02 1.554517e+02
      vertex   1.115857e+02 1.084637e+02 1.554002e+02
    endloop
  endfacet
  facet normal -1.205365e-01 1.729433e-03 9.927074e-01
    outer loop
      vertex   1.117128e+02 1.054637e+02 1.554209e+02
      vertex   1.115857e+02 1.084637e+02 1.554002e+02
      vertex   1.114572e+02 1.054637e+02 1.553899e+02
    endloop
  endfacet
  facet normal -4.026588e-02 -1.729433e-03 9.991875e-01
    outer loop
      vertex   1.114572e+02 1.054637e+02 1.553899e+02
      vertex   1.115857e+02 1.084637e+02 1.554002e+02
      vertex   1.113284e+02 1.084637e+02 1.553899e+02
    endloop
  endfacet
  facet normal 4.026588e-02 1.729433e-03 9.991875e-01
    outer loop
      vertex   1.114572e+02 1.054637e+02 1.553899e+02
      vertex   1.113284e+02 1.084637e+02 1.553899e+02
      vertex   1.111999e+02 1.054637e+02 1.554002e+02
    endloop
  endfacet
  facet normal 1.205365e-01 -1.729433e-03 9.927074e-01
    outer loop
      vertex   1.111999e+02 1.054637e+02 1.554002e+02
      vertex   1.113284e+02 1.084637e+02 1.553899e+02
      vertex   1.110728e+02 1.084637e+02 1.554209e+02
    endloop
  endfacet
  facet normal 2.000254e-01 1.729433e-03 9.797892e-01
    outer loop
      vertex   1.111999e+02 1.054637e+02 1.554002e+02
      vertex   1.110728e+02 1.084637e+02 1.554209e+02
      vertex   1.109477e+02 1.054637e+02 1.554517e+02
    endloop
  endfacet
  facet normal 2.782170e-01 -1.729433e-03 9.605167e-01
    outer loop
      vertex   1.109477e+02 1.054637e+02 1.554517e+02
      vertex   1.110728e+02 1.084637e+02 1.554209e+02
      vertex   1.108254e+02 1.084637e+02 1.554925e+02
    endloop
  endfacet
  facet normal 3.546044e-01 1.729433e-03 9.350148e-01
    outer loop
      vertex   1.109477e+02 1.054637e+02 1.554517e+02
      vertex   1.108254e+02 1.084637e+02 1.554925e+02
      vertex   1.107069e+02 1.054637e+02 1.555430e+02
    endloop
  endfacet
  facet normal 4.286919e-01 -1.729433e-03 9.034491e-01
    outer loop
      vertex   1.107069e+02 1.054637e+02 1.555430e+02
      vertex   1.108254e+02 1.084637e+02 1.554925e+02
      vertex   1.105928e+02 1.084637e+02 1.556029e+02
    endloop
  endfacet
  facet normal 4.999993e-01 1.729433e-03 8.660241e-01
    outer loop
      vertex   1.107069e+02 1.054637e+02 1.555430e+02
      vertex   1.105928e+02 1.084637e+02 1.556029e+02
      vertex   1.104839e+02 1.054637e+02 1.556718e+02
    endloop
  endfacet
  facet normal 5.680639e-01 -1.729433e-03 8.229826e-01
    outer loop
      vertex   1.104839e+02 1.054637e+02 1.556718e+02
      vertex   1.105928e+02 1.084637e+02 1.556029e+02
      vertex   1.103809e+02 1.084637e+02 1.557492e+02
    endloop
  endfacet
  facet normal 6.324444e-01 1.729433e-03 7.746038e-01
    outer loop
      vertex   1.104839e+02 1.054637e+02 1.556718e+02
      vertex   1.103809e+02 1.084637e+02 1.557492e+02
      vertex   1.102844e+02 1.054637e+02 1.558346e+02
    endloop
  endfacet
  facet normal 6.927233e-01 -1.729433e-03 7.212014e-01
    outer loop
      vertex   1.102844e+02 1.054637e+02 1.558346e+02
      vertex   1.103809e+02 1.084637e+02 1.557492e+02
      vertex   1.101952e+02 1.084637e+02 1.559276e+02
    endloop
  endfacet
  facet normal 7.485096e-01 1.729433e-03 6.631217e-01
    outer loop
      vertex   1.102844e+02 1.054637e+02 1.558346e+02
      vertex   1.101952e+02 1.084637e+02 1.559276e+02
      vertex   1.101137e+02 1.054637e+02 1.560274e+02
    endloop
  endfacet
  facet normal 7.994416e-01 -1.729433e-03 6.007414e-01
    outer loop
      vertex   1.101137e+02 1.054637e+02 1.560274e+02
      vertex   1.101952e+02 1.084637e+02 1.559276e+02
      vertex   1.100405e+02 1.084637e+02 1.561334e+02
    endloop
  endfacet
  facet normal 8.451888e-01 1.729433e-03 5.344650e-01
    outer loop
      vertex   1.101137e+02 1.054637e+02 1.560274e+02
      vertex   1.100405e+02 1.084637e+02 1.561334e+02
      vertex   1.099761e+02 1.054637e+02 1.562450e+02
    endloop
  endfacet
  facet normal 8.854547e-01 -1.729433e-03 4.647225e-01
    outer loop
      vertex   1.099761e+02 1.054637e+02 1.562450e+02
      vertex   1.100405e+02 1.084637e+02 1.561334e+02
      vertex   1.099208e+02 1.084637e+02 1.563614e+02
    endloop
  endfacet
  facet normal 9.199781e-01 1.729433e-03 3.919660e-01
    outer loop
      vertex   1.099761e+02 1.054637e+02 1.562450e+02
      vertex   1.099208e+02 1.084637e+02 1.563614e+02
      vertex   1.098751e+02 1.054637e+02 1.564819e+02
    endloop
  endfacet
  facet normal 9.485350e-01 -1.729433e-03 3.166675e-01
    outer loop
      vertex   1.098751e+02 1.054637e+02 1.564819e+02
      vertex   1.099208e+02 1.084637e+02 1.563614e+02
      vertex   1.098393e+02 1.084637e+02 1.566057e+02
    endloop
  endfacet
  facet normal 9.709404e-01 1.729433e-03 2.393153e-01
    outer loop
      vertex   1.098751e+02 1.054637e+02 1.564819e+02
      vertex   1.098393e+02 1.084637e+02 1.566057e+02
      vertex   1.098135e+02 1.054637e+02 1.567319e+02
    endloop
  endfacet
  facet normal 9.870488e-01 -1.729433e-03 1.604110e-01
    outer loop
      vertex   1.098135e+02 1.054637e+02 1.567319e+02
      vertex   1.098393e+02 1.084637e+02 1.566057e+02
      vertex   1.097980e+02 1.084637e+02 1.568598e+02
    endloop
  endfacet
  facet normal 9.967558e-01 1.729433e-03 8.046645e-02
    outer loop
      vertex   1.318135e+02 1.054637e+02 1.567319e+02
      vertex   1.317980e+02 1.084637e+02 1.568598e+02
      vertex   1.317928e+02 1.054637e+02 1.569886e+02
    endloop
  endfacet
  facet normal 9.999985e-01 -1.729433e-03 0.000000e+00
    outer loop
      vertex   1.317928e+02 1.054637e+02 1.569886e+02
      vertex   1.317980e+02 1.084637e+02 1.568598e+02
      vertex   1.317980e+02 1.084637e+02 1.571173e+02
    endloop
  endfacet
  facet normal 9.967558e-01 1.729433e-03 -8.046645e-02
    outer loop
      vertex   1.317928e+02 1.054637e+02 1.569886e+02
      vertex   1.317980e+02 1.084637e+02 1.571173e+02
      vertex   1.318135e+02 1.054637e+02 1.572452e+02
    endloop
  endfacet
  facet normal 9.870488e-01 -1.729433e-03 -1.604110e-01
    outer loop
      vertex   1.318135e+02 1.054637e+02 1.572452e+02
      vertex   1.317980e+02 1.084637e+02 1.571173e+02
      vertex   1.318393e+02 1.084637e+02 1.573715e+02
    endloop
  endfacet
  facet normal 9.709404e-01 1.729433e-03 -2.393153e-01
    outer loop
      vertex   1.318135e+02 1.054637e+02 1.572452e+02
      vertex   1.318393e+02 1.084637e+02 1.573715e+02
      vertex   1.318751e+02 1.054637e+02 1.574952e+02
    endloop
  endfacet
  facet normal 9.485350e-01 -1.729433e-03 -3.166675e-01
    outer loop
      vertex   1.318751e+02 1.054637e+02 1.574952e+02
      vertex   1.318393e+02 1.084637e+02 1.573715e+02
      vertex   1.319208e+02 1.084637e+02 1.576157e+02
    endloop
  endfacet
  facet normal 9.199781e-01 1.729433e-03 -3.919660e-01
    outer loop
      vertex   1.318751e+02 1.054637e+02 1.574952e+02
      vertex   1.319208e+02 1.084637e+02 1.576157e+02
      vertex   1.319761e+02 1.054637e+02 1.577321e+02
    endloop
  endfacet
  facet normal 8.854547e-01 -1.729433e-03 -4.647225e-01
    outer loop
      vertex   1.319761e+02 1.054637e+02 1.577321e+02
      vertex   1.319208e+02 1.084637e+02 1.576157e+02
      vertex   1.320405e+02 1.084637e+02 1.578437e+02
    endloop
  endfacet
  facet normal 8.451888e-01 1.729433e-03 -5.344650e-01
    outer loop
      vertex   1.319761e+02 1.054637e+02 1.577321e+02
      vertex   1.320405e+02 1.084637e+02 1.578437e+02
      vertex   1.321137e+02 1.054637e+02 1.579497e+02
    endloop
  endfacet
  facet normal 7.994416e-01 -1.729433e-03 -6.007414e-01
    outer loop
      vertex   1.321137e+02 1.054637e+02 1.579497e+02
      vertex   1.320405e+02 1.084637e+02 1.578437e+02
      vertex   1.321952e+02 1.084637e+02 1.580496e+02
    endloop
  endfacet
  facet normal 7.485096e-01 1.729433e-03 -6.631217e-01
    outer loop
      vertex   1.321137e+02 1.054637e+02 1.579497e+02
      vertex   1.321952e+02 1.084637e+02 1.580496e+02
      vertex   1.322844e+02 1.054637e+02 1.581425e+02
    endloop
  endfacet
  facet normal 6.927233e-01 -1.729433e-03 -7.212014e-01
    outer loop
      vertex   1.322844e+02 1.054637e+02 1.581425e+02
      vertex   1.321952e+02 1.084637e+02 1.580496e+02
      vertex   1.323809e+02 1.084637e+02 1.582279e+02
    endloop
  endfacet
  facet normal 6.324444e-01 1.729433e-03 -7.746038e-01
    outer loop
      vertex   1.322844e+02 1.054637e+02 1.581425e+02
      vertex   1.323809e+02 1.084637e+02 1.582279e+02
      vertex   1.324839e+02 1.054637e+02 1.583053e+02
    endloop
  endfacet
  facet normal 5.680639e-01 -1.729433e-03 -8.229826e-01
    outer loop
      vertex   1.324839e+02 1.054637e+02 1.583053e+02
      vertex   1.323809e+02 1.084637e+02 1.582279e+02
      vertex   1.325928e+02 1.084637e+02 1.583742e+02
    endloop
  endfacet
  facet normal 4.999993e-01 1.729433e-03 -8.660241e-01
    outer loop
      vertex   1.324839e+02 1.054637e+02 1.583053e+02
      vertex   1.325928e+02 1.084637e+02 1.583742e+02
      vertex   1.327069e+02 1.054637e+02 1.584341e+02
    endloop
  endfacet
  facet normal 4.286919e-01 -1.729433e-03 -9.034491e-01
    outer loop
      vertex   1.327069e+02 1.054637e+02 1.584341e+02
      vertex   1.325928e+02 1.084637e+02 1.583742e+02
      vertex   1.328254e+02 1.084637e+02 1.584846e+02
    endloop
  endfacet
  facet normal 3.546044e-01 1.729433e-03 -9.350148e-01
    outer loop
      vertex   1.327069e+02 1.054637e+02 1.584341e+02
      vertex   1.328254e+02 1.084637e+02 1.584846e+02
      vertex   1.329477e+02 1.054637e+02 1.585254e+02
    endloop
  endfacet
  facet normal 2.782170e-01 -1.729433e-03 -9.605167e-01
    outer loop
      vertex   1.329477e+02 1.054637e+02 1.585254e+02
      vertex   1.328254e+02 1.084637e+02 1.584846e+02
      vertex   1.330728e+02 1.084637e+02 1.585562e+02
    endloop
  endfacet
  facet normal 2.000254e-01 1.729433e-03 -9.797892e-01
    outer loop
      vertex   1.329477e+02 1.054637e+02 1.585254e+02
      vertex   1.330728e+02 1.084637e+02 1.585562e+02
      vertex   1.331999e+02 1.054637e+02 1.585769e+02
    endloop
  endfacet
  facet normal 1.205365e-01 -1.729433e-03 -9.927074e-01
    outer loop
      vertex   1.331999e+02 1.054637e+02 1.585769e+02
      vertex   1.330728e+02 1.084637e+02 1.585562e+02
      vertex   1.333284e+02 1.084637e+02 1.585873e+02
    endloop
  endfacet
  facet normal 4.026588e-02 1.729433e-03 -9.991875e-01
    outer loop
      vertex   1.331999e+02 1.054637e+02 1.585769e+02
      vertex   1.333284e+02 1.084637e+02 1.585873e+02
      vertex   1.334572e+02 1.054637e+02 1.585873e+02
    endloop
  endfacet
  facet normal -4.026588e-02 -1.729433e-03 -9.991875e-01
    outer loop
      vertex   1.334572e+02 1.054637e+02 1.585873e+02
      vertex   1.333284e+02 1.084637e+02 1.585873e+02
      vertex   1.335857e+02 1.084637e+02 1.585769e+02
    endloop
  endfacet
  facet normal -1.205365e-01 1.729433e-03 -9.927074e-01
    outer loop
      vertex   1.334572e+02 1.054637e+02 1.585873e+02
      vertex   1.335857e+02 1.084637e+02 1.585769e+02
      vertex   1.337128e+02 1.054637e+02 1.585562e+02
    endloop
  endfacet
  facet normal -2.000254e-01 -1.729433e-03 -9.797892e-01
    outer loop
      vertex   1.337128e+02 1.054637e+02 1.585562e+02
      vertex   1.335857e+02 1.084637e+02 1.585769e+02
      vertex   1.338379e+02 1.084637e+02 1.585254e+02
    endloop
  endfacet
  facet normal -2.782170e-01 1.729433e-03 -9.605167e-01
    outer loop
      vertex   1.337128e+02 1.054637e+02 1.585562e+02
      vertex   1.338379e+02 1.084637e+02 1.585254e+02
      vertex   1.339602e+02 1.054637e+02 1.584846e+02
    endloop
  endfacet
  facet normal -3.546044e-01 -1.729433e-03 -9.350148e-01
    outer loop
      vertex   1.339602e+02 1.054637e+02 1.584846e+02
      vertex   1.338379e+02 1.084637e+02 1.585254e+02
      vertex   1.340787e+02 1.084637e+02 1.584341e+02
    endloop
  endfacet
  facet normal -4.286919e-01 1.729433e-03 -9.034491e-01
    outer loop
      vertex   1.339602e+02 1.054637e+02 1.584846e+02
      vertex   1.340787e+02 1.084637e+02 1.584341e+02
      vertex   1.341928e+02 1.054637e+02 1.583742e+02
    endloop
  endfacet
  facet normal -4.999993e-01 -1.729433e-03 -8.660241e-01
    outer loop
      vertex   1.341928e+02 1.054637e+02 1.583742e+02
      vertex   1.340787e+02 1.084637e+02 1.584341e+02
      vertex   1.343017e+02 1.084637e+02 1.583053e+02
    endloop
  endfacet
  facet normal -5.680639e-01 1.729433e-03 -8.229826e-01
    outer loop
      vertex   1.341928e+02 1.054637e+02 1.583742e+02
      vertex   1.343017e+02 1.084637e+02 1.583053e+02
      vertex   1.344047e+02 1.054637e+02 1.582279e+02
    endloop
  endfacet
  facet normal -6.324444e-01 -1.729433e-03 -7.746038e-01
    outer loop
      vertex   1.344047e+02 1.054637e+02 1.582279e+02
      vertex   1.343017e+02 1.084637e+02 1.583053e+02
      vertex   1.345012e+02 1.084637e+02 1.581425e+02
    endloop
  endfacet
  facet normal -6.927233e-01 1.729433e-03 -7.212014e-01
    outer loop
      vertex   1.344047e+02 1.054637e+02 1.582279e+02
      vertex   1.345012e+02 1.084637e+02 1.581425e+02
      vertex   1.345904e+02 1.054637e+02 1.580496e+02
    endloop
  endfacet
  facet normal -7.485096e-01 -1.729433e-03 -6.631217e-01
    outer loop
      vertex   1.345904e+02 1.054637e+02 1.580496e+02
      vertex   1.345012e+02 1.084637e+02 1.581425e+02
      vertex   1.346719e+02 1.084637e+02 1.579497e+02
    endloop
  endfacet
  facet normal -7.994416e-01 1.729433e-03 -6.007414e-01
    outer loop
      vertex   1.345904e+02 1.054637e+02 1.580496e+02
      vertex   1.346719e+02 1.084637e+02 1.579497e+02
      vertex   1.347451e+02 1.054637e+02 1.578437e+02
    endloop
  endfacet
  facet normal -8.451888e-01 -1.729433e-03 -5.344650e-01
    outer loop
      vertex   1.347451e+02 1.054637e+02 1.578437e+02
      vertex   1.346719e+02 1.084637e+02 1.579497e+02
      vertex   1.348095e+02 1.084637e+02 1.577321e+02
    endloop
  endfacet
  facet normal -8.854547e-01 1.729433e-03 -4.647225e-01
    outer loop
      vertex   1.347451e+02 1.054637e+02 1.578437e+02
      vertex   1.348095e+02 1.084637e+02 1.577321e+02
      vertex   1.348648e+02 1.054637e+02 1.576157e+02
    endloop
  endfacet
  facet normal -9.199781e-01 -1.729433e-03 -3.919660e-01
    outer loop
      vertex   1.348648e+02 1.054637e+02 1.576157e+02
      vertex   1.348095e+02 1.084637e+02 1.577321e+02
      vertex   1.349105e+02 1.084637e+02 1.574952e+02
    endloop
  endfacet
  facet normal -9.485350e-01 1.729433e-03 -3.166675e-01
    outer loop
      vertex   1.348648e+02 1.054637e+02 1.576157e+02
      vertex   1.349105e+02 1.084637e+02 1.574952e+02
      vertex   1.349463e+02 1.054637e+02 1.573715e+02
    endloop
  endfacet
  facet normal -9.709404e-01 -1.729433e-03 -2.393153e-01
    outer loop
      vertex   1.349463e+02 1.054637e+02 1.573715e+02
      vertex   1.349105e+02 1.084637e+02 1.574952e+02
      vertex   1.349721e+02 1.084637e+02 1.572452e+02
    endloop
  endfacet
  facet normal -9.870488e-01 1.729433e-03 -1.604110e-01
    outer loop
      vertex   1.349463e+02 1.054637e+02 1.573715e+02
      vertex   1.349721e+02 1.084637e+02 1.572452e+02
      vertex   1.349876e+02 1.054637e+02 1.571173e+02
    endloop
  endfacet
  facet normal -9.967558e-01 -1.729433e-03 -8.046645e-02
    outer loop
      vertex   1.349876e+02 1.054637e+02 1.571173e+02
      vertex   1.349721e+02 1.084637e+02 1.572452e+02
      vertex   1.349928e+02 1.084637e+02 1.569886e+02
    endloop
  endfacet
  facet normal -9.999985e-01 1.729433e-03 0.000000e+00
    outer loop
      vertex   1.349876e+02 1.054637e+02 1.571173e+02
      vertex   1.349928e+02 1.084637e+02 1.569886e+02
      vertex   1.349876e+02 1.054637e+02 1.568598e+02
    endloop
  endfacet
  facet normal -9.967558e-01 -1.729433e-03 8.046645e-02
    outer loop
      vertex   1.349876e+02 1.054637e+02 1.568598e+02
      vertex   1.349928e+02 1.084637e+02 1.569886e+02
      vertex   1.349721e+02 1.084637e+02 1.567319e+02
    endloop
  endfacet
  facet normal -9.870488e-01 1.729433e-03 1.604110e-01
    outer loop
      vertex   1.349876e+02 1.054637e+02 1.568598e+02
      vertex   1.349721e+02 1.084637e+02 1.567319e+02
      vertex   1.349463e+02 1.054637e+02 1.566057e+02
    endloop
  endfacet
  facet normal -9.709404e-01 -1.729433e-03 2.393153e-01
    outer loop
      vertex   1.349463e+02 1.054637e+02 1.566057e+02
      vertex   1.349721e+02 1.084637e+02 1.567319e+02
      vertex   1.349105e+02 1.084637e+02 1.564819e+02
    endloop
  endfacet
  facet normal -9.485350e-01 1.729433e-03 3.166675e-01
    outer loop
      vertex   1.349463e+02 1.054637e+02 1.566057e+02
      vertex   1.349105e+02 1.084637e+02 1.564819e+02
      vertex   1.348648e+02 1.054637e+02 1.563614e+02
    endloop
  endfacet
  facet normal -9.199781e-01 -1.729433e-03 3.919660e-01
    outer loop
      vertex   1.348648e+02 1.054637e+02 1.563614e+02
      vertex   1.349105e+02 1.084637e+02 1.564819e+02
      vertex   1.348095e+02 1.084637e+02 1.562450e+02
    endloop
  endfacet
  facet normal -8.854547e-01 1.729433e-03 4.647225e-01
    outer loop
      vertex   1.348648e+02 1.054637e+02 1.563614e+02
      vertex   1.348095e+02 1.084637e+02 1.562450e+02
      vertex   1.347451e+02 1.054637e+02 1.561334e+02
    endloop
  endfacet
  facet normal -8.451888e-01 -1.729433e-03 5.344650e-01
    outer loop
      vertex   1.347451e+02 1.054637e+02 1.561334e+02
      vertex   1.348095e+02 1.084637e+02 1.562450e+02
      vertex   1.346719e+02 1.084637e+02 1.560274e+02
    endloop
  endfacet
  facet normal -7.994416e-01 1.729433e-03 6.007414e-01
    outer loop
      vertex   1.347451e+02 1.054637e+02 1.561334e+02
      vertex   1.346719e+02 1.084637e+02 1.560274e+02
      vertex   1.345904e+02 1.054637e+02 1.559276e+02
    endloop
  endfacet
  facet normal -7.485096e-01 -1.729433e-03 6.631217e-01
    outer loop
      vertex   1.345904e+02 1.054637e+02 1.559276e+02
      vertex   1.346719e+02 1.084637e+02 1.560274e+02
      vertex   1.345012e+02 1.084637e+02 1.558346e+02
    endloop
  endfacet
  facet normal -6.927233e-01 1.729433e-03 7.212014e-01
    outer loop
      vertex   1.345904e+02 1.054637e+02 1.559276e+02
      vertex   1.345012e+02 1.084637e+02 1.558346e+02
      vertex   1.344047e+02 1.054637e+02 1.557492e+02
    endloop
  endfacet
  facet normal -6.324444e-01 -1.729433e-03 7.746038e-01
    outer loop
      vertex   1.344047e+02 1.054637e+02 1.557492e+02
      vertex   1.345012e+02 1.084637e+02 1.558346e+02
      vertex   1.343017e+02 1.084637e+02 1.556718e+02
    endloop
  endfacet
  facet normal -5.680639e-01 1.729433e-03 8.229826e-01
    outer loop
      vertex   1.344047e+02 1.054637e+02 1.557492e+02
      vertex   1.343017e+02 1.084637e+02 1.556718e+02
      vertex   1.341928e+02 1.054637e+02 1.556029e+02
    endloop
  endfacet
  facet normal -4.999993e-01 -1.729433e-03 8.660241e-01
    outer loop
      vertex   1.341928e+02 1.054637e+02 1.556029e+02
      vertex   1.343017e+02 1.084637e+02 1.556718e+02
      vertex   1.340787e+02 1.084637e+02 1.555430e+02
    endloop
  endfacet
  facet normal -4.286919e-01 1.729433e-03 9.034491e-01
    outer loop
      vertex   1.341928e+02 1.054637e+02 1.556029e+02
      vertex   1.340787e+02 1.084637e+02 1.555430e+02
      vertex   1.339602e+02 1.054637e+02 1.554925e+02
    endloop
  endfacet
  facet normal -3.546044e-01 -1.729433e-03 9.350148e-01
    outer loop
      vertex   1.339602e+02 1.054637e+02 1.554925e+02
      vertex   1.340787e+02 1.084637e+02 1.555430e+02
      vertex   1.338379e+02 1.084637e+02 1.554517e+02
    endloop
  endfacet
  facet normal -2.782170e-01 1.729433e-03 9.605167e-01
    outer loop
      vertex   1.339602e+02 1.054637e+02 1.554925e+02
      vertex   1.338379e+02 1.084637e+02 1.554517e+02
      vertex   1.337128e+02 1.054637e+02 1.554209e+02
    endloop
  endfacet
  facet normal -2.000254e-01 -1.729433e-03 9.797892e-01
    outer loop
      vertex   1.337128e+02 1.054637e+02 1.554209e+02
      vertex   1.338379e+02 1.084637e+02 1.554517e+02
      vertex   1.335857e+02 1.084637e+02 1.554002e+02
    endloop
  endfacet
  facet normal -1.205365e-01 1.729433e-03 9.927074e-01
    outer loop
      vertex   1.337128e+02 1.054637e+02 1.554209e+02
      vertex   1.335857e+02 1.084637e+02 1.554002e+02
      vertex   1.334572e+02 1.054637e+02 1.553899e+02
    endloop
  endfacet
  facet normal -4.026588e-02 -1.729433e-03 9.991875e-01
    outer loop
      vertex   1.334572e+02 1.054637e+02 1.553899e+02
      vertex   1.335857e+02 1.084637e+02 1.554002e+02
      vertex   1.333284e+02 1.084637e+02 1.553899e+02
    endloop
  endfacet
  facet normal 4.026588e-02 1.729433e-03 9.991875e-01
    outer loop
      vertex   1.334572e+02 1.054637e+02 1.553899e+02
      vertex   1.333284e+02 1.084637e+02 1.553899e+02
      vertex   1.331999e+02 1.054637e+02 1.554002e+02
    endloop
  endfacet
  facet normal 1.205365e-01 -1.729433e-03 9.927074e-01
    outer loop
      vertex   1.331999e+02 1.054637e+02 1.554002e+02
      vertex   1.333284e+02 1.084637e+02 1.553899e+02
      vertex   1.330728e+02 1.084637e+02 1.554209e+02
    endloop
  endfacet
  facet normal 2.000254e-01 1.729433e-03 9.797892e-01
    outer loop
      vertex   1.331999e+02 1.054637e+02 1.554002e+02
      vertex   1.330728e+02 1.084637e+02 1.554209e+02
      vertex   1.329477e+02 1.054637e+02 1.554517e+02
    endloop
  endfacet
  facet normal 2.782170e-01 -1.729433e-03 9.605167e-01
    outer loop
      vertex   1.329477e+02 1.054637e+02 1.554517e+02
      vertex   1.330728e+02 1.084637e+02 1.554209e+02
      vertex   1.328254e+02 1.084637e+02 1.554925e+02
    endloop
  endfacet
  facet normal 3.546044e-01 1.729433e-03 9.350148e-01
    outer loop
      vertex   1.329477e+02 1.054637e+02 1.554517e+02
      vertex   1.328254e+02 1.084637e+02 1.554925e+02
      vertex   1.327069e+02 1.054637e+02 1.555430e+02
    endloop
  endfacet
  facet normal 4.286919e-01 -1.729433e-03 9.034491e-01
    outer loop
      vertex   1.327069e+02 1.054637e+02 1.555430e+02
      vertex   1.328254e+02 1.084637e+02 1.554925e+02
      vertex   1.325928e+02 1.084637e+02 1.556029e+02
    endloop
  endfacet
  facet normal 4.999993e-01 1.729433e-03 8.660241e-01
    outer loop
      vertex   1.327069e+02 1.054637e+02 1.555430e+02
      vertex   1.325928e+02 1.084637e+02 1.556029e+02
      vertex   1.324839e+02 1.054637e+02 1.556718e+02
    endloop
  endfacet
  facet normal 5.680639e-01 -1.729433e-03 8.229826e-01
    outer loop
      vertex   1.324839e+02 1.054637e+02 1.556718e+02
      vertex   1.325928e+02 1.084637e+02 1.556029e+02
      vertex   1.323809e+02 1.084637e+02 1.557492e+02
    endloop
  endfacet
  facet normal 6.324444e-01 1.729433e-03 7.746038e-01
    outer loop
      vertex   1.324839e+02 1.054637e+02 1.556718e+02
      vertex   1.323809e+02 1.084637e+02 1.557492e+02
      vertex   1.322844e+02 1.054637e+02 1.558346e+02
    endloop
  endfacet
  facet normal 6.927233e-01 -1.729433e-03 7.212014e-01
    outer loop
      vertex   1.322844e+02 1.054637e+02 1.558346e+02
      vertex   1.323809e+02 1.084637e+02 1.557492e+02
      vertex   1.321952e+02 1.084637e+02 1.559276e+02
    endloop
  endfacet
  facet normal 7.485096e-01 1.729433e-03 6.631217e-01
    outer loop
      vertex   1.322844e+02 1.054637e+02 1.558346e+02
      vertex   1.321952e+02 1.084637e+02 1.559276e+02
      vertex   1.321137e+02 1.054637e+02 1.560274e+02
    endloop
  endfacet
  facet normal 7.994416e-01 -1.729433e-03 6.007414e-01
    outer loop
      vertex   1.321137e+02 1.054637e+02 1.560274e+02
      vertex   1.321952e+02 1.084637e+02 1.559276e+02
      vertex   1.320405e+02 1.084637e+02 1.561334e+02
    endloop
  endfacet
  facet normal 8.451888e-01 1.729433e-03 5.344650e-01
    outer loop
      vertex   1.321137e+02 1.054637e+02 1.560274e+02
      vertex   1.320405e+02 1.084637e+02 1.561334e+02
      vertex   1.319761e+02 1.054637e+02 1.562450e+02
    endloop
  endfacet
  facet normal 8.854547e-01 -1.729433e-03 4.647225e-01
    outer loop
      vertex   1.319761e+02 1.054637e+02 1.562450e+02
      vertex   1.320405e+02 1.084637e+02 1.561334e+02
      vertex   1.319208e+02 1.084637e+02 1.563614e+02
    endloop
  endfacet
  facet normal 9.199781e-01 1.729433e-03 3.919660e-01
    outer loop
      vertex   1.319761e+02 1.054637e+02 1.562450e+02
      vertex   1.319208e+02 1.084637e+02 1.563614e+02
      vertex   1.318751e+02 1.054637e+02 1.564819e+02
    endloop
  endfacet
  facet normal 9.485350e-01 -1.729433e-03 3.166675e-01
    outer loop
      vertex   1.318751e+02 1.054637e+02 1.564819e+02
      vertex   1.319208e+02 1.084637e+02 1.563614e+02
      vertex   1.318393e+02 1.084637e+02 1.566057e+02
    endloop
  endfacet
  facet normal 9.709404e-01 1.729433e-03 2.393153e-01
    outer loop
      vertex   1.318751e+02 1.054637e+02 1.564819e+02
      vertex   1.318393e+02 1.084637e+02 1.566057e+02
      vertex   1.318135e+02 1.054637e+02 1.567319e+02
    endloop
  endfacet
  facet normal 9.870488e-01 -1.729433e-03 1.604110e-01
    outer loop
      vertex   1.318135e+02 1.054637e+02 1.567319e+02
      vertex   1.318393e+02 1.084637e+02 1.566057e+02
      vertex   1.317980e+02 1.084637e+02 1.568598e+02
    endloop
  endfacet
  facet normal -9.945959e-03 2.619773e-01 9.650228e-01
    outer loop
      vertex   1.140862e+02 9.896374e+01 2.100418e+02
      vertex   1.185162e+02 1.084637e+02 2.075084e+02
      vertex   1.135485e+02 9.896374e+01 2.100362e+02
    endloop
  endfacet
  facet normal -1.041113e-02 2.622029e-01 9.649566e-01
    outer loop
      vertex   1.135485e+02 9.896374e+01 2.100362e+02
      vertex   1.185162e+02 1.084637e+02 2.075084e+02
      vertex   1.179533e+02 1.084637e+02 2.075024e+02
    endloop
  endfacet
  facet normal -2.983335e-02 2.704892e-01 9.622606e-01
    outer loop
      vertex   1.135485e+02 9.896374e+01 2.100362e+02
      vertex   1.179533e+02 1.084637e+02 2.075024e+02
      vertex   1.130123e+02 9.896374e+01 2.100196e+02
    endloop
  endfacet
  facet normal -3.122776e-02 2.711532e-01 9.620295e-01
    outer loop
      vertex   1.130123e+02 9.896374e+01 2.100196e+02
      vertex   1.179533e+02 1.084637e+02 2.075024e+02
      vertex   1.173921e+02 1.084637e+02 2.074841e+02
    endloop
  endfacet
  facet normal -4.970679e-02 2.788749e-01 9.590402e-01
    outer loop
      vertex   1.130123e+02 9.896374e+01 2.100196e+02
      vertex   1.173921e+02 1.084637e+02 2.074841e+02
      vertex   1.124779e+02 9.896374e+01 2.099919e+02
    endloop
  endfacet
  facet normal -5.202783e-02 2.799596e-01 9.586009e-01
    outer loop
      vertex   1.124779e+02 9.896374e+01 2.099919e+02
      vertex   1.173921e+02 1.084637e+02 2.074841e+02
      vertex   1.168330e+02 1.084637e+02 2.074538e+02
    endloop
  endfacet
  facet normal -6.955681e-02 2.871303e-01 9.553628e-01
    outer loop
      vertex   1.124779e+02 9.896374e+01 2.099919e+02
      vertex   1.168330e+02 1.084637e+02 2.074538e+02
      vertex   1.119455e+02 9.896374e+01 2.099531e+02
    endloop
  endfacet
  facet normal -7.280052e-02 2.886175e-01 9.546727e-01
    outer loop
      vertex   1.119455e+02 9.896374e+01 2.099531e+02
      vertex   1.168330e+02 1.084637e+02 2.074538e+02
      vertex   1.162761e+02 1.084637e+02 2.074113e+02
    endloop
  endfacet
  facet normal -8.937392e-02 2.952514e-01 9.512302e-01
    outer loop
      vertex   1.119455e+02 9.896374e+01 2.099531e+02
      vertex   1.162761e+02 1.084637e+02 2.074113e+02
      vertex   1.114155e+02 9.896374e+01 2.099033e+02
    endloop
  endfacet
  facet normal -9.353502e-02 2.971225e-01 9.502470e-01
    outer loop
      vertex   1.114155e+02 9.896374e+01 2.099033e+02
      vertex   1.162761e+02 1.084637e+02 2.074113e+02
      vertex   1.157218e+02 1.084637e+02 2.073568e+02
    endloop
  endfacet
  facet normal -1.091487e-01 3.032343e-01 9.466443e-01
    outer loop
      vertex   1.114155e+02 9.896374e+01 2.099033e+02
      vertex   1.157218e+02 1.084637e+02 2.073568e+02
      vertex   1.108880e+02 9.896374e+01 2.098425e+02
    endloop
  endfacet
  facet normal -1.142206e-01 3.054701e-01 9.453262e-01
    outer loop
      vertex   1.108880e+02 9.896374e+01 2.098425e+02
      vertex   1.157218e+02 1.084637e+02 2.073568e+02
      vertex   1.151703e+02 1.084637e+02 2.072901e+02
    endloop
  endfacet
  facet normal -1.288716e-01 3.110753e-01 9.416073e-01
    outer loop
      vertex   1.108880e+02 9.896374e+01 2.098425e+02
      vertex   1.151703e+02 1.084637e+02 2.072901e+02
      vertex   1.103633e+02 9.896374e+01 2.097707e+02
    endloop
  endfacet
  facet normal -1.348464e-01 3.136561e-01 9.399129e-01
    outer loop
      vertex   1.103633e+02 9.896374e+01 2.097707e+02
      vertex   1.151703e+02 1.084637e+02 2.072901e+02
      vertex   1.146220e+02 1.084637e+02 2.072115e+02
    endloop
  endfacet
  facet normal -1.485333e-01 3.187704e-01 9.361214e-01
    outer loop
      vertex   1.103633e+02 9.896374e+01 2.097707e+02
      vertex   1.146220e+02 1.084637e+02 2.072115e+02
      vertex   1.098417e+02 9.896374e+01 2.096879e+02
    endloop
  endfacet
  facet normal -1.554018e-01 3.216762e-01 9.340100e-01
    outer loop
      vertex   1.098417e+02 9.896374e+01 2.096879e+02
      vertex   1.146220e+02 1.084637e+02 2.072115e+02
      vertex   1.140772e+02 1.084637e+02 2.071208e+02
    endloop
  endfacet
  facet normal -1.681243e-01 3.263161e-01 9.301892e-01
    outer loop
      vertex   1.098417e+02 9.896374e+01 2.096879e+02
      vertex   1.140772e+02 1.084637e+02 2.071208e+02
      vertex   1.093233e+02 9.896374e+01 2.095943e+02
    endloop
  endfacet
  facet normal -1.758761e-01 3.295264e-01 9.276206e-01
    outer loop
      vertex   1.093233e+02 9.896374e+01 2.095943e+02
      vertex   1.140772e+02 1.084637e+02 2.071208e+02
      vertex   1.135361e+02 1.084637e+02 2.070182e+02
    endloop
  endfacet
  facet normal -1.876353e-01 3.337087e-01 9.238136e-01
    outer loop
      vertex   1.093233e+02 9.896374e+01 2.095943e+02
      vertex   1.135361e+02 1.084637e+02 2.070182e+02
      vertex   1.088086e+02 9.896374e+01 2.094897e+02
    endloop
  endfacet
  facet normal -1.962587e-01 3.372024e-01 9.207481e-01
    outer loop
      vertex   1.088086e+02 9.896374e+01 2.094897e+02
      vertex   1.135361e+02 1.084637e+02 2.070182e+02
      vertex   1.129990e+02 1.084637e+02 2.069037e+02
    endloop
  endfacet
  facet normal -2.070570e-01 3.409445e-01 9.169974e-01
    outer loop
      vertex   1.088086e+02 9.896374e+01 2.094897e+02
      vertex   1.129990e+02 1.084637e+02 2.069037e+02
      vertex   1.082976e+02 9.896374e+01 2.093743e+02
    endloop
  endfacet
  facet normal -2.165389e-01 3.447004e-01 9.133961e-01
    outer loop
      vertex   1.082976e+02 9.896374e+01 2.093743e+02
      vertex   1.129990e+02 1.084637e+02 2.069037e+02
      vertex   1.124662e+02 1.084637e+02 2.067774e+02
    endloop
  endfacet
  facet normal -2.263799e-01 3.480203e-01 9.097439e-01
    outer loop
      vertex   1.082976e+02 9.896374e+01 2.093743e+02
      vertex   1.124662e+02 1.084637e+02 2.067774e+02
      vertex   1.077907e+02 9.896374e+01 2.092482e+02
    endloop
  endfacet
  facet normal -2.367064e-01 3.520166e-01 9.055686e-01
    outer loop
      vertex   1.077907e+02 9.896374e+01 2.092482e+02
      vertex   1.124662e+02 1.084637e+02 2.067774e+02
      vertex   1.119379e+02 1.084637e+02 2.066393e+02
    endloop
  endfacet
  facet normal -2.455950e-01 3.549324e-01 9.020566e-01
    outer loop
      vertex   1.077907e+02 9.896374e+01 2.092482e+02
      vertex   1.119379e+02 1.084637e+02 2.066393e+02
      vertex   1.072880e+02 9.896374e+01 2.091113e+02
    endloop
  endfacet
  facet normal -2.567506e-01 3.591470e-01 8.972695e-01
    outer loop
      vertex   1.072880e+02 9.896374e+01 2.091113e+02
      vertex   1.119379e+02 1.084637e+02 2.066393e+02
      vertex   1.114145e+02 1.084637e+02 2.064896e+02
    endloop
  endfacet
  facet normal -2.646928e-01 3.616777e-01 8.939390e-01
    outer loop
      vertex   1.072880e+02 9.896374e+01 2.091113e+02
      vertex   1.114145e+02 1.084637e+02 2.064896e+02
      vertex   1.067899e+02 9.896374e+01 2.089638e+02
    endloop
  endfacet
  facet normal -2.766612e-01 3.660881e-01 8.885033e-01
    outer loop
      vertex   1.067899e+02 9.896374e+01 2.089638e+02
      vertex   1.114145e+02 1.084637e+02 2.064896e+02
      vertex   1.108962e+02 1.084637e+02 2.063282e+02
    endloop
  endfacet
  facet normal -2.836644e-01 3.682528e-01 8.853950e-01
    outer loop
      vertex   1.067899e+02 9.896374e+01 2.089638e+02
      vertex   1.108962e+02 1.084637e+02 2.063282e+02
      vertex   1.062966e+02 9.896374e+01 2.088058e+02
    endloop
  endfacet
  facet normal -2.964278e-01 3.728363e-01 8.792745e-01
    outer loop
      vertex   1.062966e+02 9.896374e+01 2.088058e+02
      vertex   1.108962e+02 1.084637e+02 2.063282e+02
      vertex   1.103833e+02 1.084637e+02 2.061553e+02
    endloop
  endfacet
  facet normal -3.025006e-01 3.746547e-01 8.764287e-01
    outer loop
      vertex   1.062966e+02 9.896374e+01 2.088058e+02
      vertex   1.103833e+02 1.084637e+02 2.061553e+02
      vertex   1.058082e+02 9.896374e+01 2.086372e+02
    endloop
  endfacet
  facet normal -3.160402e-01 3.793880e-01 8.695880e-01
    outer loop
      vertex   1.058082e+02 9.896374e+01 2.086372e+02
      vertex   1.103833e+02 1.084637e+02 2.061553e+02
      vertex   1.098760e+02 1.084637e+02 2.059709e+02
    endloop
  endfacet
  facet normal -3.211923e-01 3.808801e-01 8.670443e-01
    outer loop
      vertex   1.058082e+02 9.896374e+01 2.086372e+02
      vertex   1.098760e+02 1.084637e+02 2.059709e+02
      vertex   1.053251e+02 9.896374e+01 2.084582e+02
    endloop
  endfacet
  facet normal -3.354883e-01 3.857399e-01 8.594489e-01
    outer loop
      vertex   1.053251e+02 9.896374e+01 2.084582e+02
      vertex   1.098760e+02 1.084637e+02 2.059709e+02
      vertex   1.093747e+02 1.084637e+02 2.057752e+02
    endloop
  endfacet
  facet normal -3.397306e-01 3.869262e-01 8.572463e-01
    outer loop
      vertex   1.053251e+02 9.896374e+01 2.084582e+02
      vertex   1.093747e+02 1.084637e+02 2.057752e+02
      vertex   1.048474e+02 9.896374e+01 2.082689e+02
    endloop
  endfacet
  facet normal -3.547619e-01 3.918887e-01 8.488623e-01
    outer loop
      vertex   1.048474e+02 9.896374e+01 2.082689e+02
      vertex   1.093747e+02 1.084637e+02 2.057752e+02
      vertex   1.088795e+02 1.084637e+02 2.055683e+02
    endloop
  endfacet
  facet normal -3.581066e-01 3.927900e-01 8.470393e-01
    outer loop
      vertex   1.048474e+02 9.896374e+01 2.082689e+02
      vertex   1.088795e+02 1.084637e+02 2.055683e+02
      vertex   1.043754e+02 9.896374e+01 2.080694e+02
    endloop
  endfacet
  facet normal -3.738512e-01 3.978312e-01 8.378339e-01
    outer loop
      vertex   1.043754e+02 9.896374e+01 2.080694e+02
      vertex   1.088795e+02 1.084637e+02 2.055683e+02
      vertex   1.083908e+02 1.084637e+02 2.053502e+02
    endloop
  endfacet
  facet normal -3.763115e-01 3.984688e-01 8.364283e-01
    outer loop
      vertex   1.043754e+02 9.896374e+01 2.080694e+02
      vertex   1.083908e+02 1.084637e+02 2.053502e+02
      vertex   1.039093e+02 9.896374e+01 2.078597e+02
    endloop
  endfacet
  facet normal -3.927462e-01 4.035644e-01 8.263693e-01
    outer loop
      vertex   1.039093e+02 9.896374e+01 2.078597e+02
      vertex   1.083908e+02 1.084637e+02 2.053502e+02
      vertex   1.079087e+02 1.084637e+02 2.051211e+02
    endloop
  endfacet
  facet normal -3.943365e-01 4.039597e-01 8.254183e-01
    outer loop
      vertex   1.039093e+02 9.896374e+01 2.078597e+02
      vertex   1.079087e+02 1.084637e+02 2.051211e+02
      vertex   1.034494e+02 9.896374e+01 2.076400e+02
    endloop
  endfacet
  facet normal -4.114372e-01 4.090852e-01 8.144745e-01
    outer loop
      vertex   1.034494e+02 9.896374e+01 2.076400e+02
      vertex   1.079087e+02 1.084637e+02 2.051211e+02
      vertex   1.074336e+02 1.084637e+02 2.048811e+02
    endloop
  endfacet
  facet normal -4.121729e-01 4.092602e-01 8.140145e-01
    outer loop
      vertex   1.034494e+02 9.896374e+01 2.076400e+02
      vertex   1.074336e+02 1.084637e+02 2.048811e+02
      vertex   1.029958e+02 9.896374e+01 2.074103e+02
    endloop
  endfacet
  facet normal -4.299144e-01 4.143908e-01 8.021558e-01
    outer loop
      vertex   1.029958e+02 9.896374e+01 2.074103e+02
      vertex   1.074336e+02 1.084637e+02 2.048811e+02
      vertex   1.069657e+02 1.084637e+02 2.046303e+02
    endloop
  endfacet
  facet normal -4.298123e-01 4.143677e-01 8.022224e-01
    outer loop
      vertex   1.029958e+02 9.896374e+01 2.074103e+02
      vertex   1.069657e+02 1.084637e+02 2.046303e+02
      vertex   1.025487e+02 9.896374e+01 2.071708e+02
    endloop
  endfacet
  facet normal -4.472577e-01 4.192286e-01 7.900683e-01
    outer loop
      vertex   1.025487e+02 9.896374e+01 2.071708e+02
      vertex   1.069657e+02 1.084637e+02 2.046303e+02
      vertex   1.021085e+02 9.896374e+01 2.069215e+02
    endloop
  endfacet
  facet normal -4.481572e-01 4.195273e-01 7.893997e-01
    outer loop
      vertex   1.021085e+02 9.896374e+01 2.069215e+02
      vertex   1.069657e+02 1.084637e+02 2.046303e+02
      vertex   1.065053e+02 1.084637e+02 2.043689e+02
    endloop
  endfacet
  facet normal -4.644890e-01 4.238979e-01 7.775349e-01
    outer loop
      vertex   1.021085e+02 9.896374e+01 2.069215e+02
      vertex   1.065053e+02 1.084637e+02 2.043689e+02
      vertex   1.016752e+02 9.896374e+01 2.066627e+02
    endloop
  endfacet
  facet normal -4.661675e-01 4.244374e-01 7.762350e-01
    outer loop
      vertex   1.016752e+02 9.896374e+01 2.066627e+02
      vertex   1.065053e+02 1.084637e+02 2.043689e+02
      vertex   1.060525e+02 1.084637e+02 2.040970e+02
    endloop
  endfacet
  facet normal -4.814992e-01 4.283675e-01 7.646305e-01
    outer loop
      vertex   1.016752e+02 9.896374e+01 2.066627e+02
      vertex   1.060525e+02 1.084637e+02 2.040970e+02
      vertex   1.012491e+02 9.896374e+01 2.063944e+02
    endloop
  endfacet
  facet normal -4.839346e-01 4.291239e-01 7.626663e-01
    outer loop
      vertex   1.012491e+02 9.896374e+01 2.063944e+02
      vertex   1.060525e+02 1.084637e+02 2.040970e+02
      vertex   1.056076e+02 1.084637e+02 2.038147e+02
    endloop
  endfacet
  facet normal -4.982800e-01 4.326354e-01 7.513612e-01
    outer loop
      vertex   1.012491e+02 9.896374e+01 2.063944e+02
      vertex   1.056076e+02 1.084637e+02 2.038147e+02
      vertex   1.008305e+02 9.896374e+01 2.061168e+02
    endloop
  endfacet
  facet normal -5.014495e-01 4.335845e-01 7.487008e-01
    outer loop
      vertex   1.008305e+02 9.896374e+01 2.061168e+02
      vertex   1.056076e+02 1.084637e+02 2.038147e+02
      vertex   1.051708e+02 1.084637e+02 2.035222e+02
    endloop
  endfacet
  facet normal -5.148234e-01 4.366994e-01 7.377333e-01
    outer loop
      vertex   1.008305e+02 9.896374e+01 2.061168e+02
      vertex   1.051708e+02 1.084637e+02 2.035222e+02
      vertex   1.004194e+02 9.896374e+01 2.058299e+02
    endloop
  endfacet
  facet normal -5.187030e-01 4.378169e-01 7.343457e-01
    outer loop
      vertex   1.004194e+02 9.896374e+01 2.058299e+02
      vertex   1.051708e+02 1.084637e+02 2.035222e+02
      vertex   1.047425e+02 1.084637e+02 2.032196e+02
    endloop
  endfacet
  facet normal -5.311215e-01 4.405576e-01 7.237534e-01
    outer loop
      vertex   1.004194e+02 9.896374e+01 2.058299e+02
      vertex   1.047425e+02 1.084637e+02 2.032196e+02
      vertex   1.000161e+02 9.896374e+01 2.055339e+02
    endloop
  endfacet
  facet normal -5.356863e-01 4.418189e-01 7.196084e-01
    outer loop
      vertex   1.000161e+02 9.896374e+01 2.055339e+02
      vertex   1.047425e+02 1.084637e+02 2.032196e+02
      vertex   1.043227e+02 1.084637e+02 2.029071e+02
    endloop
  endfacet
  facet normal -5.471664e-01 4.442081e-01 7.094280e-01
    outer loop
      vertex   1.000161e+02 9.896374e+01 2.055339e+02
      vertex   1.043227e+02 1.084637e+02 2.029071e+02
      vertex   9.962079e+01 9.896374e+01 2.052291e+02
    endloop
  endfacet
  facet normal -5.523905e-01 4.455885e-01 7.044967e-01
    outer loop
      vertex   9.962079e+01 9.896374e+01 2.052291e+02
      vertex   1.043227e+02 1.084637e+02 2.029071e+02
      vertex   1.039117e+02 1.084637e+02 2.025849e+02
    endloop
  endfacet
  facet normal -5.629504e-01 4.476492e-01 6.947640e-01
    outer loop
      vertex   9.962079e+01 9.896374e+01 2.052291e+02
      vertex   1.039117e+02 1.084637e+02 2.025849e+02
      vertex   9.923366e+01 9.896374e+01 2.049154e+02
    endloop
  endfacet
  facet normal -5.688071e-01 4.491237e-01 6.890184e-01
    outer loop
      vertex   9.923366e+01 9.896374e+01 2.049154e+02
      vertex   1.039117e+02 1.084637e+02 2.025849e+02
      vertex   1.035098e+02 1.084637e+02 2.022530e+02
    endloop
  endfacet
  facet normal -5.784660e-01 4.508790e-01 6.797685e-01
    outer loop
      vertex   9.923366e+01 9.896374e+01 2.049154e+02
      vertex   1.035098e+02 1.084637e+02 2.022530e+02
      vertex   9.885488e+01 9.896374e+01 2.045930e+02
    endloop
  endfacet
  facet normal -5.849275e-01 4.524227e-01 6.731817e-01
    outer loop
      vertex   9.885488e+01 9.896374e+01 2.045930e+02
      vertex   1.035098e+02 1.084637e+02 2.022530e+02
      vertex   1.031171e+02 1.084637e+02 2.019118e+02
    endloop
  endfacet
  facet normal -5.937057e-01 4.538962e-01 6.644485e-01
    outer loop
      vertex   9.885488e+01 9.896374e+01 2.045930e+02
      vertex   1.031171e+02 1.084637e+02 2.019118e+02
      vertex   9.848465e+01 9.896374e+01 2.042622e+02
    endloop
  endfacet
  facet normal -6.007434e-01 4.554838e-01 6.569946e-01
    outer loop
      vertex   9.848465e+01 9.896374e+01 2.042622e+02
      vertex   1.031171e+02 1.084637e+02 2.019118e+02
      vertex   1.027338e+02 1.084637e+02 2.015614e+02
    endloop
  endfacet
  facet normal -6.086621e-01 4.566992e-01 6.488114e-01
    outer loop
      vertex   9.848465e+01 9.896374e+01 2.042622e+02
      vertex   1.027338e+02 1.084637e+02 2.015614e+02
      vertex   9.812313e+01 9.896374e+01 2.039231e+02
    endloop
  endfacet
  facet normal -6.162466e-01 4.583055e-01 6.404656e-01
    outer loop
      vertex   9.812313e+01 9.896374e+01 2.039231e+02
      vertex   1.027338e+02 1.084637e+02 2.015614e+02
      vertex   1.023602e+02 1.084637e+02 2.012019e+02
    endloop
  endfacet
  facet normal -6.233281e-01 4.592867e-01 6.328648e-01
    outer loop
      vertex   9.812313e+01 9.896374e+01 2.039231e+02
      vertex   1.023602e+02 1.084637e+02 2.012019e+02
      vertex   9.777049e+01 9.896374e+01 2.035758e+02
    endloop
  endfacet
  facet normal -6.314291e-01 4.608863e-01 6.236033e-01
    outer loop
      vertex   9.777049e+01 9.896374e+01 2.035758e+02
      vertex   1.023602e+02 1.084637e+02 2.012019e+02
      vertex   1.019964e+02 1.084637e+02 2.008336e+02
    endloop
  endfacet
  facet normal -6.376966e-01 4.616575e-01 6.166161e-01
    outer loop
      vertex   9.777049e+01 9.896374e+01 2.035758e+02
      vertex   1.019964e+02 1.084637e+02 2.008336e+02
      vertex   9.742691e+01 9.896374e+01 2.032204e+02
    endloop
  endfacet
  facet normal -6.462830e-01 4.632249e-01 6.064165e-01
    outer loop
      vertex   9.742691e+01 9.896374e+01 2.032204e+02
      vertex   1.019964e+02 1.084637e+02 2.008336e+02
      vertex   1.016427e+02 1.084637e+02 2.004565e+02
    endloop
  endfacet
  facet normal -6.517608e-01 4.638103e-01 6.000733e-01
    outer loop
      vertex   9.742691e+01 9.896374e+01 2.032204e+02
      vertex   1.016427e+02 1.084637e+02 2.004565e+02
      vertex   9.709254e+01 9.896374e+01 2.028573e+02
    endloop
  endfacet
  facet normal -6.608007e-01 4.653200e-01 5.889140e-01
    outer loop
      vertex   9.709254e+01 9.896374e+01 2.028573e+02
      vertex   1.016427e+02 1.084637e+02 2.004565e+02
      vertex   1.012991e+02 1.084637e+02 2.000711e+02
    endloop
  endfacet
  facet normal -6.655138e-01 4.657441e-01 5.832442e-01
    outer loop
      vertex   9.709254e+01 9.896374e+01 2.028573e+02
      vertex   1.012991e+02 1.084637e+02 2.000711e+02
      vertex   9.676755e+01 9.896374e+01 2.024864e+02
    endloop
  endfacet
  facet normal -6.749747e-01 4.671707e-01 5.711049e-01
    outer loop
      vertex   9.676755e+01 9.896374e+01 2.024864e+02
      vertex   1.012991e+02 1.084637e+02 2.000711e+02
      vertex   1.009660e+02 1.084637e+02 1.996773e+02
    endloop
  endfacet
  facet normal -6.789491e-01 4.674581e-01 5.661369e-01
    outer loop
      vertex   9.676755e+01 9.896374e+01 2.024864e+02
      vertex   1.009660e+02 1.084637e+02 1.996773e+02
      vertex   9.645209e+01 9.896374e+01 2.021081e+02
    endloop
  endfacet
  facet normal -6.887975e-01 4.687758e-01 5.529984e-01
    outer loop
      vertex   9.645209e+01 9.896374e+01 2.021081e+02
      vertex   1.009660e+02 1.084637e+02 1.996773e+02
      vertex   1.006434e+02 1.084637e+02 1.992755e+02
    endloop
  endfacet
  facet normal -6.920603e-01 4.689514e-01 5.487596e-01
    outer loop
      vertex   9.645209e+01 9.896374e+01 2.021081e+02
      vertex   1.006434e+02 1.084637e+02 1.992755e+02
      vertex   9.614631e+01 9.896374e+01 2.017225e+02
    endloop
  endfacet
  facet normal -7.022621e-01 4.701346e-01 5.346040e-01
    outer loop
      vertex   9.614631e+01 9.896374e+01 2.017225e+02
      vertex   1.006434e+02 1.084637e+02 1.992755e+02
      vertex   1.003315e+02 1.084637e+02 1.988659e+02
    endloop
  endfacet
  facet normal -7.048410e-01 4.702233e-01 5.311207e-01
    outer loop
      vertex   9.614631e+01 9.896374e+01 2.017225e+02
      vertex   1.003315e+02 1.084637e+02 1.988659e+02
      vertex   9.585036e+01 9.896374e+01 2.013297e+02
    endloop
  endfacet
  facet normal -7.153614e-01 4.712464e-01 5.159311e-01
    outer loop
      vertex   9.585036e+01 9.896374e+01 2.013297e+02
      vertex   1.003315e+02 1.084637e+02 1.988659e+02
      vertex   1.000306e+02 1.084637e+02 1.984486e+02
    endloop
  endfacet
  facet normal -7.172851e-01 4.712732e-01 5.132286e-01
    outer loop
      vertex   9.585036e+01 9.896374e+01 2.013297e+02
      vertex   1.000306e+02 1.084637e+02 1.984486e+02
      vertex   9.556438e+01 9.896374e+01 2.009300e+02
    endloop
  endfacet
  facet normal -7.280888e-01 4.721105e-01 4.969894e-01
    outer loop
      vertex   9.556438e+01 9.896374e+01 2.009300e+02
      vertex   1.000306e+02 1.084637e+02 1.984486e+02
      vertex   9.974067e+01 1.084637e+02 1.980239e+02
    endloop
  endfacet
  facet normal -7.293867e-01 4.721007e-01 4.950919e-01
    outer loop
      vertex   9.556438e+01 9.896374e+01 2.009300e+02
      vertex   9.974067e+01 1.084637e+02 1.980239e+02
      vertex   9.528849e+01 9.896374e+01 2.005236e+02
    endloop
  endfacet
  facet normal -7.404374e-01 4.727266e-01 4.777887e-01
    outer loop
      vertex   9.528849e+01 9.896374e+01 2.005236e+02
      vertex   9.974067e+01 1.084637e+02 1.980239e+02
      vertex   9.946197e+01 1.084637e+02 1.975919e+02
    endloop
  endfacet
  facet normal -7.411400e-01 4.727052e-01 4.767193e-01
    outer loop
      vertex   9.528849e+01 9.896374e+01 2.005236e+02
      vertex   9.946197e+01 1.084637e+02 1.975919e+02
      vertex   9.502285e+01 9.896374e+01 2.001106e+02
    endloop
  endfacet
  facet normal -7.524010e-01 4.730942e-01 4.583389e-01
    outer loop
      vertex   9.502285e+01 9.896374e+01 2.001106e+02
      vertex   9.946197e+01 1.084637e+02 1.975919e+02
      vertex   9.919461e+01 1.084637e+02 1.971531e+02
    endloop
  endfacet
  facet normal -7.525393e-01 4.730866e-01 4.581196e-01
    outer loop
      vertex   9.502285e+01 9.896374e+01 2.001106e+02
      vertex   9.919461e+01 1.084637e+02 1.971531e+02
      vertex   9.476756e+01 9.896374e+01 1.996913e+02
    endloop
  endfacet
  facet normal -7.635942e-01 4.732128e-01 4.393104e-01
    outer loop
      vertex   9.476756e+01 9.896374e+01 1.996913e+02
      vertex   9.919461e+01 1.084637e+02 1.971531e+02
      vertex   9.452276e+01 9.896374e+01 1.992657e+02
    endloop
  endfacet
  facet normal -7.639592e-01 4.732437e-01 4.386420e-01
    outer loop
      vertex   9.452276e+01 9.896374e+01 1.992657e+02
      vertex   9.919461e+01 1.084637e+02 1.971531e+02
      vertex   9.893874e+01 1.084637e+02 1.967074e+02
    endloop
  endfacet
  facet normal -7.742899e-01 4.731048e-01 4.202941e-01
    outer loop
      vertex   9.452276e+01 9.896374e+01 1.992657e+02
      vertex   9.893874e+01 1.084637e+02 1.967074e+02
      vertex   9.428856e+01 9.896374e+01 1.988343e+02
    endloop
  endfacet
  facet normal -7.751147e-01 4.731548e-01 4.187143e-01
    outer loop
      vertex   9.428856e+01 9.896374e+01 1.988343e+02
      vertex   9.893874e+01 1.084637e+02 1.967074e+02
      vertex   9.869450e+01 1.084637e+02 1.962553e+02
    endloop
  endfacet
  facet normal -7.846163e-01 4.727734e-01 4.010768e-01
    outer loop
      vertex   9.428856e+01 9.896374e+01 1.988343e+02
      vertex   9.869450e+01 1.084637e+02 1.962553e+02
      vertex   9.406507e+01 9.896374e+01 1.983971e+02
    endloop
  endfacet
  facet normal -7.858666e-01 4.728173e-01 3.985692e-01
    outer loop
      vertex   9.406507e+01 9.896374e+01 1.983971e+02
      vertex   9.869450e+01 1.084637e+02 1.962553e+02
      vertex   9.846200e+01 1.084637e+02 1.957969e+02
    endloop
  endfacet
  facet normal -7.945685e-01 4.722188e-01 3.816677e-01
    outer loop
      vertex   9.406507e+01 9.896374e+01 1.983971e+02
      vertex   9.846200e+01 1.084637e+02 1.957969e+02
      vertex   9.385239e+01 9.896374e+01 1.979543e+02
    endloop
  endfacet
  facet normal -7.962094e-01 4.722314e-01 3.782171e-01
    outer loop
      vertex   9.385239e+01 9.896374e+01 1.979543e+02
      vertex   9.846200e+01 1.084637e+02 1.957969e+02
      vertex   9.824137e+01 1.084637e+02 1.953324e+02
    endloop
  endfacet
  facet normal -8.041417e-01 4.714414e-01 3.620762e-01
    outer loop
      vertex   9.385239e+01 9.896374e+01 1.979543e+02
      vertex   9.824137e+01 1.084637e+02 1.953324e+02
      vertex   9.365064e+01 9.896374e+01 1.975062e+02
    endloop
  endfacet
  facet normal -8.061377e-01 4.713973e-01 3.576684e-01
    outer loop
      vertex   9.365064e+01 9.896374e+01 1.975062e+02
      vertex   9.824137e+01 1.084637e+02 1.953324e+02
      vertex   9.803273e+01 1.084637e+02 1.948622e+02
    endloop
  endfacet
  facet normal -8.133313e-01 4.704413e-01 3.423116e-01
    outer loop
      vertex   9.365064e+01 9.896374e+01 1.975062e+02
      vertex   9.803273e+01 1.084637e+02 1.948622e+02
      vertex   9.345990e+01 9.896374e+01 1.970530e+02
    endloop
  endfacet
  facet normal -8.156463e-01 4.703154e-01 3.369339e-01
    outer loop
      vertex   9.345990e+01 9.896374e+01 1.970530e+02
      vertex   9.803273e+01 1.084637e+02 1.948622e+02
      vertex   9.783618e+01 1.084637e+02 1.943864e+02
    endloop
  endfacet
  facet normal -8.221328e-01 4.692191e-01 3.223834e-01
    outer loop
      vertex   9.345990e+01 9.896374e+01 1.970530e+02
      vertex   9.783618e+01 1.084637e+02 1.943864e+02
      vertex   9.328026e+01 9.896374e+01 1.965949e+02
    endloop
  endfacet
  facet normal -8.247304e-01 4.689865e-01 3.160243e-01
    outer loop
      vertex   9.328026e+01 9.896374e+01 1.965949e+02
      vertex   9.783618e+01 1.084637e+02 1.943864e+02
      vertex   9.765183e+01 1.084637e+02 1.939053e+02
    endloop
  endfacet
  facet normal -8.305421e-01 4.677754e-01 3.023011e-01
    outer loop
      vertex   9.328026e+01 9.896374e+01 1.965949e+02
      vertex   9.765183e+01 1.084637e+02 1.939053e+02
      vertex   9.311182e+01 9.896374e+01 1.961322e+02
    endloop
  endfacet
  facet normal -8.333853e-01 4.674111e-01 2.949505e-01
    outer loop
      vertex   9.311182e+01 9.896374e+01 1.961322e+02
      vertex   9.765183e+01 1.084637e+02 1.939053e+02
      vertex   9.747977e+01 1.084637e+02 1.934191e+02
    endloop
  endfacet
  facet normal -8.385551e-01 4.661109e-01 2.820744e-01
    outer loop
      vertex   9.311182e+01 9.896374e+01 1.961322e+02
      vertex   9.747977e+01 1.084637e+02 1.934191e+02
      vertex   9.295464e+01 9.896374e+01 1.956649e+02
    endloop
  endfacet
  facet normal -8.416064e-01 4.655902e-01 2.737233e-01
    outer loop
      vertex   9.295464e+01 9.896374e+01 1.956649e+02
      vertex   9.747977e+01 1.084637e+02 1.934191e+02
      vertex   9.732009e+01 1.084637e+02 1.929281e+02
    endloop
  endfacet
  facet normal -8.461680e-01 4.642264e-01 2.617130e-01
    outer loop
      vertex   9.295464e+01 9.896374e+01 1.956649e+02
      vertex   9.732009e+01 1.084637e+02 1.929281e+02
      vertex   9.280881e+01 9.896374e+01 1.951934e+02
    endloop
  endfacet
  facet normal -8.493896e-01 4.635245e-01 2.523537e-01
    outer loop
      vertex   9.280881e+01 9.896374e+01 1.951934e+02
      vertex   9.732009e+01 1.084637e+02 1.929281e+02
      vertex   9.717288e+01 1.084637e+02 1.924327e+02
    endloop
  endfacet
  facet normal -8.533770e-01 4.621227e-01 2.412266e-01
    outer loop
      vertex   9.280881e+01 9.896374e+01 1.951934e+02
      vertex   9.717288e+01 1.084637e+02 1.924327e+02
      vertex   9.267440e+01 9.896374e+01 1.947179e+02
    endloop
  endfacet
  facet normal -8.567307e-01 4.612152e-01 2.308528e-01
    outer loop
      vertex   9.267440e+01 9.896374e+01 1.947179e+02
      vertex   9.717288e+01 1.084637e+02 1.924327e+02
      vertex   9.703821e+01 1.084637e+02 1.919329e+02
    endloop
  endfacet
  facet normal -8.601789e-01 4.598008e-01 2.206252e-01
    outer loop
      vertex   9.267440e+01 9.896374e+01 1.947179e+02
      vertex   9.703821e+01 1.084637e+02 1.919329e+02
      vertex   9.255147e+01 9.896374e+01 1.942386e+02
    endloop
  endfacet
  facet normal -8.636259e-01 4.586636e-01 2.092318e-01
    outer loop
      vertex   9.255147e+01 9.896374e+01 1.942386e+02
      vertex   9.703821e+01 1.084637e+02 1.919329e+02
      vertex   9.691616e+01 1.084637e+02 1.914291e+02
    endloop
  endfacet
  facet normal -8.665703e-01 4.572620e-01 1.999185e-01
    outer loop
      vertex   9.255147e+01 9.896374e+01 1.942386e+02
      vertex   9.691616e+01 1.084637e+02 1.914291e+02
      vertex   9.244007e+01 9.896374e+01 1.937557e+02
    endloop
  endfacet
  facet normal -8.700718e-01 4.558708e-01 1.875018e-01
    outer loop
      vertex   9.244007e+01 9.896374e+01 1.937557e+02
      vertex   9.691616e+01 1.084637e+02 1.914291e+02
      vertex   9.680678e+01 1.084637e+02 1.909215e+02
    endloop
  endfacet
  facet normal -8.725482e-01 4.545074e-01 1.791164e-01
    outer loop
      vertex   9.244007e+01 9.896374e+01 1.937557e+02
      vertex   9.680678e+01 1.084637e+02 1.909215e+02
      vertex   9.234026e+01 9.896374e+01 1.932696e+02
    endloop
  endfacet
  facet normal -8.760648e-01 4.528384e-01 1.656741e-01
    outer loop
      vertex   9.234026e+01 9.896374e+01 1.932696e+02
      vertex   9.680678e+01 1.084637e+02 1.909215e+02
      vertex   9.671013e+01 1.084637e+02 1.904105e+02
    endloop
  endfacet
  facet normal -8.781097e-01 4.515384e-01 1.582291e-01
    outer loop
      vertex   9.234026e+01 9.896374e+01 1.932696e+02
      vertex   9.671013e+01 1.084637e+02 1.904105e+02
      vertex   9.225210e+01 9.896374e+01 1.927803e+02
    endloop
  endfacet
  facet normal -8.816019e-01 4.495678e-01 1.437601e-01
    outer loop
      vertex   9.225210e+01 9.896374e+01 1.927803e+02
      vertex   9.671013e+01 1.084637e+02 1.904105e+02
      vertex   9.662627e+01 1.084637e+02 1.898962e+02
    endloop
  endfacet
  facet normal -8.832522e-01 4.483564e-01 1.372664e-01
    outer loop
      vertex   9.225210e+01 9.896374e+01 1.927803e+02
      vertex   9.662627e+01 1.084637e+02 1.898962e+02
      vertex   9.217561e+01 9.896374e+01 1.922881e+02
    endloop
  endfacet
  facet normal -8.866801e-01 4.460608e-01 1.217709e-01
    outer loop
      vertex   9.217561e+01 9.896374e+01 1.922881e+02
      vertex   9.662627e+01 1.084637e+02 1.898962e+02
      vertex   9.655524e+01 1.084637e+02 1.893790e+02
    endloop
  endfacet
  facet normal -8.879733e-01 4.449629e-01 1.162385e-01
    outer loop
      vertex   9.217561e+01 9.896374e+01 1.922881e+02
      vertex   9.655524e+01 1.084637e+02 1.893790e+02
      vertex   9.211084e+01 9.896374e+01 1.917933e+02
    endloop
  endfacet
  facet normal -8.900760e-01 4.433296e-01 1.059414e-01
    outer loop
      vertex   9.211084e+01 9.896374e+01 1.917933e+02
      vertex   9.655524e+01 1.084637e+02 1.893790e+02
      vertex   9.373551e+01 1.024637e+02 1.907968e+02
    endloop
  endfacet
  facet normal -8.923032e-01 4.412934e-01 9.515891e-02
    outer loop
      vertex   9.211084e+01 9.896374e+01 1.917933e+02
      vertex   9.373551e+01 1.024637e+02 1.907968e+02
      vertex   9.205782e+01 9.896374e+01 1.912961e+02
    endloop
  endfacet
  facet normal -8.951333e-01 4.396232e-01 7.394393e-02
    outer loop
      vertex   9.205782e+01 9.896374e+01 1.912961e+02
      vertex   9.373551e+01 1.024637e+02 1.907968e+02
      vertex   9.201657e+01 9.896374e+01 1.907968e+02
    endloop
  endfacet
  facet normal -8.912520e-01 4.424106e-01 9.971312e-02
    outer loop
      vertex   9.655524e+01 1.084637e+02 1.893790e+02
      vertex   9.649707e+01 1.084637e+02 1.888590e+02
      vertex   9.373551e+01 1.024637e+02 1.907968e+02
    endloop
  endfacet
  facet normal -8.933169e-01 4.402850e-01 9.018870e-02
    outer loop
      vertex   9.373551e+01 1.024637e+02 1.907968e+02
      vertex   9.649707e+01 1.084637e+02 1.888590e+02
      vertex   9.367437e+01 1.024637e+02 1.901912e+02
    endloop
  endfacet
  facet normal -8.953902e-01 4.384671e-01 7.760797e-02
    outer loop
      vertex   9.367437e+01 1.024637e+02 1.901912e+02
      vertex   9.649707e+01 1.084637e+02 1.888590e+02
      vertex   9.645180e+01 1.084637e+02 1.883367e+02
    endloop
  endfacet
  facet normal -8.978552e-01 4.355460e-01 6.446571e-02
    outer loop
      vertex   9.367437e+01 1.024637e+02 1.901912e+02
      vertex   9.645180e+01 1.084637e+02 1.883367e+02
      vertex   9.363068e+01 1.024637e+02 1.895826e+02
    endloop
  endfacet
  facet normal -8.990816e-01 4.342534e-01 5.546398e-02
    outer loop
      vertex   9.363068e+01 1.024637e+02 1.895826e+02
      vertex   9.645180e+01 1.084637e+02 1.883367e+02
      vertex   9.641944e+01 1.084637e+02 1.878122e+02
    endloop
  endfacet
  facet normal -9.017407e-01 4.305418e-01 3.869661e-02
    outer loop
      vertex   9.363068e+01 1.024637e+02 1.895826e+02
      vertex   9.641944e+01 1.084637e+02 1.878122e+02
      vertex   9.360445e+01 1.024637e+02 1.889714e+02
    endloop
  endfacet
  facet normal -9.023239e-01 4.297711e-01 3.329116e-02
    outer loop
      vertex   9.360445e+01 1.024637e+02 1.889714e+02
      vertex   9.641944e+01 1.084637e+02 1.878122e+02
      vertex   9.640002e+01 1.084637e+02 1.872858e+02
    endloop
  endfacet
  facet normal -9.049714e-01 4.252768e-01 1.290129e-02
    outer loop
      vertex   9.360445e+01 1.024637e+02 1.889714e+02
      vertex   9.640002e+01 1.084637e+02 1.872858e+02
      vertex   9.359570e+01 1.024637e+02 1.883579e+02
    endloop
  endfacet
  facet normal -9.051150e-01 4.250219e-01 1.109962e-02
    outer loop
      vertex   9.359570e+01 1.024637e+02 1.883579e+02
      vertex   9.640002e+01 1.084637e+02 1.872858e+02
      vertex   9.639355e+01 1.084637e+02 1.867579e+02
    endloop
  endfacet
  facet normal 2.673174e-14 -1.000000e+00 -2.962555e-14
    outer loop
      vertex   1.135485e+02 9.896374e+01 2.100362e+02
      vertex   1.090163e+02 9.896374e+01 2.059468e+02
      vertex   1.140862e+02 9.896374e+01 2.100418e+02
    endloop
  endfacet
  facet normal 0.000000e+00 -1.000000e+00 3.470294e-15
    outer loop
      vertex   1.140862e+02 9.896374e+01 2.100418e+02
      vertex   1.090163e+02 9.896374e+01 2.059468e+02
      vertex   1.193163e+02 9.896374e+01 2.059468e+02
    endloop
  endfacet
  facet normal 0.000000e+00 -1.000000e+00 3.470294e-15
    outer loop
      vertex   1.140862e+02 9.896374e+01 2.100418e+02
      vertex   1.193163e+02 9.896374e+01 2.059468e+02
      vertex   1.199453e+02 9.896374e+01 2.100418e+02
    endloop
  endfacet
  facet normal -1.481209e-14 -1.000000e+00 5.745407e-15
    outer loop
      vertex   1.199453e+02 9.896374e+01 2.100418e+02
      vertex   1.193163e+02 9.896374e+01 2.059468e+02
      vertex   1.208967e+02 9.896374e+01 2.100211e+02
    endloop
  endfacet
  facet normal 0.000000e+00 -1.000000e+00 -0.000000e+00
    outer loop
      vertex   1.208967e+02 9.896374e+01 2.100211e+02
      vertex   1.193163e+02 9.896374e+01 2.059468e+02
      vertex   1.218453e+02 9.896374e+01 2.099593e+02
    endloop
  endfacet
  facet normal 0.000000e+00 -1.000000e+00 -0.000000e+00
    outer loop
      vertex   1.218453e+02 9.896374e+01 2.099593e+02
      vertex   1.193163e+02 9.896374e+01 2.059468e+02
      vertex   1.227894e+02 9.896374e+01 2.098564e+02
    endloop
  endfacet
  facet normal 0.000000e+00 -1.000000e+00 -0.000000e+00
    outer loop
      vertex   1.227894e+02 9.896374e+01 2.098564e+02
      vertex   1.193163e+02 9.896374e+01 2.059468e+02
      vertex   1.237274e+02 9.896374e+01 2.097126e+02
    endloop
  endfacet
  facet normal 0.000000e+00 -1.000000e+00 -0.000000e+00
    outer loop
      vertex   1.237274e+02 9.896374e+01 2.097126e+02
      vertex   1.193163e+02 9.896374e+01 2.059468e+02
      vertex   1.246574e+02 9.896374e+01 2.095282e+02
    endloop
  endfacet
  facet normal 0.000000e+00 -1.000000e+00 -0.000000e+00
    outer loop
      vertex   1.246574e+02 9.896374e+01 2.095282e+02
      vertex   1.193163e+02 9.896374e+01 2.059468e+02
      vertex   1.255781e+02 9.896374e+01 2.093034e+02
    endloop
  endfacet
  facet normal 0.000000e+00 -1.000000e+00 -0.000000e+00
    outer loop
      vertex   1.255781e+02 9.896374e+01 2.093034e+02
      vertex   1.193163e+02 9.896374e+01 2.059468e+02
      vertex   1.264876e+02 9.896374e+01 2.090386e+02
    endloop
  endfacet
  facet normal 0.000000e+00 -1.000000e+00 -0.000000e+00
    outer loop
      vertex   1.264876e+02 9.896374e+01 2.090386e+02
      vertex   1.193163e+02 9.896374e+01 2.059468e+02
      vertex   1.273844e+02 9.896374e+01 2.087345e+02
    endloop
  endfacet
  facet normal 0.000000e+00 -1.000000e+00 -0.000000e+00
    outer loop
      vertex   1.273844e+02 9.896374e+01 2.087345e+02
      vertex   1.193163e+02 9.896374e+01 2.059468e+02
      vertex   1.282668e+02 9.896374e+01 2.083914e+02
    endloop
  endfacet
  facet normal 0.000000e+00 -1.000000e+00 -0.000000e+00
    outer loop
      vertex   1.282668e+02 9.896374e+01 2.083914e+02
      vertex   1.193163e+02 9.896374e+01 2.059468e+02
      vertex   1.291334e+02 9.896374e+01 2.080100e+02
    endloop
  endfacet
  facet normal 0.000000e+00 -1.000000e+00 0.000000e+00
    outer loop
      vertex   1.291334e+02 9.896374e+01 2.080100e+02
      vertex   1.193163e+02 9.896374e+01 2.059468e+02
      vertex   1.193163e+02 9.896374e+01 1.956468e+02
    endloop
  endfacet
  facet normal 0.000000e+00 -1.000000e+00 -0.000000e+00
    outer loop
      vertex   1.291334e+02 9.896374e+01 2.080100e+02
      vertex   1.193163e+02 9.896374e+01 1.956468e+02
      vertex   1.299827e+02 9.896374e+01 2.075909e+02
    endloop
  endfacet
  facet normal 0.000000e+00 -1.000000e+00 -0.000000e+00
    outer loop
      vertex   1.299827e+02 9.896374e+01 2.075909e+02
      vertex   1.193163e+02 9.896374e+01 1.956468e+02
      vertex   1.308130e+02 9.896374e+01 2.071350e+02
    endloop
  endfacet
  facet normal 0.000000e+00 -1.000000e+00 -0.000000e+00
    outer loop
      vertex   1.308130e+02 9.896374e+01 2.071350e+02
      vertex   1.193163e+02 9.896374e+01 1.956468e+02
      vertex   1.316229e+02 9.896374e+01 2.066430e+02
    endloop
  endfacet
  facet normal 0.000000e+00 -1.000000e+00 -0.000000e+00
    outer loop
      vertex   1.316229e+02 9.896374e+01 2.066430e+02
      vertex   1.193163e+02 9.896374e+01 1.956468e+02
      vertex   1.324110e+02 9.896374e+01 2.061157e+02
    endloop
  endfacet
  facet normal 0.000000e+00 -1.000000e+00 -0.000000e+00
    outer loop
      vertex   1.324110e+02 9.896374e+01 2.061157e+02
      vertex   1.193163e+02 9.896374e+01 1.956468e+02
      vertex   1.331759e+02 9.896374e+01 2.055542e+02
    endloop
  endfacet
  facet normal 0.000000e+00 -1.000000e+00 -0.000000e+00
    outer loop
      vertex   1.331759e+02 9.896374e+01 2.055542e+02
      vertex   1.193163e+02 9.896374e+01 1.956468e+02
      vertex   1.339162e+02 9.896374e+01 2.049594e+02
    endloop
  endfacet
  facet normal 0.000000e+00 -1.000000e+00 -0.000000e+00
    outer loop
      vertex   1.339162e+02 9.896374e+01 2.049594e+02
      vertex   1.193163e+02 9.896374e+01 1.956468e+02
      vertex   1.346307e+02 9.896374e+01 2.043323e+02
    endloop
  endfacet
  facet normal 0.000000e+00 -1.000000e+00 -0.000000e+00
    outer loop
      vertex   1.346307e+02 9.896374e+01 2.043323e+02
      vertex   1.193163e+02 9.896374e+01 1.956468e+02
      vertex   1.353180e+02 9.896374e+01 2.036742e+02
    endloop
  endfacet
  facet normal 0.000000e+00 -1.000000e+00 -0.000000e+00
    outer loop
      vertex   1.353180e+02 9.896374e+01 2.036742e+02
      vertex   1.193163e+02 9.896374e+01 1.956468e+02
      vertex   1.467054e+02 9.896374e+01 1.907968e+02
    endloop
  endfacet
  facet normal 0.000000e+00 -1.000000e+00 0.000000e+00
    outer loop
      vertex   1.353180e+02 9.896374e+01 2.036742e+02
      vertex   1.467054e+02 9.896374e+01 1.907968e+02
      vertex   1.590194e+02 9.896374e+01 1.799728e+02
    endloop
  endfacet
  facet normal -0.000000e+00 -1.000000e+00 0.000000e+00
    outer loop
      vertex   1.590194e+02 9.896374e+01 1.799728e+02
      vertex   1.467054e+02 9.896374e+01 1.907968e+02
      vertex   1.508004e+02 9.896374e+01 1.634077e+02
    endloop
  endfacet
  facet normal 0.000000e+00 -1.000000e+00 -0.000000e+00
    outer loop
      vertex   1.590194e+02 9.896374e+01 1.799728e+02
      vertex   1.508004e+02 9.896374e+01 1.634077e+02
      vertex   1.596775e+02 9.896374e+01 1.792855e+02
    endloop
  endfacet
  facet normal 0.000000e+00 -1.000000e+00 -0.000000e+00
    outer loop
      vertex   1.596775e+02 9.896374e+01 1.792855e+02
      vertex   1.508004e+02 9.896374e+01 1.634077e+02
      vertex   1.603046e+02 9.896374e+01 1.785710e+02
    endloop
  endfacet
  facet normal 0.000000e+00 -1.000000e+00 -0.000000e+00
    outer loop
      vertex   1.603046e+02 9.896374e+01 1.785710e+02
      vertex   1.508004e+02 9.896374e+01 1.634077e+02
      vertex   1.608994e+02 9.896374e+01 1.778307e+02
    endloop
  endfacet
  facet normal 0.000000e+00 -1.000000e+00 -0.000000e+00
    outer loop
      vertex   1.608994e+02 9.896374e+01 1.778307e+02
      vertex   1.508004e+02 9.896374e+01 1.634077e+02
      vertex   1.614609e+02 9.896374e+01 1.770658e+02
    endloop
  endfacet
  facet normal 0.000000e+00 -1.000000e+00 -0.000000e+00
    outer loop
      vertex   1.614609e+02 9.896374e+01 1.770658e+02
      vertex   1.508004e+02 9.896374e+01 1.634077e+02
      vertex   1.619882e+02 9.896374e+01 1.762777e+02
    endloop
  endfacet
  facet normal 0.000000e+00 -1.000000e+00 -0.000000e+00
    outer loop
      vertex   1.619882e+02 9.896374e+01 1.762777e+02
      vertex   1.508004e+02 9.896374e+01 1.634077e+02
      vertex   1.624802e+02 9.896374e+01 1.754678e+02
    endloop
  endfacet
  facet normal 0.000000e+00 -1.000000e+00 -0.000000e+00
    outer loop
      vertex   1.624802e+02 9.896374e+01 1.754678e+02
      vertex   1.508004e+02 9.896374e+01 1.634077e+02
      vertex   1.629361e+02 9.896374e+01 1.746375e+02
    endloop
  endfacet
  facet normal 0.000000e+00 -1.000000e+00 -0.000000e+00
    outer loop
      vertex   1.629361e+02 9.896374e+01 1.746375e+02
      vertex   1.508004e+02 9.896374e+01 1.634077e+02
      vertex   1.633552e+02 9.896374e+01 1.737883e+02
    endloop
  endfacet
  facet normal 0.000000e+00 -1.000000e+00 -0.000000e+00
    outer loop
      vertex   1.633552e+02 9.896374e+01 1.737883e+02
      vertex   1.508004e+02 9.896374e+01 1.634077e+02
      vertex   1.637366e+02 9.896374e+01 1.729216e+02
    endloop
  endfacet
  facet normal 0.000000e+00 -1.000000e+00 0.000000e+00
    outer loop
      vertex   1.637366e+02 9.896374e+01 1.729216e+02
      vertex   1.508004e+02 9.896374e+01 1.634077e+02
      vertex   1.611004e+02 9.896374e+01 1.634077e+02
    endloop
  endfacet
  facet normal 0.000000e+00 -1.000000e+00 -0.000000e+00
    outer loop
      vertex   1.637366e+02 9.896374e+01 1.729216e+02
      vertex   1.611004e+02 9.896374e+01 1.634077e+02
      vertex   1.640797e+02 9.896374e+01 1.720392e+02
    endloop
  endfacet
  facet normal 0.000000e+00 -1.000000e+00 -0.000000e+00
    outer loop
      vertex   1.640797e+02 9.896374e+01 1.720392e+02
      vertex   1.611004e+02 9.896374e+01 1.634077e+02
      vertex   1.643838e+02 9.896374e+01 1.711424e+02
    endloop
  endfacet
  facet normal 0.000000e+00 -1.000000e+00 -0.000000e+00
    outer loop
      vertex   1.643838e+02 9.896374e+01 1.711424e+02
      vertex   1.611004e+02 9.896374e+01 1.634077e+02
      vertex   1.646486e+02 9.896374e+01 1.702329e+02
    endloop
  endfacet
  facet normal 0.000000e+00 -1.000000e+00 -0.000000e+00
    outer loop
      vertex   1.646486e+02 9.896374e+01 1.702329e+02
      vertex   1.611004e+02 9.896374e+01 1.634077e+02
      vertex   1.648733e+02 9.896374e+01 1.693122e+02
    endloop
  endfacet
  facet normal 0.000000e+00 -1.000000e+00 -0.000000e+00
    outer loop
      vertex   1.648733e+02 9.896374e+01 1.693122e+02
      vertex   1.611004e+02 9.896374e+01 1.634077e+02
      vertex   1.650578e+02 9.896374e+01 1.683822e+02
    endloop
  endfacet
  facet normal 0.000000e+00 -1.000000e+00 -0.000000e+00
    outer loop
      vertex   1.650578e+02 9.896374e+01 1.683822e+02
      vertex   1.611004e+02 9.896374e+01 1.634077e+02
      vertex   1.652016e+02 9.896374e+01 1.674442e+02
    endloop
  endfacet
  facet normal 0.000000e+00 -1.000000e+00 -0.000000e+00
    outer loop
      vertex   1.652016e+02 9.896374e+01 1.674442e+02
      vertex   1.611004e+02 9.896374e+01 1.634077e+02
      vertex   1.653045e+02 9.896374e+01 1.665001e+02
    endloop
  endfacet
  facet normal 0.000000e+00 -1.000000e+00 -0.000000e+00
    outer loop
      vertex   1.653045e+02 9.896374e+01 1.665001e+02
      vertex   1.611004e+02 9.896374e+01 1.634077e+02
      vertex   1.653663e+02 9.896374e+01 1.655515e+02
    endloop
  endfacet
  facet normal -7.425739e-15 -1.000000e+00 1.477568e-14
    outer loop
      vertex   1.653663e+02 9.896374e+01 1.655515e+02
      vertex   1.611004e+02 9.896374e+01 1.634077e+02
      vertex   1.653870e+02 9.896374e+01 1.646001e+02
    endloop
  endfacet
  facet normal -3.315251e-15 -1.000000e+00 -0.000000e+00
    outer loop
      vertex   1.653870e+02 9.896374e+01 1.646001e+02
      vertex   1.611004e+02 9.896374e+01 1.634077e+02
      vertex   1.653870e+02 9.896374e+01 1.585665e+02
    endloop
  endfacet
  facet normal -3.277772e-15 -1.000000e+00 3.318564e-17
    outer loop
      vertex   1.653870e+02 9.896374e+01 1.585665e+02
      vertex   1.611004e+02 9.896374e+01 1.634077e+02
      vertex   1.653816e+02 9.896374e+01 1.580382e+02
    endloop
  endfacet
  facet normal -3.319393e-15 -1.000000e+00 0.000000e+00
    outer loop
      vertex   1.653816e+02 9.896374e+01 1.580382e+02
      vertex   1.611004e+02 9.896374e+01 1.634077e+02
      vertex   1.611004e+02 9.896374e+01 1.531077e+02
    endloop
  endfacet
  facet normal -3.440050e-15 -1.000000e+00 1.047642e-16
    outer loop
      vertex   1.653816e+02 9.896374e+01 1.580382e+02
      vertex   1.611004e+02 9.896374e+01 1.531077e+02
      vertex   1.653656e+02 9.896374e+01 1.575114e+02
    endloop
  endfacet
  facet normal -3.516731e-15 -1.000000e+00 1.790313e-16
    outer loop
      vertex   1.653656e+02 9.896374e+01 1.575114e+02
      vertex   1.611004e+02 9.896374e+01 1.531077e+02
      vertex   1.653388e+02 9.896374e+01 1.569864e+02
    endloop
  endfacet
  facet normal -3.587666e-15 -1.000000e+00 2.565434e-16
    outer loop
      vertex   1.653388e+02 9.896374e+01 1.569864e+02
      vertex   1.611004e+02 9.896374e+01 1.531077e+02
      vertex   1.653014e+02 9.896374e+01 1.564633e+02
    endloop
  endfacet
  facet normal -3.651904e-15 -1.000000e+00 3.369641e-16
    outer loop
      vertex   1.653014e+02 9.896374e+01 1.564633e+02
      vertex   1.611004e+02 9.896374e+01 1.531077e+02
      vertex   1.652534e+02 9.896374e+01 1.559424e+02
    endloop
  endfacet
  facet normal -3.708501e-15 -1.000000e+00 4.198802e-16
    outer loop
      vertex   1.652534e+02 9.896374e+01 1.559424e+02
      vertex   1.611004e+02 9.896374e+01 1.531077e+02
      vertex   1.651947e+02 9.896374e+01 1.554239e+02
    endloop
  endfacet
  facet normal -3.756546e-15 -1.000000e+00 5.048034e-16
    outer loop
      vertex   1.651947e+02 9.896374e+01 1.554239e+02
      vertex   1.611004e+02 9.896374e+01 1.531077e+02
      vertex   1.651254e+02 9.896374e+01 1.549082e+02
    endloop
  endfacet
  facet normal -3.795184e-15 -1.000000e+00 5.911747e-16
    outer loop
      vertex   1.651254e+02 9.896374e+01 1.549082e+02
      vertex   1.611004e+02 9.896374e+01 1.531077e+02
      vertex   1.650455e+02 9.896374e+01 1.543953e+02
    endloop
  endfacet
  facet normal -3.823646e-15 -1.000000e+00 6.783719e-16
    outer loop
      vertex   1.650455e+02 9.896374e+01 1.543953e+02
      vertex   1.611004e+02 9.896374e+01 1.531077e+02
      vertex   1.649550e+02 9.896374e+01 1.538857e+02
    endloop
  endfacet
  facet normal -3.841276e-15 -1.000000e+00 7.657208e-16
    outer loop
      vertex   1.649550e+02 9.896374e+01 1.538857e+02
      vertex   1.611004e+02 9.896374e+01 1.531077e+02
      vertex   1.648541e+02 9.896374e+01 1.533794e+02
    endloop
  endfacet
  facet normal -3.847558e-15 -1.000000e+00 8.525095e-16
    outer loop
      vertex   1.648541e+02 9.896374e+01 1.533794e+02
      vertex   1.611004e+02 9.896374e+01 1.531077e+02
      vertex   1.647427e+02 9.896374e+01 1.528767e+02
    endloop
  endfacet
  facet normal -3.842137e-15 -1.000000e+00 9.380051e-16
    outer loop
      vertex   1.647427e+02 9.896374e+01 1.528767e+02
      vertex   1.611004e+02 9.896374e+01 1.531077e+02
      vertex   1.646210e+02 9.896374e+01 1.523779e+02
    endloop
  endfacet
  facet normal -3.824836e-15 -1.000000e+00 1.021473e-15
    outer loop
      vertex   1.646210e+02 9.896374e+01 1.523779e+02
      vertex   1.611004e+02 9.896374e+01 1.531077e+02
      vertex   1.644888e+02 9.896374e+01 1.518832e+02
    endloop
  endfacet
  facet normal -3.795665e-15 -1.000000e+00 1.102195e-15
    outer loop
      vertex   1.644888e+02 9.896374e+01 1.518832e+02
      vertex   1.611004e+02 9.896374e+01 1.531077e+02
      vertex   1.643464e+02 9.896374e+01 1.513928e+02
    endloop
  endfacet
  facet normal -3.754828e-15 -1.000000e+00 1.179492e-15
    outer loop
      vertex   1.643464e+02 9.896374e+01 1.513928e+02
      vertex   1.611004e+02 9.896374e+01 1.531077e+02
      vertex   1.641938e+02 9.896374e+01 1.509069e+02
    endloop
  endfacet
  facet normal -3.702717e-15 -1.000000e+00 1.252739e-15
    outer loop
      vertex   1.641938e+02 9.896374e+01 1.509069e+02
      vertex   1.611004e+02 9.896374e+01 1.531077e+02
      vertex   1.640310e+02 9.896374e+01 1.504258e+02
    endloop
  endfacet
  facet normal -3.639897e-15 -1.000000e+00 1.321385e-15
    outer loop
      vertex   1.640310e+02 9.896374e+01 1.504258e+02
      vertex   1.611004e+02 9.896374e+01 1.531077e+02
      vertex   1.638582e+02 9.896374e+01 1.499496e+02
    endloop
  endfacet
  facet normal -3.567093e-15 -1.000000e+00 1.384961e-15
    outer loop
      vertex   1.638582e+02 9.896374e+01 1.499496e+02
      vertex   1.611004e+02 9.896374e+01 1.531077e+02
      vertex   1.636753e+02 9.896374e+01 1.494787e+02
    endloop
  endfacet
  facet normal -3.485163e-15 -1.000000e+00 1.443094e-15
    outer loop
      vertex   1.636753e+02 9.896374e+01 1.494787e+02
      vertex   1.611004e+02 9.896374e+01 1.531077e+02
      vertex   1.634826e+02 9.896374e+01 1.490132e+02
    endloop
  endfacet
  facet normal -3.395067e-15 -1.000000e+00 1.495512e-15
    outer loop
      vertex   1.634826e+02 9.896374e+01 1.490132e+02
      vertex   1.611004e+02 9.896374e+01 1.531077e+02
      vertex   1.632800e+02 9.896374e+01 1.485533e+02
    endloop
  endfacet
  facet normal -3.297842e-15 -1.000000e+00 1.542041e-15
    outer loop
      vertex   1.632800e+02 9.896374e+01 1.485533e+02
      vertex   1.611004e+02 9.896374e+01 1.531077e+02
      vertex   1.630677e+02 9.896374e+01 1.480993e+02
    endloop
  endfacet
  facet normal -3.194567e-15 -1.000000e+00 1.582606e-15
    outer loop
      vertex   1.630677e+02 9.896374e+01 1.480993e+02
      vertex   1.611004e+02 9.896374e+01 1.531077e+02
      vertex   1.628458e+02 9.896374e+01 1.476513e+02
    endloop
  endfacet
  facet normal -3.086338e-15 -1.000000e+00 1.617226e-15
    outer loop
      vertex   1.628458e+02 9.896374e+01 1.476513e+02
      vertex   1.611004e+02 9.896374e+01 1.531077e+02
      vertex   1.626143e+02 9.896374e+01 1.472095e+02
    endloop
  endfacet
  facet normal -2.974234e-15 -1.000000e+00 1.645999e-15
    outer loop
      vertex   1.626143e+02 9.896374e+01 1.472095e+02
      vertex   1.611004e+02 9.896374e+01 1.531077e+02
      vertex   1.623734e+02 9.896374e+01 1.467743e+02
    endloop
  endfacet
  facet normal -2.859298e-15 -1.000000e+00 1.669100e-15
    outer loop
      vertex   1.623734e+02 9.896374e+01 1.467743e+02
      vertex   1.611004e+02 9.896374e+01 1.531077e+02
      vertex   1.621232e+02 9.896374e+01 1.463456e+02
    endloop
  endfacet
  facet normal -2.742519e-15 -1.000000e+00 1.686763e-15
    outer loop
      vertex   1.621232e+02 9.896374e+01 1.463456e+02
      vertex   1.611004e+02 9.896374e+01 1.531077e+02
      vertex   1.618638e+02 9.896374e+01 1.459239e+02
    endloop
  endfacet
  facet normal -2.624811e-15 -1.000000e+00 1.699271e-15
    outer loop
      vertex   1.618638e+02 9.896374e+01 1.459239e+02
      vertex   1.611004e+02 9.896374e+01 1.531077e+02
      vertex   1.615953e+02 9.896374e+01 1.455092e+02
    endloop
  endfacet
  facet normal -2.507009e-15 -1.000000e+00 1.706943e-15
    outer loop
      vertex   1.615953e+02 9.896374e+01 1.455092e+02
      vertex   1.611004e+02 9.896374e+01 1.531077e+02
      vertex   1.613179e+02 9.896374e+01 1.451017e+02
    endloop
  endfacet
  facet normal 0.000000e+00 -1.000000e+00 1.775034e-15
    outer loop
      vertex   1.613179e+02 9.896374e+01 1.451017e+02
      vertex   1.611004e+02 9.896374e+01 1.531077e+02
      vertex   1.508004e+02 9.896374e+01 1.531077e+02
    endloop
  endfacet
  facet normal -8.747121e-16 -1.000000e+00 6.259236e-16
    outer loop
      vertex   1.613179e+02 9.896374e+01 1.451017e+02
      vertex   1.508004e+02 9.896374e+01 1.531077e+02
      vertex   1.610316e+02 9.896374e+01 1.447016e+02
    endloop
  endfacet
  facet normal -8.587004e-16 -1.000000e+00 6.454119e-16
    outer loop
      vertex   1.610316e+02 9.896374e+01 1.447016e+02
      vertex   1.508004e+02 9.896374e+01 1.531077e+02
      vertex   1.607367e+02 9.896374e+01 1.443092e+02
    endloop
  endfacet
  facet normal -8.419234e-16 -1.000000e+00 6.643584e-16
    outer loop
      vertex   1.607367e+02 9.896374e+01 1.443092e+02
      vertex   1.508004e+02 9.896374e+01 1.531077e+02
      vertex   1.604331e+02 9.896374e+01 1.439246e+02
    endloop
  endfacet
  facet normal -8.244089e-16 -1.000000e+00 6.827305e-16
    outer loop
      vertex   1.604331e+02 9.896374e+01 1.439246e+02
      vertex   1.508004e+02 9.896374e+01 1.531077e+02
      vertex   1.601212e+02 9.896374e+01 1.435479e+02
    endloop
  endfacet
  facet normal -8.061867e-16 -1.000000e+00 7.004970e-16
    outer loop
      vertex   1.601212e+02 9.896374e+01 1.435479e+02
      vertex   1.508004e+02 9.896374e+01 1.531077e+02
      vertex   1.598010e+02 9.896374e+01 1.431794e+02
    endloop
  endfacet
  facet normal -7.872888e-16 -1.000000e+00 7.176290e-16
    outer loop
      vertex   1.598010e+02 9.896374e+01 1.431794e+02
      vertex   1.508004e+02 9.896374e+01 1.531077e+02
      vertex   1.594726e+02 9.896374e+01 1.428191e+02
    endloop
  endfacet
  facet normal -7.677490e-16 -1.000000e+00 7.340991e-16
    outer loop
      vertex   1.594726e+02 9.896374e+01 1.428191e+02
      vertex   1.508004e+02 9.896374e+01 1.531077e+02
      vertex   1.591363e+02 9.896374e+01 1.424674e+02
    endloop
  endfacet
  facet normal -7.476027e-16 -1.000000e+00 7.498822e-16
    outer loop
      vertex   1.591363e+02 9.896374e+01 1.424674e+02
      vertex   1.508004e+02 9.896374e+01 1.531077e+02
      vertex   1.587921e+02 9.896374e+01 1.421243e+02
    endloop
  endfacet
  facet normal -7.268869e-16 -1.000000e+00 7.649554e-16
    outer loop
      vertex   1.587921e+02 9.896374e+01 1.421243e+02
      vertex   1.508004e+02 9.896374e+01 1.531077e+02
      vertex   1.584403e+02 9.896374e+01 1.417900e+02
    endloop
  endfacet
  facet normal -7.056399e-16 -1.000000e+00 7.792979e-16
    outer loop
      vertex   1.584403e+02 9.896374e+01 1.417900e+02
      vertex   1.508004e+02 9.896374e+01 1.531077e+02
      vertex   1.580810e+02 9.896374e+01 1.414646e+02
    endloop
  endfacet
  facet normal -6.839013e-16 -1.000000e+00 7.928913e-16
    outer loop
      vertex   1.580810e+02 9.896374e+01 1.414646e+02
      vertex   1.508004e+02 9.896374e+01 1.531077e+02
      vertex   1.577143e+02 9.896374e+01 1.411483e+02
    endloop
  endfacet
  facet normal -6.617113e-16 -1.000000e+00 8.057196e-16
    outer loop
      vertex   1.577143e+02 9.896374e+01 1.411483e+02
      vertex   1.508004e+02 9.896374e+01 1.531077e+02
      vertex   1.573405e+02 9.896374e+01 1.408413e+02
    endloop
  endfacet
  facet normal -6.391112e-16 -1.000000e+00 8.177693e-16
    outer loop
      vertex   1.573405e+02 9.896374e+01 1.408413e+02
      vertex   1.508004e+02 9.896374e+01 1.531077e+02
      vertex   1.569596e+02 9.896374e+01 1.405437e+02
    endloop
  endfacet
  facet normal -6.161424e-16 -1.000000e+00 8.290291e-16
    outer loop
      vertex   1.569596e+02 9.896374e+01 1.405437e+02
      vertex   1.508004e+02 9.896374e+01 1.531077e+02
      vertex   1.565720e+02 9.896374e+01 1.402555e+02
    endloop
  endfacet
  facet normal -5.928470e-16 -1.000000e+00 8.394904e-16
    outer loop
      vertex   1.565720e+02 9.896374e+01 1.402555e+02
      vertex   1.508004e+02 9.896374e+01 1.531077e+02
      vertex   1.561776e+02 9.896374e+01 1.399771e+02
    endloop
  endfacet
  facet normal -5.692670e-16 -1.000000e+00 8.491468e-16
    outer loop
      vertex   1.561776e+02 9.896374e+01 1.399771e+02
      vertex   1.508004e+02 9.896374e+01 1.531077e+02
      vertex   1.557768e+02 9.896374e+01 1.397084e+02
    endloop
  endfacet
  facet normal -5.454443e-16 -1.000000e+00 8.579944e-16
    outer loop
      vertex   1.557768e+02 9.896374e+01 1.397084e+02
      vertex   1.508004e+02 9.896374e+01 1.531077e+02
      vertex   1.553698e+02 9.896374e+01 1.394496e+02
    endloop
  endfacet
  facet normal -5.214207e-16 -1.000000e+00 8.660315e-16
    outer loop
      vertex   1.553698e+02 9.896374e+01 1.394496e+02
      vertex   1.508004e+02 9.896374e+01 1.531077e+02
      vertex   1.549566e+02 9.896374e+01 1.392008e+02
    endloop
  endfacet
  facet normal -4.972373e-16 -1.000000e+00 8.732589e-16
    outer loop
      vertex   1.549566e+02 9.896374e+01 1.392008e+02
      vertex   1.508004e+02 9.896374e+01 1.531077e+02
      vertex   1.545375e+02 9.896374e+01 1.389622e+02
    endloop
  endfacet
  facet normal -4.729347e-16 -1.000000e+00 8.796795e-16
    outer loop
      vertex   1.545375e+02 9.896374e+01 1.389622e+02
      vertex   1.508004e+02 9.896374e+01 1.531077e+02
      vertex   1.541128e+02 9.896374e+01 1.387338e+02
    endloop
  endfacet
  facet normal -4.485527e-16 -1.000000e+00 8.852981e-16
    outer loop
      vertex   1.541128e+02 9.896374e+01 1.387338e+02
      vertex   1.508004e+02 9.896374e+01 1.531077e+02
      vertex   1.536825e+02 9.896374e+01 1.385158e+02
    endloop
  endfacet
  facet normal -4.241302e-16 -1.000000e+00 8.901217e-16
    outer loop
      vertex   1.536825e+02 9.896374e+01 1.385158e+02
      vertex   1.508004e+02 9.896374e+01 1.531077e+02
      vertex   1.532468e+02 9.896374e+01 1.383083e+02
    endloop
  endfacet
  facet normal -3.997051e-16 -1.000000e+00 8.941593e-16
    outer loop
      vertex   1.532468e+02 9.896374e+01 1.383083e+02
      vertex   1.508004e+02 9.896374e+01 1.531077e+02
      vertex   1.528061e+02 9.896374e+01 1.381112e+02
    endloop
  endfacet
  facet normal -3.753139e-16 -1.000000e+00 8.974214e-16
    outer loop
      vertex   1.528061e+02 9.896374e+01 1.381112e+02
      vertex   1.508004e+02 9.896374e+01 1.531077e+02
      vertex   1.523604e+02 9.896374e+01 1.379249e+02
    endloop
  endfacet
  facet normal -3.509919e-16 -1.000000e+00 8.999205e-16
    outer loop
      vertex   1.523604e+02 9.896374e+01 1.379249e+02
      vertex   1.508004e+02 9.896374e+01 1.531077e+02
      vertex   1.519101e+02 9.896374e+01 1.377492e+02
    endloop
  endfacet
  facet normal -3.267730e-16 -1.000000e+00 9.016703e-16
    outer loop
      vertex   1.519101e+02 9.896374e+01 1.377492e+02
      vertex   1.508004e+02 9.896374e+01 1.531077e+02
      vertex   1.514552e+02 9.896374e+01 1.375844e+02
    endloop
  endfacet
  facet normal -3.026897e-16 -1.000000e+00 9.026861e-16
    outer loop
      vertex   1.514552e+02 9.896374e+01 1.375844e+02
      vertex   1.508004e+02 9.896374e+01 1.531077e+02
      vertex   1.509960e+02 9.896374e+01 1.374304e+02
    endloop
  endfacet
  facet normal -2.787728e-16 -1.000000e+00 9.029844e-16
    outer loop
      vertex   1.509960e+02 9.896374e+01 1.374304e+02
      vertex   1.508004e+02 9.896374e+01 1.531077e+02
      vertex   1.505328e+02 9.896374e+01 1.372874e+02
    endloop
  endfacet
  facet normal -2.550518e-16 -1.000000e+00 9.025830e-16
    outer loop
      vertex   1.505328e+02 9.896374e+01 1.372874e+02
      vertex   1.508004e+02 9.896374e+01 1.531077e+02
      vertex   1.500656e+02 9.896374e+01 1.371554e+02
    endloop
  endfacet
  facet normal -2.315541e-16 -1.000000e+00 9.015006e-16
    outer loop
      vertex   1.500656e+02 9.896374e+01 1.371554e+02
      vertex   1.508004e+02 9.896374e+01 1.531077e+02
      vertex   1.495948e+02 9.896374e+01 1.370344e+02
    endloop
  endfacet
  facet normal 1.178720e-14 -1.000000e+00 0.000000e+00
    outer loop
      vertex   1.495948e+02 9.896374e+01 1.370344e+02
      vertex   1.508004e+02 9.896374e+01 1.531077e+02
      vertex   1.508004e+02 9.896374e+01 1.634077e+02
    endloop
  endfacet
  facet normal -1.260823e-16 -1.000000e+00 5.446002e-16
    outer loop
      vertex   1.495948e+02 9.896374e+01 1.370344e+02
      vertex   1.508004e+02 9.896374e+01 1.634077e+02
      vertex   1.491206e+02 9.896374e+01 1.369246e+02
    endloop
  endfacet
  facet normal -1.122940e-16 -1.000000e+00 5.437256e-16
    outer loop
      vertex   1.491206e+02 9.896374e+01 1.369246e+02
      vertex   1.508004e+02 9.896374e+01 1.634077e+02
      vertex   1.486431e+02 9.896374e+01 1.368260e+02
    endloop
  endfacet
  facet normal -9.868336e-17 -1.000000e+00 5.426210e-16
    outer loop
      vertex   1.486431e+02 9.896374e+01 1.368260e+02
      vertex   1.508004e+02 9.896374e+01 1.634077e+02
      vertex   1.481627e+02 9.896374e+01 1.367387e+02
    endloop
  endfacet
  facet normal -8.525201e-17 -1.000000e+00 5.412925e-16
    outer loop
      vertex   1.481627e+02 9.896374e+01 1.367387e+02
      vertex   1.508004e+02 9.896374e+01 1.634077e+02
      vertex   1.476794e+02 9.896374e+01 1.366625e+02
    endloop
  endfacet
  facet normal -7.200116e-17 -1.000000e+00 5.397462e-16
    outer loop
      vertex   1.476794e+02 9.896374e+01 1.366625e+02
      vertex   1.508004e+02 9.896374e+01 1.634077e+02
      vertex   1.471936e+02 9.896374e+01 1.365977e+02
    endloop
  endfacet
  facet normal -2.960581e-14 -1.000000e+00 4.513049e-15
    outer loop
      vertex   1.471936e+02 9.896374e+01 1.365977e+02
      vertex   1.508004e+02 9.896374e+01 1.634077e+02
      vertex   1.467054e+02 9.896374e+01 1.365443e+02
    endloop
  endfacet
  facet normal 0.000000e+00 -1.000000e+00 0.000000e+00
    outer loop
      vertex   1.467054e+02 9.896374e+01 1.365443e+02
      vertex   1.508004e+02 9.896374e+01 1.634077e+02
      vertex   1.467054e+02 9.896374e+01 1.907968e+02
    endloop
  endfacet
  facet normal 0.000000e+00 -1.000000e+00 0.000000e+00
    outer loop
      vertex   1.135485e+02 9.896374e+01 2.100362e+02
      vertex   1.130123e+02 9.896374e+01 2.100196e+02
      vertex   1.090163e+02 9.896374e+01 2.059468e+02
    endloop
  endfacet
  facet normal 0.000000e+00 -1.000000e+00 0.000000e+00
    outer loop
      vertex   1.090163e+02 9.896374e+01 2.059468e+02
      vertex   1.130123e+02 9.896374e+01 2.100196e+02
      vertex   1.124779e+02 9.896374e+01 2.099919e+02
    endloop
  endfacet
  facet normal 0.000000e+00 -1.000000e+00 0.000000e+00
    outer loop
      vertex   1.090163e+02 9.896374e+01 2.059468e+02
      vertex   1.124779e+02 9.896374e+01 2.099919e+02
      vertex   1.119455e+02 9.896374e+01 2.099531e+02
    endloop
  endfacet
  facet normal 0.000000e+00 -1.000000e+00 0.000000e+00
    outer loop
      vertex   1.119455e+02 9.896374e+01 2.099531e+02
      vertex   1.114155e+02 9.896374e+01 2.099033e+02
      vertex   1.090163e+02 9.896374e+01 2.059468e+02
    endloop
  endfacet
  facet normal 0.000000e+00 -1.000000e+00 0.000000e+00
    outer loop
      vertex   1.090163e+02 9.896374e+01 2.059468e+02
      vertex   1.114155e+02 9.896374e+01 2.099033e+02
      vertex   1.108880e+02 9.896374e+01 2.098425e+02
    endloop
  endfacet
  facet normal 0.000000e+00 -1.000000e+00 0.000000e+00
    outer loop
      vertex   1.090163e+02 9.896374e+01 2.059468e+02
      vertex   1.108880e+02 9.896374e+01 2.098425e+02
      vertex   1.103633e+02 9.896374e+01 2.097707e+02
    endloop
  endfacet
  facet normal 0.000000e+00 -1.000000e+00 0.000000e+00
    outer loop
      vertex   1.103633e+02 9.896374e+01 2.097707e+02
      vertex   1.098417e+02 9.896374e+01 2.096879e+02
      vertex   1.090163e+02 9.896374e+01 2.059468e+02
    endloop
  endfacet
  facet normal 0.000000e+00 -1.000000e+00 0.000000e+00
    outer loop
      vertex   1.090163e+02 9.896374e+01 2.059468e+02
      vertex   1.098417e+02 9.896374e+01 2.096879e+02
      vertex   1.093233e+02 9.896374e+01 2.095943e+02
    endloop
  endfacet
  facet normal 0.000000e+00 -1.000000e+00 0.000000e+00
    outer loop
      vertex   1.090163e+02 9.896374e+01 2.059468e+02
      vertex   1.093233e+02 9.896374e+01 2.095943e+02
      vertex   1.088086e+02 9.896374e+01 2.094897e+02
    endloop
  endfacet
  facet normal 0.000000e+00 -1.000000e+00 -0.000000e+00
    outer loop
      vertex   1.088086e+02 9.896374e+01 2.094897e+02
      vertex   1.082976e+02 9.896374e+01 2.093743e+02
      vertex   1.090163e+02 9.896374e+01 2.059468e+02
    endloop
  endfacet
  facet normal 0.000000e+00 -1.000000e+00 0.000000e+00
    outer loop
      vertex   1.090163e+02 9.896374e+01 2.059468e+02
      vertex   1.082976e+02 9.896374e+01 2.093743e+02
      vertex   1.077907e+02 9.896374e+01 2.092482e+02
    endloop
  endfacet
  facet normal 0.000000e+00 -1.000000e+00 0.000000e+00
    outer loop
      vertex   1.090163e+02 9.896374e+01 2.059468e+02
      vertex   1.077907e+02 9.896374e+01 2.092482e+02
      vertex   1.072880e+02 9.896374e+01 2.091113e+02
    endloop
  endfacet
  facet normal 0.000000e+00 -1.000000e+00 -0.000000e+00
    outer loop
      vertex   1.072880e+02 9.896374e+01 2.091113e+02
      vertex   1.067899e+02 9.896374e+01 2.089638e+02
      vertex   1.090163e+02 9.896374e+01 2.059468e+02
    endloop
  endfacet
  facet normal 0.000000e+00 -1.000000e+00 0.000000e+00
    outer loop
      vertex   1.090163e+02 9.896374e+01 2.059468e+02
      vertex   1.067899e+02 9.896374e+01 2.089638e+02
      vertex   1.062966e+02 9.896374e+01 2.088058e+02
    endloop
  endfacet
  facet normal 0.000000e+00 -1.000000e+00 0.000000e+00
    outer loop
      vertex   1.090163e+02 9.896374e+01 2.059468e+02
      vertex   1.062966e+02 9.896374e+01 2.088058e+02
      vertex   1.058082e+02 9.896374e+01 2.086372e+02
    endloop
  endfacet
  facet normal 0.000000e+00 -1.000000e+00 -0.000000e+00
    outer loop
      vertex   1.058082e+02 9.896374e+01 2.086372e+02
      vertex   1.053251e+02 9.896374e+01 2.084582e+02
      vertex   1.090163e+02 9.896374e+01 2.059468e+02
    endloop
  endfacet
  facet normal 0.000000e+00 -1.000000e+00 0.000000e+00
    outer loop
      vertex   1.090163e+02 9.896374e+01 2.059468e+02
      vertex   1.053251e+02 9.896374e+01 2.084582e+02
      vertex   1.048474e+02 9.896374e+01 2.082689e+02
    endloop
  endfacet
  facet normal 0.000000e+00 -1.000000e+00 0.000000e+00
    outer loop
      vertex   1.090163e+02 9.896374e+01 2.059468e+02
      vertex   1.048474e+02 9.896374e+01 2.082689e+02
      vertex   1.043754e+02 9.896374e+01 2.080694e+02
    endloop
  endfacet
  facet normal 0.000000e+00 -1.000000e+00 -0.000000e+00
    outer loop
      vertex   1.043754e+02 9.896374e+01 2.080694e+02
      vertex   1.039093e+02 9.896374e+01 2.078597e+02
      vertex   1.090163e+02 9.896374e+01 2.059468e+02
    endloop
  endfacet
  facet normal 0.000000e+00 -1.000000e+00 0.000000e+00
    outer loop
      vertex   1.090163e+02 9.896374e+01 2.059468e+02
      vertex   1.039093e+02 9.896374e+01 2.078597e+02
      vertex   1.034494e+02 9.896374e+01 2.076400e+02
    endloop
  endfacet
  facet normal 0.000000e+00 -1.000000e+00 0.000000e+00
    outer loop
      vertex   1.090163e+02 9.896374e+01 2.059468e+02
      vertex   1.034494e+02 9.896374e+01 2.076400e+02
      vertex   1.029958e+02 9.896374e+01 2.074103e+02
    endloop
  endfacet
  facet normal 0.000000e+00 -1.000000e+00 -0.000000e+00
    outer loop
      vertex   1.029958e+02 9.896374e+01 2.074103e+02
      vertex   1.025487e+02 9.896374e+01 2.071708e+02
      vertex   1.090163e+02 9.896374e+01 2.059468e+02
    endloop
  endfacet
  facet normal 0.000000e+00 -1.000000e+00 0.000000e+00
    outer loop
      vertex   1.090163e+02 9.896374e+01 2.059468e+02
      vertex   1.025487e+02 9.896374e+01 2.071708e+02
      vertex   1.021085e+02 9.896374e+01 2.069215e+02
    endloop
  endfacet
  facet normal 0.000000e+00 -1.000000e+00 0.000000e+00
    outer loop
      vertex   1.090163e+02 9.896374e+01 2.059468e+02
      vertex   1.021085e+02 9.896374e+01 2.069215e+02
      vertex   1.016752e+02 9.896374e+01 2.066627e+02
    endloop
  endfacet
  facet normal 0.000000e+00 -1.000000e+00 -0.000000e+00
    outer loop
      vertex   1.016752e+02 9.896374e+01 2.066627e+02
      vertex   1.012491e+02 9.896374e+01 2.063944e+02
      vertex   1.090163e+02 9.896374e+01 2.059468e+02
    endloop
  endfacet
  facet normal -0.000000e+00 -1.000000e+00 -0.000000e+00
    outer loop
      vertex   1.090163e+02 9.896374e+01 2.059468e+02
      vertex   1.012491e+02 9.896374e+01 2.063944e+02
      vertex   1.090163e+02 9.896374e+01 1.956468e+02
    endloop
  endfacet
  facet normal 0.000000e+00 -1.000000e+00 0.000000e+00
    outer loop
      vertex   1.090163e+02 9.896374e+01 1.956468e+02
      vertex   1.012491e+02 9.896374e+01 2.063944e+02
      vertex   1.008305e+02 9.896374e+01 2.061168e+02
    endloop
  endfacet
  facet normal 0.000000e+00 -1.000000e+00 0.000000e+00
    outer loop
      vertex   1.090163e+02 9.896374e+01 1.956468e+02
      vertex   1.008305e+02 9.896374e+01 2.061168e+02
      vertex   1.004194e+02 9.896374e+01 2.058299e+02
    endloop
  endfacet
  facet normal 0.000000e+00 -1.000000e+00 -0.000000e+00
    outer loop
      vertex   1.004194e+02 9.896374e+01 2.058299e+02
      vertex   1.000161e+02 9.896374e+01 2.055339e+02
      vertex   1.090163e+02 9.896374e+01 1.956468e+02
    endloop
  endfacet
  facet normal 0.000000e+00 -1.000000e+00 0.000000e+00
    outer loop
      vertex   1.090163e+02 9.896374e+01 1.956468e+02
      vertex   1.000161e+02 9.896374e+01 2.055339e+02
      vertex   9.962079e+01 9.896374e+01 2.052291e+02
    endloop
  endfacet
  facet normal 0.000000e+00 -1.000000e+00 0.000000e+00
    outer loop
      vertex   1.090163e+02 9.896374e+01 1.956468e+02
      vertex   9.962079e+01 9.896374e+01 2.052291e+02
      vertex   9.923366e+01 9.896374e+01 2.049154e+02
    endloop
  endfacet
  facet normal 0.000000e+00 -1.000000e+00 -0.000000e+00
    outer loop
      vertex   9.923366e+01 9.896374e+01 2.049154e+02
      vertex   9.885488e+01 9.896374e+01 2.045930e+02
      vertex   1.090163e+02 9.896374e+01 1.956468e+02
    endloop
  endfacet
  facet normal 0.000000e+00 -1.000000e+00 0.000000e+00
    outer loop
      vertex   1.090163e+02 9.896374e+01 1.956468e+02
      vertex   9.885488e+01 9.896374e+01 2.045930e+02
      vertex   9.848465e+01 9.896374e+01 2.042622e+02
    endloop
  endfacet
  facet normal 0.000000e+00 -1.000000e+00 0.000000e+00
    outer loop
      vertex   1.090163e+02 9.896374e+01 1.956468e+02
      vertex   9.848465e+01 9.896374e+01 2.042622e+02
      vertex   9.812313e+01 9.896374e+01 2.039231e+02
    endloop
  endfacet
  facet normal 0.000000e+00 -1.000000e+00 -0.000000e+00
    outer loop
      vertex   9.812313e+01 9.896374e+01 2.039231e+02
      vertex   9.777049e+01 9.896374e+01 2.035758e+02
      vertex   1.090163e+02 9.896374e+01 1.956468e+02
    endloop
  endfacet
  facet normal 0.000000e+00 -1.000000e+00 0.000000e+00
    outer loop
      vertex   1.090163e+02 9.896374e+01 1.956468e+02
      vertex   9.777049e+01 9.896374e+01 2.035758e+02
      vertex   9.742691e+01 9.896374e+01 2.032204e+02
    endloop
  endfacet
  facet normal 0.000000e+00 -1.000000e+00 0.000000e+00
    outer loop
      vertex   1.090163e+02 9.896374e+01 1.956468e+02
      vertex   9.742691e+01 9.896374e+01 2.032204e+02
      vertex   9.709254e+01 9.896374e+01 2.028573e+02
    endloop
  endfacet
  facet normal 0.000000e+00 -1.000000e+00 -0.000000e+00
    outer loop
      vertex   9.709254e+01 9.896374e+01 2.028573e+02
      vertex   9.676755e+01 9.896374e+01 2.024864e+02
      vertex   1.090163e+02 9.896374e+01 1.956468e+02
    endloop
  endfacet
  facet normal 0.000000e+00 -1.000000e+00 0.000000e+00
    outer loop
      vertex   1.090163e+02 9.896374e+01 1.956468e+02
      vertex   9.676755e+01 9.896374e+01 2.024864e+02
      vertex   9.645209e+01 9.896374e+01 2.021081e+02
    endloop
  endfacet
  facet normal 0.000000e+00 -1.000000e+00 0.000000e+00
    outer loop
      vertex   1.090163e+02 9.896374e+01 1.956468e+02
      vertex   9.645209e+01 9.896374e+01 2.021081e+02
      vertex   9.614631e+01 9.896374e+01 2.017225e+02
    endloop
  endfacet
  facet normal 0.000000e+00 -1.000000e+00 -0.000000e+00
    outer loop
      vertex   9.614631e+01 9.896374e+01 2.017225e+02
      vertex   9.585036e+01 9.896374e+01 2.013297e+02
      vertex   1.090163e+02 9.896374e+01 1.956468e+02
    endloop
  endfacet
  facet normal 0.000000e+00 -1.000000e+00 0.000000e+00
    outer loop
      vertex   1.090163e+02 9.896374e+01 1.956468e+02
      vertex   9.585036e+01 9.896374e+01 2.013297e+02
      vertex   9.556438e+01 9.896374e+01 2.009300e+02
    endloop
  endfacet
  facet normal 0.000000e+00 -1.000000e+00 0.000000e+00
    outer loop
      vertex   1.090163e+02 9.896374e+01 1.956468e+02
      vertex   9.556438e+01 9.896374e+01 2.009300e+02
      vertex   9.528849e+01 9.896374e+01 2.005236e+02
    endloop
  endfacet
  facet normal 0.000000e+00 -1.000000e+00 -0.000000e+00
    outer loop
      vertex   9.528849e+01 9.896374e+01 2.005236e+02
      vertex   9.502285e+01 9.896374e+01 2.001106e+02
      vertex   1.090163e+02 9.896374e+01 1.956468e+02
    endloop
  endfacet
  facet normal 0.000000e+00 -1.000000e+00 0.000000e+00
    outer loop
      vertex   1.090163e+02 9.896374e+01 1.956468e+02
      vertex   9.502285e+01 9.896374e+01 2.001106e+02
      vertex   9.476756e+01 9.896374e+01 1.996913e+02
    endloop
  endfacet
  facet normal 0.000000e+00 -1.000000e+00 0.000000e+00
    outer loop
      vertex   1.090163e+02 9.896374e+01 1.956468e+02
      vertex   9.476756e+01 9.896374e+01 1.996913e+02
      vertex   9.452276e+01 9.896374e+01 1.992657e+02
    endloop
  endfacet
  facet normal 0.000000e+00 -1.000000e+00 -0.000000e+00
    outer loop
      vertex   9.452276e+01 9.896374e+01 1.992657e+02
      vertex   9.428856e+01 9.896374e+01 1.988343e+02
      vertex   1.090163e+02 9.896374e+01 1.956468e+02
    endloop
  endfacet
  facet normal 0.000000e+00 -1.000000e+00 0.000000e+00
    outer loop
      vertex   1.090163e+02 9.896374e+01 1.956468e+02
      vertex   9.428856e+01 9.896374e+01 1.988343e+02
      vertex   9.406507e+01 9.896374e+01 1.983971e+02
    endloop
  endfacet
  facet normal 0.000000e+00 -1.000000e+00 0.000000e+00
    outer loop
      vertex   1.090163e+02 9.896374e+01 1.956468e+02
      vertex   9.406507e+01 9.896374e+01 1.983971e+02
      vertex   9.385239e+01 9.896374e+01 1.979543e+02
    endloop
  endfacet
  facet normal 0.000000e+00 -1.000000e+00 -0.000000e+00
    outer loop
      vertex   9.385239e+01 9.896374e+01 1.979543e+02
      vertex   9.365064e+01 9.896374e+01 1.975062e+02
      vertex   1.090163e+02 9.896374e+01 1.956468e+02
    endloop
  endfacet
  facet normal 0.000000e+00 -1.000000e+00 0.000000e+00
    outer loop
      vertex   1.090163e+02 9.896374e+01 1.956468e+02
      vertex   9.365064e+01 9.896374e+01 1.975062e+02
      vertex   9.345990e+01 9.896374e+01 1.970530e+02
    endloop
  endfacet
  facet normal 0.000000e+00 -1.000000e+00 0.000000e+00
    outer loop
      vertex   1.090163e+02 9.896374e+01 1.956468e+02
      vertex   9.345990e+01 9.896374e+01 1.970530e+02
      vertex   9.328026e+01 9.896374e+01 1.965949e+02
    endloop
  endfacet
  facet normal 0.000000e+00 -1.000000e+00 -0.000000e+00
    outer loop
      vertex   9.328026e+01 9.896374e+01 1.965949e+02
      vertex   9.311182e+01 9.896374e+01 1.961322e+02
      vertex   1.090163e+02 9.896374e+01 1.956468e+02
    endloop
  endfacet
  facet normal 0.000000e+00 -1.000000e+00 0.000000e+00
    outer loop
      vertex   1.090163e+02 9.896374e+01 1.956468e+02
      vertex   9.311182e+01 9.896374e+01 1.961322e+02
      vertex   9.295464e+01 9.896374e+01 1.956649e+02
    endloop
  endfacet
  facet normal -0.000000e+00 -1.000000e+00 0.000000e+00
    outer loop
      vertex   1.090163e+02 9.896374e+01 1.956468e+02
      vertex   9.295464e+01 9.896374e+01 1.956649e+02
      vertex   9.280881e+01 9.896374e+01 1.951934e+02
    endloop
  endfacet
  facet normal 0.000000e+00 -1.000000e+00 -0.000000e+00
    outer loop
      vertex   9.280881e+01 9.896374e+01 1.951934e+02
      vertex   9.267440e+01 9.896374e+01 1.947179e+02
      vertex   1.090163e+02 9.896374e+01 1.956468e+02
    endloop
  endfacet
  facet normal 0.000000e+00 -1.000000e+00 0.000000e+00
    outer loop
      vertex   1.090163e+02 9.896374e+01 1.956468e+02
      vertex   9.267440e+01 9.896374e+01 1.947179e+02
      vertex   9.255147e+01 9.896374e+01 1.942386e+02
    endloop
  endfacet
  facet normal 0.000000e+00 -1.000000e+00 0.000000e+00
    outer loop
      vertex   1.090163e+02 9.896374e+01 1.956468e+02
      vertex   9.255147e+01 9.896374e+01 1.942386e+02
      vertex   9.244007e+01 9.896374e+01 1.937557e+02
    endloop
  endfacet
  facet normal 0.000000e+00 -1.000000e+00 -0.000000e+00
    outer loop
      vertex   9.244007e+01 9.896374e+01 1.937557e+02
      vertex   9.234026e+01 9.896374e+01 1.932696e+02
      vertex   1.090163e+02 9.896374e+01 1.956468e+02
    endloop
  endfacet
  facet normal 0.000000e+00 -1.000000e+00 0.000000e+00
    outer loop
      vertex   1.090163e+02 9.896374e+01 1.956468e+02
      vertex   9.234026e+01 9.896374e+01 1.932696e+02
      vertex   9.225210e+01 9.896374e+01 1.927803e+02
    endloop
  endfacet
  facet normal 0.000000e+00 -1.000000e+00 0.000000e+00
    outer loop
      vertex   1.090163e+02 9.896374e+01 1.956468e+02
      vertex   9.225210e+01 9.896374e+01 1.927803e+02
      vertex   9.217561e+01 9.896374e+01 1.922881e+02
    endloop
  endfacet
  facet normal 0.000000e+00 -1.000000e+00 -0.000000e+00
    outer loop
      vertex   9.217561e+01 9.896374e+01 1.922881e+02
      vertex   9.211084e+01 9.896374e+01 1.917933e+02
      vertex   1.090163e+02 9.896374e+01 1.956468e+02
    endloop
  endfacet
  facet normal 0.000000e+00 -1.000000e+00 0.000000e+00
    outer loop
      vertex   1.090163e+02 9.896374e+01 1.956468e+02
      vertex   9.211084e+01 9.896374e+01 1.917933e+02
      vertex   9.205782e+01 9.896374e+01 1.912961e+02
    endloop
  endfacet
  facet normal 0.000000e+00 -1.000000e+00 0.000000e+00
    outer loop
      vertex   1.090163e+02 9.896374e+01 1.956468e+02
      vertex   9.205782e+01 9.896374e+01 1.912961e+02
      vertex   9.201657e+01 9.896374e+01 1.907968e+02
    endloop
  endfacet
  facet normal 0.000000e+00 -1.000000e+00 -0.000000e+00
    outer loop
      vertex   1.090163e+02 9.896374e+01 1.956468e+02
      vertex   9.201657e+01 9.896374e+01 1.907968e+02
      vertex   1.193163e+02 9.896374e+01 1.956468e+02
    endloop
  endfacet
  facet normal 0.000000e+00 -1.000000e+00 -0.000000e+00
    outer loop
      vertex   1.193163e+02 9.896374e+01 1.956468e+02
      vertex   9.201657e+01 9.896374e+01 1.907968e+02
      vertex   1.467054e+02 9.896374e+01 1.907968e+02
    endloop
  endfacet
  facet normal -3.637887e-14 1.786661e-14 -1.000000e+00
    outer loop
      vertex   9.201657e+01 9.896374e+01 1.907968e+02
      vertex   9.373551e+01 1.024637e+02 1.907968e+02
      vertex   1.467054e+02 9.896374e+01 1.907968e+02
    endloop
  endfacet
  facet normal -3.755941e-14 0.000000e+00 -1.000000e+00
    outer loop
      vertex   1.467054e+02 9.896374e+01 1.907968e+02
      vertex   9.373551e+01 1.024637e+02 1.907968e+02
      vertex   1.467054e+02 1.024637e+02 1.907968e+02
    endloop
  endfacet
  facet normal -0.000000e+00 -1.000000e+00 0.000000e+00
    outer loop
      vertex   1.294133e+02 1.024637e+02 1.573932e+02
      vertex   1.153723e+02 1.024637e+02 1.573932e+02
      vertex   1.293928e+02 1.024637e+02 1.569886e+02
    endloop
  endfacet
  facet normal 0.000000e+00 -1.000000e+00 0.000000e+00
    outer loop
      vertex   1.293928e+02 1.024637e+02 1.569886e+02
      vertex   1.153723e+02 1.024637e+02 1.573932e+02
      vertex   1.153928e+02 1.024637e+02 1.569886e+02
    endloop
  endfacet
  facet normal -0.000000e+00 -1.000000e+00 -0.000000e+00
    outer loop
      vertex   1.293928e+02 1.024637e+02 1.569886e+02
      vertex   1.153928e+02 1.024637e+02 1.569886e+02
      vertex   1.294133e+02 1.024637e+02 1.565839e+02
    endloop
  endfacet
  facet normal 0.000000e+00 -1.000000e+00 0.000000e+00
    outer loop
      vertex   1.294133e+02 1.024637e+02 1.565839e+02
      vertex   1.153928e+02 1.024637e+02 1.569886e+02
      vertex   1.153723e+02 1.024637e+02 1.565839e+02
    endloop
  endfacet
  facet normal -0.000000e+00 -1.000000e+00 -0.000000e+00
    outer loop
      vertex   1.294133e+02 1.024637e+02 1.565839e+02
      vertex   1.153723e+02 1.024637e+02 1.565839e+02
      vertex   1.294747e+02 1.024637e+02 1.561834e+02
    endloop
  endfacet
  facet normal 0.000000e+00 -1.000000e+00 0.000000e+00
    outer loop
      vertex   1.294747e+02 1.024637e+02 1.561834e+02
      vertex   1.153723e+02 1.024637e+02 1.565839e+02
      vertex   1.153109e+02 1.024637e+02 1.561834e+02
    endloop
  endfacet
  facet normal -0.000000e+00 -1.000000e+00 -0.000000e+00
    outer loop
      vertex   1.294747e+02 1.024637e+02 1.561834e+02
      vertex   1.153109e+02 1.024637e+02 1.561834e+02
      vertex   1.295762e+02 1.024637e+02 1.557911e+02
    endloop
  endfacet
  facet normal 0.000000e+00 -1.000000e+00 0.000000e+00
    outer loop
      vertex   1.295762e+02 1.024637e+02 1.557911e+02
      vertex   1.153109e+02 1.024637e+02 1.561834e+02
      vertex   1.152094e+02 1.024637e+02 1.557911e+02
    endloop
  endfacet
  facet normal -0.000000e+00 -1.000000e+00 -0.000000e+00
    outer loop
      vertex   1.295762e+02 1.024637e+02 1.557911e+02
      vertex   1.152094e+02 1.024637e+02 1.557911e+02
      vertex   1.297170e+02 1.024637e+02 1.554111e+02
    endloop
  endfacet
  facet normal 0.000000e+00 -1.000000e+00 0.000000e+00
    outer loop
      vertex   1.297170e+02 1.024637e+02 1.554111e+02
      vertex   1.152094e+02 1.024637e+02 1.557911e+02
      vertex   1.150686e+02 1.024637e+02 1.554111e+02
    endloop
  endfacet
  facet normal -0.000000e+00 -1.000000e+00 -0.000000e+00
    outer loop
      vertex   1.297170e+02 1.024637e+02 1.554111e+02
      vertex   1.150686e+02 1.024637e+02 1.554111e+02
      vertex   1.298954e+02 1.024637e+02 1.550474e+02
    endloop
  endfacet
  facet normal 0.000000e+00 -1.000000e+00 0.000000e+00
    outer loop
      vertex   1.298954e+02 1.024637e+02 1.550474e+02
      vertex   1.150686e+02 1.024637e+02 1.554111e+02
      vertex   1.148902e+02 1.024637e+02 1.550474e+02
    endloop
  endfacet
  facet normal -0.000000e+00 -1.000000e+00 -0.000000e+00
    outer loop
      vertex   1.298954e+02 1.024637e+02 1.550474e+02
      vertex   1.148902e+02 1.024637e+02 1.550474e+02
      vertex   1.301097e+02 1.024637e+02 1.547035e+02
    endloop
  endfacet
  facet normal 0.000000e+00 -1.000000e+00 0.000000e+00
    outer loop
      vertex   1.301097e+02 1.024637e+02 1.547035e+02
      vertex   1.148902e+02 1.024637e+02 1.550474e+02
      vertex   1.146759e+02 1.024637e+02 1.547035e+02
    endloop
  endfacet
  facet normal -0.000000e+00 -1.000000e+00 -0.000000e+00
    outer loop
      vertex   1.301097e+02 1.024637e+02 1.547035e+02
      vertex   1.146759e+02 1.024637e+02 1.547035e+02
      vertex   1.303578e+02 1.024637e+02 1.543831e+02
    endloop
  endfacet
  facet normal 0.000000e+00 -1.000000e+00 0.000000e+00
    outer loop
      vertex   1.303578e+02 1.024637e+02 1.543831e+02
      vertex   1.146759e+02 1.024637e+02 1.547035e+02
      vertex   1.144278e+02 1.024637e+02 1.543831e+02
    endloop
  endfacet
  facet normal -0.000000e+00 -1.000000e+00 -0.000000e+00
    outer loop
      vertex   1.303578e+02 1.024637e+02 1.543831e+02
      vertex   1.144278e+02 1.024637e+02 1.543831e+02
      vertex   1.306369e+02 1.024637e+02 1.540894e+02
    endloop
  endfacet
  facet normal 0.000000e+00 -1.000000e+00 0.000000e+00
    outer loop
      vertex   1.306369e+02 1.024637e+02 1.540894e+02
      vertex   1.144278e+02 1.024637e+02 1.543831e+02
      vertex   1.141487e+02 1.024637e+02 1.540894e+02
    endloop
  endfacet
  facet normal -0.000000e+00 -1.000000e+00 0.000000e+00
    outer loop
      vertex   1.306369e+02 1.024637e+02 1.540894e+02
      vertex   1.141487e+02 1.024637e+02 1.540894e+02
      vertex   1.139876e+02 1.024637e+02 1.380760e+02
    endloop
  endfacet
  facet normal 0.000000e+00 -1.000000e+00 0.000000e+00
    outer loop
      vertex   1.139876e+02 1.024637e+02 1.380760e+02
      vertex   1.141487e+02 1.024637e+02 1.540894e+02
      vertex   1.138412e+02 1.024637e+02 1.538255e+02
    endloop
  endfacet
  facet normal 0.000000e+00 -1.000000e+00 0.000000e+00
    outer loop
      vertex   1.139876e+02 1.024637e+02 1.380760e+02
      vertex   1.138412e+02 1.024637e+02 1.538255e+02
      vertex   1.135087e+02 1.024637e+02 1.535940e+02
    endloop
  endfacet
  facet normal 0.000000e+00 -1.000000e+00 0.000000e+00
    outer loop
      vertex   1.153723e+02 1.024637e+02 1.573932e+02
      vertex   1.294133e+02 1.024637e+02 1.573932e+02
      vertex   1.153109e+02 1.024637e+02 1.577938e+02
    endloop
  endfacet
  facet normal 0.000000e+00 -1.000000e+00 0.000000e+00
    outer loop
      vertex   1.153109e+02 1.024637e+02 1.577938e+02
      vertex   1.294133e+02 1.024637e+02 1.573932e+02
      vertex   1.294747e+02 1.024637e+02 1.577938e+02
    endloop
  endfacet
  facet normal 0.000000e+00 -1.000000e+00 0.000000e+00
    outer loop
      vertex   1.153109e+02 1.024637e+02 1.577938e+02
      vertex   1.294747e+02 1.024637e+02 1.577938e+02
      vertex   1.152094e+02 1.024637e+02 1.581860e+02
    endloop
  endfacet
  facet normal 0.000000e+00 -1.000000e+00 0.000000e+00
    outer loop
      vertex   1.152094e+02 1.024637e+02 1.581860e+02
      vertex   1.294747e+02 1.024637e+02 1.577938e+02
      vertex   1.295762e+02 1.024637e+02 1.581860e+02
    endloop
  endfacet
  facet normal 0.000000e+00 -1.000000e+00 0.000000e+00
    outer loop
      vertex   1.152094e+02 1.024637e+02 1.581860e+02
      vertex   1.295762e+02 1.024637e+02 1.581860e+02
      vertex   1.150686e+02 1.024637e+02 1.585660e+02
    endloop
  endfacet
  facet normal 0.000000e+00 -1.000000e+00 0.000000e+00
    outer loop
      vertex   1.150686e+02 1.024637e+02 1.585660e+02
      vertex   1.295762e+02 1.024637e+02 1.581860e+02
      vertex   1.297170e+02 1.024637e+02 1.585660e+02
    endloop
  endfacet
  facet normal 0.000000e+00 -1.000000e+00 0.000000e+00
    outer loop
      vertex   1.150686e+02 1.024637e+02 1.585660e+02
      vertex   1.297170e+02 1.024637e+02 1.585660e+02
      vertex   1.148902e+02 1.024637e+02 1.589298e+02
    endloop
  endfacet
  facet normal 0.000000e+00 -1.000000e+00 0.000000e+00
    outer loop
      vertex   1.148902e+02 1.024637e+02 1.589298e+02
      vertex   1.297170e+02 1.024637e+02 1.585660e+02
      vertex   1.298954e+02 1.024637e+02 1.589298e+02
    endloop
  endfacet
  facet normal 0.000000e+00 -1.000000e+00 0.000000e+00
    outer loop
      vertex   1.148902e+02 1.024637e+02 1.589298e+02
      vertex   1.298954e+02 1.024637e+02 1.589298e+02
      vertex   1.146759e+02 1.024637e+02 1.592736e+02
    endloop
  endfacet
  facet normal 0.000000e+00 -1.000000e+00 0.000000e+00
    outer loop
      vertex   1.146759e+02 1.024637e+02 1.592736e+02
      vertex   1.298954e+02 1.024637e+02 1.589298e+02
      vertex   1.301097e+02 1.024637e+02 1.592736e+02
    endloop
  endfacet
  facet normal 0.000000e+00 -1.000000e+00 0.000000e+00
    outer loop
      vertex   1.146759e+02 1.024637e+02 1.592736e+02
      vertex   1.301097e+02 1.024637e+02 1.592736e+02
      vertex   1.144278e+02 1.024637e+02 1.595940e+02
    endloop
  endfacet
  facet normal 0.000000e+00 -1.000000e+00 0.000000e+00
    outer loop
      vertex   1.144278e+02 1.024637e+02 1.595940e+02
      vertex   1.301097e+02 1.024637e+02 1.592736e+02
      vertex   1.303578e+02 1.024637e+02 1.595940e+02
    endloop
  endfacet
  facet normal 0.000000e+00 -1.000000e+00 0.000000e+00
    outer loop
      vertex   1.144278e+02 1.024637e+02 1.595940e+02
      vertex   1.303578e+02 1.024637e+02 1.595940e+02
      vertex   1.141487e+02 1.024637e+02 1.598877e+02
    endloop
  endfacet
  facet normal 0.000000e+00 -1.000000e+00 0.000000e+00
    outer loop
      vertex   1.141487e+02 1.024637e+02 1.598877e+02
      vertex   1.303578e+02 1.024637e+02 1.595940e+02
      vertex   1.306369e+02 1.024637e+02 1.598877e+02
    endloop
  endfacet
  facet normal 0.000000e+00 -1.000000e+00 0.000000e+00
    outer loop
      vertex   1.141487e+02 1.024637e+02 1.598877e+02
      vertex   1.306369e+02 1.024637e+02 1.598877e+02
      vertex   1.138412e+02 1.024637e+02 1.601517e+02
    endloop
  endfacet
  facet normal 0.000000e+00 -1.000000e+00 0.000000e+00
    outer loop
      vertex   1.138412e+02 1.024637e+02 1.601517e+02
      vertex   1.306369e+02 1.024637e+02 1.598877e+02
      vertex   1.309444e+02 1.024637e+02 1.601517e+02
    endloop
  endfacet
  facet normal 0.000000e+00 -1.000000e+00 0.000000e+00
    outer loop
      vertex   1.138412e+02 1.024637e+02 1.601517e+02
      vertex   1.309444e+02 1.024637e+02 1.601517e+02
      vertex   1.135087e+02 1.024637e+02 1.603831e+02
    endloop
  endfacet
  facet normal 0.000000e+00 -1.000000e+00 0.000000e+00
    outer loop
      vertex   1.135087e+02 1.024637e+02 1.603831e+02
      vertex   1.309444e+02 1.024637e+02 1.601517e+02
      vertex   1.312769e+02 1.024637e+02 1.603831e+02
    endloop
  endfacet
  facet normal 0.000000e+00 -1.000000e+00 0.000000e+00
    outer loop
      vertex   1.135087e+02 1.024637e+02 1.603831e+02
      vertex   1.312769e+02 1.024637e+02 1.603831e+02
      vertex   1.131544e+02 1.024637e+02 1.605798e+02
    endloop
  endfacet
  facet normal 0.000000e+00 -1.000000e+00 0.000000e+00
    outer loop
      vertex   1.131544e+02 1.024637e+02 1.605798e+02
      vertex   1.312769e+02 1.024637e+02 1.603831e+02
      vertex   1.316312e+02 1.024637e+02 1.605798e+02
    endloop
  endfacet
  facet normal 0.000000e+00 -1.000000e+00 0.000000e+00
    outer loop
      vertex   1.131544e+02 1.024637e+02 1.605798e+02
      vertex   1.316312e+02 1.024637e+02 1.605798e+02
      vertex   1.127820e+02 1.024637e+02 1.607396e+02
    endloop
  endfacet
  facet normal 0.000000e+00 -1.000000e+00 0.000000e+00
    outer loop
      vertex   1.127820e+02 1.024637e+02 1.607396e+02
      vertex   1.316312e+02 1.024637e+02 1.605798e+02
      vertex   1.320036e+02 1.024637e+02 1.607396e+02
    endloop
  endfacet
  facet normal 0.000000e+00 -1.000000e+00 0.000000e+00
    outer loop
      vertex   1.127820e+02 1.024637e+02 1.607396e+02
      vertex   1.320036e+02 1.024637e+02 1.607396e+02
      vertex   1.467054e+02 1.024637e+02 1.907968e+02
    endloop
  endfacet
  facet normal 0.000000e+00 -1.000000e+00 0.000000e+00
    outer loop
      vertex   1.467054e+02 1.024637e+02 1.907968e+02
      vertex   1.320036e+02 1.024637e+02 1.607396e+02
      vertex   1.323902e+02 1.024637e+02 1.608609e+02
    endloop
  endfacet
  facet normal 0.000000e+00 -1.000000e+00 0.000000e+00
    outer loop
      vertex   1.467054e+02 1.024637e+02 1.907968e+02
      vertex   1.323902e+02 1.024637e+02 1.608609e+02
      vertex   1.327871e+02 1.024637e+02 1.609424e+02
    endloop
  endfacet
  facet normal 0.000000e+00 -1.000000e+00 0.000000e+00
    outer loop
      vertex   1.327871e+02 1.024637e+02 1.609424e+02
      vertex   1.331902e+02 1.024637e+02 1.609834e+02
      vertex   1.467054e+02 1.024637e+02 1.907968e+02
    endloop
  endfacet
  facet normal 0.000000e+00 -1.000000e+00 0.000000e+00
    outer loop
      vertex   1.467054e+02 1.024637e+02 1.907968e+02
      vertex   1.331902e+02 1.024637e+02 1.609834e+02
      vertex   1.335954e+02 1.024637e+02 1.609834e+02
    endloop
  endfacet
  facet normal 0.000000e+00 -1.000000e+00 0.000000e+00
    outer loop
      vertex   1.467054e+02 1.024637e+02 1.907968e+02
      vertex   1.335954e+02 1.024637e+02 1.609834e+02
      vertex   1.339985e+02 1.024637e+02 1.609424e+02
    endloop
  endfacet
  facet normal 0.000000e+00 -1.000000e+00 0.000000e+00
    outer loop
      vertex   1.339985e+02 1.024637e+02 1.609424e+02
      vertex   1.343954e+02 1.024637e+02 1.608609e+02
      vertex   1.467054e+02 1.024637e+02 1.907968e+02
    endloop
  endfacet
  facet normal 0.000000e+00 -1.000000e+00 0.000000e+00
    outer loop
      vertex   1.467054e+02 1.024637e+02 1.907968e+02
      vertex   1.343954e+02 1.024637e+02 1.608609e+02
      vertex   1.347820e+02 1.024637e+02 1.607396e+02
    endloop
  endfacet
  facet normal 0.000000e+00 -1.000000e+00 0.000000e+00
    outer loop
      vertex   1.467054e+02 1.024637e+02 1.907968e+02
      vertex   1.347820e+02 1.024637e+02 1.607396e+02
      vertex   1.351544e+02 1.024637e+02 1.605798e+02
    endloop
  endfacet
  facet normal 0.000000e+00 -1.000000e+00 0.000000e+00
    outer loop
      vertex   1.351544e+02 1.024637e+02 1.605798e+02
      vertex   1.355087e+02 1.024637e+02 1.603831e+02
      vertex   1.467054e+02 1.024637e+02 1.907968e+02
    endloop
  endfacet
  facet normal 0.000000e+00 -1.000000e+00 0.000000e+00
    outer loop
      vertex   1.467054e+02 1.024637e+02 1.907968e+02
      vertex   1.355087e+02 1.024637e+02 1.603831e+02
      vertex   1.358412e+02 1.024637e+02 1.601517e+02
    endloop
  endfacet
  facet normal 0.000000e+00 -1.000000e+00 0.000000e+00
    outer loop
      vertex   1.467054e+02 1.024637e+02 1.907968e+02
      vertex   1.358412e+02 1.024637e+02 1.601517e+02
      vertex   1.361487e+02 1.024637e+02 1.598877e+02
    endloop
  endfacet
  facet normal 0.000000e+00 -1.000000e+00 0.000000e+00
    outer loop
      vertex   1.361487e+02 1.024637e+02 1.598877e+02
      vertex   1.364278e+02 1.024637e+02 1.595940e+02
      vertex   1.467054e+02 1.024637e+02 1.907968e+02
    endloop
  endfacet
  facet normal 0.000000e+00 -1.000000e+00 0.000000e+00
    outer loop
      vertex   1.467054e+02 1.024637e+02 1.907968e+02
      vertex   1.364278e+02 1.024637e+02 1.595940e+02
      vertex   1.366759e+02 1.024637e+02 1.592736e+02
    endloop
  endfacet
  facet normal 0.000000e+00 -1.000000e+00 0.000000e+00
    outer loop
      vertex   1.467054e+02 1.024637e+02 1.907968e+02
      vertex   1.366759e+02 1.024637e+02 1.592736e+02
      vertex   1.368902e+02 1.024637e+02 1.589298e+02
    endloop
  endfacet
  facet normal 0.000000e+00 -1.000000e+00 0.000000e+00
    outer loop
      vertex   1.368902e+02 1.024637e+02 1.589298e+02
      vertex   1.370686e+02 1.024637e+02 1.585660e+02
      vertex   1.467054e+02 1.024637e+02 1.907968e+02
    endloop
  endfacet
  facet normal 0.000000e+00 -1.000000e+00 0.000000e+00
    outer loop
      vertex   1.467054e+02 1.024637e+02 1.907968e+02
      vertex   1.370686e+02 1.024637e+02 1.585660e+02
      vertex   1.372094e+02 1.024637e+02 1.581860e+02
    endloop
  endfacet
  facet normal 0.000000e+00 -1.000000e+00 0.000000e+00
    outer loop
      vertex   1.467054e+02 1.024637e+02 1.907968e+02
      vertex   1.372094e+02 1.024637e+02 1.581860e+02
      vertex   1.373109e+02 1.024637e+02 1.577938e+02
    endloop
  endfacet
  facet normal -9.507651e-16 -1.000000e+00 2.706416e-16
    outer loop
      vertex   1.467054e+02 1.024637e+02 1.907968e+02
      vertex   1.373109e+02 1.024637e+02 1.577938e+02
      vertex   1.467054e+02 1.024637e+02 1.382888e+02
    endloop
  endfacet
  facet normal -2.218203e-15 -1.000000e+00 -3.398163e-16
    outer loop
      vertex   1.467054e+02 1.024637e+02 1.382888e+02
      vertex   1.373109e+02 1.024637e+02 1.577938e+02
      vertex   1.373723e+02 1.024637e+02 1.573932e+02
    endloop
  endfacet
  facet normal -1.698989e-15 -1.000000e+00 -8.616298e-17
    outer loop
      vertex   1.467054e+02 1.024637e+02 1.382888e+02
      vertex   1.373723e+02 1.024637e+02 1.573932e+02
      vertex   1.373928e+02 1.024637e+02 1.569886e+02
    endloop
  endfacet
  facet normal -1.384939e-15 -1.000000e+00 7.023618e-17
    outer loop
      vertex   1.373928e+02 1.024637e+02 1.569886e+02
      vertex   1.373723e+02 1.024637e+02 1.565839e+02
      vertex   1.467054e+02 1.024637e+02 1.382888e+02
    endloop
  endfacet
  facet normal -1.170978e-15 -1.000000e+00 1.793873e-16
    outer loop
      vertex   1.467054e+02 1.024637e+02 1.382888e+02
      vertex   1.373723e+02 1.024637e+02 1.565839e+02
      vertex   1.373109e+02 1.024637e+02 1.561834e+02
    endloop
  endfacet
  facet normal -1.013052e-15 -1.000000e+00 2.622973e-16
    outer loop
      vertex   1.467054e+02 1.024637e+02 1.382888e+02
      vertex   1.373109e+02 1.024637e+02 1.561834e+02
      vertex   1.372094e+02 1.024637e+02 1.557911e+02
    endloop
  endfacet
  facet normal -8.893874e-16 -1.000000e+00 3.293929e-16
    outer loop
      vertex   1.372094e+02 1.024637e+02 1.557911e+02
      vertex   1.370686e+02 1.024637e+02 1.554111e+02
      vertex   1.467054e+02 1.024637e+02 1.382888e+02
    endloop
  endfacet
  facet normal -7.879272e-16 -1.000000e+00 3.864967e-16
    outer loop
      vertex   1.467054e+02 1.024637e+02 1.382888e+02
      vertex   1.370686e+02 1.024637e+02 1.554111e+02
      vertex   1.368902e+02 1.024637e+02 1.550474e+02
    endloop
  endfacet
  facet normal -7.013904e-16 -1.000000e+00 4.371800e-16
    outer loop
      vertex   1.467054e+02 1.024637e+02 1.382888e+02
      vertex   1.368902e+02 1.024637e+02 1.550474e+02
      vertex   1.366759e+02 1.024637e+02 1.547035e+02
    endloop
  endfacet
  facet normal -1.005917e-16 -1.000000e+00 8.042749e-16
    outer loop
      vertex   1.467054e+02 1.024637e+02 1.382888e+02
      vertex   1.366759e+02 1.024637e+02 1.547035e+02
      vertex   1.459618e+02 1.024637e+02 1.381957e+02
    endloop
  endfacet
  facet normal -6.440784e-16 -1.000000e+00 4.985538e-16
    outer loop
      vertex   1.459618e+02 1.024637e+02 1.381957e+02
      vertex   1.366759e+02 1.024637e+02 1.547035e+02
      vertex   1.364278e+02 1.024637e+02 1.543831e+02
    endloop
  endfacet
  facet normal -7.409745e-17 -1.000000e+00 8.342582e-16
    outer loop
      vertex   1.459618e+02 1.024637e+02 1.381957e+02
      vertex   1.364278e+02 1.024637e+02 1.543831e+02
      vertex   1.452129e+02 1.024637e+02 1.381292e+02
    endloop
  endfacet
  facet normal -4.506591e-17 -1.000000e+00 8.499495e-16
    outer loop
      vertex   1.452129e+02 1.024637e+02 1.381292e+02
      vertex   1.364278e+02 1.024637e+02 1.543831e+02
      vertex   1.444598e+02 1.024637e+02 1.380893e+02
    endloop
  endfacet
  facet normal -1.863377e-14 -1.000000e+00 -8.313259e-15
    outer loop
      vertex   1.444598e+02 1.024637e+02 1.380893e+02
      vertex   1.364278e+02 1.024637e+02 1.543831e+02
      vertex   1.437031e+02 1.024637e+02 1.380760e+02
    endloop
  endfacet
  facet normal 0.000000e+00 -1.000000e+00 0.000000e+00
    outer loop
      vertex   1.437031e+02 1.024637e+02 1.380760e+02
      vertex   1.364278e+02 1.024637e+02 1.543831e+02
      vertex   1.361487e+02 1.024637e+02 1.540894e+02
    endloop
  endfacet
  facet normal 0.000000e+00 -1.000000e+00 0.000000e+00
    outer loop
      vertex   1.437031e+02 1.024637e+02 1.380760e+02
      vertex   1.361487e+02 1.024637e+02 1.540894e+02
      vertex   1.358412e+02 1.024637e+02 1.538255e+02
    endloop
  endfacet
  facet normal 0.000000e+00 -1.000000e+00 -0.000000e+00
    outer loop
      vertex   1.358412e+02 1.024637e+02 1.538255e+02
      vertex   1.355087e+02 1.024637e+02 1.535940e+02
      vertex   1.437031e+02 1.024637e+02 1.380760e+02
    endloop
  endfacet
  facet normal 0.000000e+00 -1.000000e+00 0.000000e+00
    outer loop
      vertex   1.437031e+02 1.024637e+02 1.380760e+02
      vertex   1.355087e+02 1.024637e+02 1.535940e+02
      vertex   1.351544e+02 1.024637e+02 1.533973e+02
    endloop
  endfacet
  facet normal 0.000000e+00 -1.000000e+00 0.000000e+00
    outer loop
      vertex   1.437031e+02 1.024637e+02 1.380760e+02
      vertex   1.351544e+02 1.024637e+02 1.533973e+02
      vertex   1.347820e+02 1.024637e+02 1.532376e+02
    endloop
  endfacet
  facet normal 0.000000e+00 -1.000000e+00 -0.000000e+00
    outer loop
      vertex   1.347820e+02 1.024637e+02 1.532376e+02
      vertex   1.343954e+02 1.024637e+02 1.531163e+02
      vertex   1.437031e+02 1.024637e+02 1.380760e+02
    endloop
  endfacet
  facet normal 0.000000e+00 -1.000000e+00 0.000000e+00
    outer loop
      vertex   1.437031e+02 1.024637e+02 1.380760e+02
      vertex   1.343954e+02 1.024637e+02 1.531163e+02
      vertex   1.339985e+02 1.024637e+02 1.530347e+02
    endloop
  endfacet
  facet normal 0.000000e+00 -1.000000e+00 0.000000e+00
    outer loop
      vertex   1.437031e+02 1.024637e+02 1.380760e+02
      vertex   1.339985e+02 1.024637e+02 1.530347e+02
      vertex   1.335954e+02 1.024637e+02 1.529937e+02
    endloop
  endfacet
  facet normal -0.000000e+00 -1.000000e+00 -0.000000e+00
    outer loop
      vertex   1.335954e+02 1.024637e+02 1.529937e+02
      vertex   1.331902e+02 1.024637e+02 1.529937e+02
      vertex   1.437031e+02 1.024637e+02 1.380760e+02
    endloop
  endfacet
  facet normal 0.000000e+00 -1.000000e+00 0.000000e+00
    outer loop
      vertex   1.437031e+02 1.024637e+02 1.380760e+02
      vertex   1.331902e+02 1.024637e+02 1.529937e+02
      vertex   1.327871e+02 1.024637e+02 1.530347e+02
    endloop
  endfacet
  facet normal 0.000000e+00 -1.000000e+00 0.000000e+00
    outer loop
      vertex   1.437031e+02 1.024637e+02 1.380760e+02
      vertex   1.327871e+02 1.024637e+02 1.530347e+02
      vertex   1.323902e+02 1.024637e+02 1.531163e+02
    endloop
  endfacet
  facet normal 0.000000e+00 -1.000000e+00 0.000000e+00
    outer loop
      vertex   1.437031e+02 1.024637e+02 1.380760e+02
      vertex   1.323902e+02 1.024637e+02 1.531163e+02
      vertex   1.139876e+02 1.024637e+02 1.380760e+02
    endloop
  endfacet
  facet normal 0.000000e+00 -1.000000e+00 0.000000e+00
    outer loop
      vertex   1.139876e+02 1.024637e+02 1.380760e+02
      vertex   1.323902e+02 1.024637e+02 1.531163e+02
      vertex   1.320036e+02 1.024637e+02 1.532376e+02
    endloop
  endfacet
  facet normal 0.000000e+00 -1.000000e+00 0.000000e+00
    outer loop
      vertex   1.139876e+02 1.024637e+02 1.380760e+02
      vertex   1.320036e+02 1.024637e+02 1.532376e+02
      vertex   1.316312e+02 1.024637e+02 1.533973e+02
    endloop
  endfacet
  facet normal -0.000000e+00 -1.000000e+00 0.000000e+00
    outer loop
      vertex   1.316312e+02 1.024637e+02 1.533973e+02
      vertex   1.312769e+02 1.024637e+02 1.535940e+02
      vertex   1.139876e+02 1.024637e+02 1.380760e+02
    endloop
  endfacet
  facet normal 0.000000e+00 -1.000000e+00 0.000000e+00
    outer loop
      vertex   1.139876e+02 1.024637e+02 1.380760e+02
      vertex   1.312769e+02 1.024637e+02 1.535940e+02
      vertex   1.309444e+02 1.024637e+02 1.538255e+02
    endloop
  endfacet
  facet normal 0.000000e+00 -1.000000e+00 0.000000e+00
    outer loop
      vertex   1.139876e+02 1.024637e+02 1.380760e+02
      vertex   1.309444e+02 1.024637e+02 1.538255e+02
      vertex   1.306369e+02 1.024637e+02 1.540894e+02
    endloop
  endfacet
  facet normal -0.000000e+00 -1.000000e+00 0.000000e+00
    outer loop
      vertex   1.074133e+02 1.024637e+02 1.573932e+02
      vertex   9.361916e+01 1.024637e+02 1.574104e+02
      vertex   1.073928e+02 1.024637e+02 1.569886e+02
    endloop
  endfacet
  facet normal -0.000000e+00 -1.000000e+00 0.000000e+00
    outer loop
      vertex   1.073928e+02 1.024637e+02 1.569886e+02
      vertex   9.361916e+01 1.024637e+02 1.574104e+02
      vertex   9.364847e+01 1.024637e+02 1.568855e+02
    endloop
  endfacet
  facet normal 0.000000e+00 -1.000000e+00 0.000000e+00
    outer loop
      vertex   1.073928e+02 1.024637e+02 1.569886e+02
      vertex   9.364847e+01 1.024637e+02 1.568855e+02
      vertex   9.368949e+01 1.024637e+02 1.563634e+02
    endloop
  endfacet
  facet normal -0.000000e+00 -1.000000e+00 0.000000e+00
    outer loop
      vertex   1.074747e+02 1.024637e+02 1.577938e+02
      vertex   9.359570e+01 1.024637e+02 1.584679e+02
      vertex   1.074133e+02 1.024637e+02 1.573932e+02
    endloop
  endfacet
  facet normal 0.000000e+00 -1.000000e+00 0.000000e+00
    outer loop
      vertex   1.074133e+02 1.024637e+02 1.573932e+02
      vertex   9.359570e+01 1.024637e+02 1.584679e+02
      vertex   9.360156e+01 1.024637e+02 1.579380e+02
    endloop
  endfacet
  facet normal 0.000000e+00 -1.000000e+00 0.000000e+00
    outer loop
      vertex   1.074133e+02 1.024637e+02 1.573932e+02
      vertex   9.360156e+01 1.024637e+02 1.579380e+02
      vertex   9.361916e+01 1.024637e+02 1.574104e+02
    endloop
  endfacet
  facet normal 0.000000e+00 -1.000000e+00 0.000000e+00
    outer loop
      vertex   1.074747e+02 1.024637e+02 1.577938e+02
      vertex   1.075762e+02 1.024637e+02 1.581860e+02
      vertex   9.359570e+01 1.024637e+02 1.584679e+02
    endloop
  endfacet
  facet normal 0.000000e+00 -1.000000e+00 0.000000e+00
    outer loop
      vertex   9.359570e+01 1.024637e+02 1.584679e+02
      vertex   1.075762e+02 1.024637e+02 1.581860e+02
      vertex   1.077170e+02 1.024637e+02 1.585660e+02
    endloop
  endfacet
  facet normal 0.000000e+00 -1.000000e+00 0.000000e+00
    outer loop
      vertex   9.359570e+01 1.024637e+02 1.584679e+02
      vertex   1.077170e+02 1.024637e+02 1.585660e+02
      vertex   1.078954e+02 1.024637e+02 1.589298e+02
    endloop
  endfacet
  facet normal -0.000000e+00 -1.000000e+00 0.000000e+00
    outer loop
      vertex   1.078954e+02 1.024637e+02 1.589298e+02
      vertex   1.081097e+02 1.024637e+02 1.592736e+02
      vertex   9.359570e+01 1.024637e+02 1.584679e+02
    endloop
  endfacet
  facet normal 0.000000e+00 -1.000000e+00 0.000000e+00
    outer loop
      vertex   9.359570e+01 1.024637e+02 1.584679e+02
      vertex   1.081097e+02 1.024637e+02 1.592736e+02
      vertex   1.083578e+02 1.024637e+02 1.595940e+02
    endloop
  endfacet
  facet normal 0.000000e+00 -1.000000e+00 0.000000e+00
    outer loop
      vertex   9.359570e+01 1.024637e+02 1.584679e+02
      vertex   1.083578e+02 1.024637e+02 1.595940e+02
      vertex   1.086369e+02 1.024637e+02 1.598877e+02
    endloop
  endfacet
  facet normal -0.000000e+00 -1.000000e+00 0.000000e+00
    outer loop
      vertex   1.086369e+02 1.024637e+02 1.598877e+02
      vertex   1.089444e+02 1.024637e+02 1.601517e+02
      vertex   9.359570e+01 1.024637e+02 1.584679e+02
    endloop
  endfacet
  facet normal 0.000000e+00 -1.000000e+00 0.000000e+00
    outer loop
      vertex   9.359570e+01 1.024637e+02 1.584679e+02
      vertex   1.089444e+02 1.024637e+02 1.601517e+02
      vertex   9.359570e+01 1.024637e+02 1.883579e+02
    endloop
  endfacet
  facet normal 0.000000e+00 -1.000000e+00 0.000000e+00
    outer loop
      vertex   9.359570e+01 1.024637e+02 1.883579e+02
      vertex   1.089444e+02 1.024637e+02 1.601517e+02
      vertex   1.092769e+02 1.024637e+02 1.603831e+02
    endloop
  endfacet
  facet normal 0.000000e+00 -1.000000e+00 0.000000e+00
    outer loop
      vertex   9.359570e+01 1.024637e+02 1.883579e+02
      vertex   1.092769e+02 1.024637e+02 1.603831e+02
      vertex   1.096312e+02 1.024637e+02 1.605798e+02
    endloop
  endfacet
  facet normal 0.000000e+00 -1.000000e+00 0.000000e+00
    outer loop
      vertex   1.096312e+02 1.024637e+02 1.605798e+02
      vertex   1.100036e+02 1.024637e+02 1.607396e+02
      vertex   9.359570e+01 1.024637e+02 1.883579e+02
    endloop
  endfacet
  facet normal 0.000000e+00 -1.000000e+00 0.000000e+00
    outer loop
      vertex   9.359570e+01 1.024637e+02 1.883579e+02
      vertex   1.100036e+02 1.024637e+02 1.607396e+02
      vertex   1.103902e+02 1.024637e+02 1.608609e+02
    endloop
  endfacet
  facet normal 0.000000e+00 -1.000000e+00 0.000000e+00
    outer loop
      vertex   9.359570e+01 1.024637e+02 1.883579e+02
      vertex   1.103902e+02 1.024637e+02 1.608609e+02
      vertex   1.107871e+02 1.024637e+02 1.609424e+02
    endloop
  endfacet
  facet normal 0.000000e+00 -1.000000e+00 0.000000e+00
    outer loop
      vertex   1.107871e+02 1.024637e+02 1.609424e+02
      vertex   1.111902e+02 1.024637e+02 1.609834e+02
      vertex   9.359570e+01 1.024637e+02 1.883579e+02
    endloop
  endfacet
  facet normal 0.000000e+00 -1.000000e+00 0.000000e+00
    outer loop
      vertex   9.359570e+01 1.024637e+02 1.883579e+02
      vertex   1.111902e+02 1.024637e+02 1.609834e+02
      vertex   1.115954e+02 1.024637e+02 1.609834e+02
    endloop
  endfacet
  facet normal 0.000000e+00 -1.000000e+00 0.000000e+00
    outer loop
      vertex   9.359570e+01 1.024637e+02 1.883579e+02
      vertex   1.115954e+02 1.024637e+02 1.609834e+02
      vertex   1.119985e+02 1.024637e+02 1.609424e+02
    endloop
  endfacet
  facet normal 0.000000e+00 -1.000000e+00 0.000000e+00
    outer loop
      vertex   1.119985e+02 1.024637e+02 1.609424e+02
      vertex   1.123954e+02 1.024637e+02 1.608609e+02
      vertex   9.359570e+01 1.024637e+02 1.883579e+02
    endloop
  endfacet
  facet normal 0.000000e+00 -1.000000e+00 0.000000e+00
    outer loop
      vertex   9.359570e+01 1.024637e+02 1.883579e+02
      vertex   1.123954e+02 1.024637e+02 1.608609e+02
      vertex   1.467054e+02 1.024637e+02 1.907968e+02
    endloop
  endfacet
  facet normal 0.000000e+00 -1.000000e+00 0.000000e+00
    outer loop
      vertex   9.359570e+01 1.024637e+02 1.883579e+02
      vertex   1.467054e+02 1.024637e+02 1.907968e+02
      vertex   9.360445e+01 1.024637e+02 1.889714e+02
    endloop
  endfacet
  facet normal 0.000000e+00 -1.000000e+00 0.000000e+00
    outer loop
      vertex   9.360445e+01 1.024637e+02 1.889714e+02
      vertex   1.467054e+02 1.024637e+02 1.907968e+02
      vertex   9.363068e+01 1.024637e+02 1.895826e+02
    endloop
  endfacet
  facet normal 0.000000e+00 -1.000000e+00 0.000000e+00
    outer loop
      vertex   9.363068e+01 1.024637e+02 1.895826e+02
      vertex   1.467054e+02 1.024637e+02 1.907968e+02
      vertex   9.367437e+01 1.024637e+02 1.901912e+02
    endloop
  endfacet
  facet normal 0.000000e+00 -1.000000e+00 0.000000e+00
    outer loop
      vertex   9.367437e+01 1.024637e+02 1.901912e+02
      vertex   1.467054e+02 1.024637e+02 1.907968e+02
      vertex   9.373551e+01 1.024637e+02 1.907968e+02
    endloop
  endfacet
  facet normal 0.000000e+00 -1.000000e+00 0.000000e+00
    outer loop
      vertex   1.123954e+02 1.024637e+02 1.608609e+02
      vertex   1.127820e+02 1.024637e+02 1.607396e+02
      vertex   1.467054e+02 1.024637e+02 1.907968e+02
    endloop
  endfacet
  facet normal 0.000000e+00 -1.000000e+00 -0.000000e+00
    outer loop
      vertex   1.135087e+02 1.024637e+02 1.535940e+02
      vertex   1.131544e+02 1.024637e+02 1.533973e+02
      vertex   1.139876e+02 1.024637e+02 1.380760e+02
    endloop
  endfacet
  facet normal 0.000000e+00 -1.000000e+00 0.000000e+00
    outer loop
      vertex   1.139876e+02 1.024637e+02 1.380760e+02
      vertex   1.131544e+02 1.024637e+02 1.533973e+02
      vertex   1.127820e+02 1.024637e+02 1.532376e+02
    endloop
  endfacet
  facet normal 0.000000e+00 -1.000000e+00 0.000000e+00
    outer loop
      vertex   1.139876e+02 1.024637e+02 1.380760e+02
      vertex   1.127820e+02 1.024637e+02 1.532376e+02
      vertex   1.123954e+02 1.024637e+02 1.531163e+02
    endloop
  endfacet
  facet normal 0.000000e+00 -1.000000e+00 0.000000e+00
    outer loop
      vertex   1.139876e+02 1.024637e+02 1.380760e+02
      vertex   1.123954e+02 1.024637e+02 1.531163e+02
      vertex   1.134577e+02 1.024637e+02 1.380818e+02
    endloop
  endfacet
  facet normal 0.000000e+00 -1.000000e+00 0.000000e+00
    outer loop
      vertex   1.134577e+02 1.024637e+02 1.380818e+02
      vertex   1.123954e+02 1.024637e+02 1.531163e+02
      vertex   1.119985e+02 1.024637e+02 1.530347e+02
    endloop
  endfacet
  facet normal 0.000000e+00 -1.000000e+00 0.000000e+00
    outer loop
      vertex   1.134577e+02 1.024637e+02 1.380818e+02
      vertex   1.119985e+02 1.024637e+02 1.530347e+02
      vertex   1.129302e+02 1.024637e+02 1.380994e+02
    endloop
  endfacet
  facet normal 0.000000e+00 -1.000000e+00 0.000000e+00
    outer loop
      vertex   1.129302e+02 1.024637e+02 1.380994e+02
      vertex   1.119985e+02 1.024637e+02 1.530347e+02
      vertex   1.124052e+02 1.024637e+02 1.381287e+02
    endloop
  endfacet
  facet normal 0.000000e+00 -1.000000e+00 0.000000e+00
    outer loop
      vertex   1.124052e+02 1.024637e+02 1.381287e+02
      vertex   1.119985e+02 1.024637e+02 1.530347e+02
      vertex   1.118831e+02 1.024637e+02 1.381698e+02
    endloop
  endfacet
  facet normal 0.000000e+00 -1.000000e+00 0.000000e+00
    outer loop
      vertex   1.118831e+02 1.024637e+02 1.381698e+02
      vertex   1.119985e+02 1.024637e+02 1.530347e+02
      vertex   1.115954e+02 1.024637e+02 1.529937e+02
    endloop
  endfacet
  facet normal 0.000000e+00 -1.000000e+00 0.000000e+00
    outer loop
      vertex   1.118831e+02 1.024637e+02 1.381698e+02
      vertex   1.115954e+02 1.024637e+02 1.529937e+02
      vertex   1.113641e+02 1.024637e+02 1.382225e+02
    endloop
  endfacet
  facet normal 0.000000e+00 -1.000000e+00 0.000000e+00
    outer loop
      vertex   1.113641e+02 1.024637e+02 1.382225e+02
      vertex   1.115954e+02 1.024637e+02 1.529937e+02
      vertex   1.108484e+02 1.024637e+02 1.382868e+02
    endloop
  endfacet
  facet normal 0.000000e+00 -1.000000e+00 0.000000e+00
    outer loop
      vertex   1.108484e+02 1.024637e+02 1.382868e+02
      vertex   1.115954e+02 1.024637e+02 1.529937e+02
      vertex   1.103363e+02 1.024637e+02 1.383628e+02
    endloop
  endfacet
  facet normal 0.000000e+00 -1.000000e+00 0.000000e+00
    outer loop
      vertex   1.103363e+02 1.024637e+02 1.383628e+02
      vertex   1.115954e+02 1.024637e+02 1.529937e+02
      vertex   1.111902e+02 1.024637e+02 1.529937e+02
    endloop
  endfacet
  facet normal 0.000000e+00 -1.000000e+00 0.000000e+00
    outer loop
      vertex   1.103363e+02 1.024637e+02 1.383628e+02
      vertex   1.111902e+02 1.024637e+02 1.529937e+02
      vertex   1.098280e+02 1.024637e+02 1.384504e+02
    endloop
  endfacet
  facet normal 0.000000e+00 -1.000000e+00 0.000000e+00
    outer loop
      vertex   1.098280e+02 1.024637e+02 1.384504e+02
      vertex   1.111902e+02 1.024637e+02 1.529937e+02
      vertex   1.093237e+02 1.024637e+02 1.385496e+02
    endloop
  endfacet
  facet normal 0.000000e+00 -1.000000e+00 0.000000e+00
    outer loop
      vertex   1.093237e+02 1.024637e+02 1.385496e+02
      vertex   1.111902e+02 1.024637e+02 1.529937e+02
      vertex   1.088238e+02 1.024637e+02 1.386602e+02
    endloop
  endfacet
  facet normal 0.000000e+00 -1.000000e+00 0.000000e+00
    outer loop
      vertex   1.088238e+02 1.024637e+02 1.386602e+02
      vertex   1.111902e+02 1.024637e+02 1.529937e+02
      vertex   1.083284e+02 1.024637e+02 1.387823e+02
    endloop
  endfacet
  facet normal 0.000000e+00 -1.000000e+00 0.000000e+00
    outer loop
      vertex   1.083284e+02 1.024637e+02 1.387823e+02
      vertex   1.111902e+02 1.024637e+02 1.529937e+02
      vertex   1.107871e+02 1.024637e+02 1.530347e+02
    endloop
  endfacet
  facet normal 0.000000e+00 -1.000000e+00 0.000000e+00
    outer loop
      vertex   1.083284e+02 1.024637e+02 1.387823e+02
      vertex   1.107871e+02 1.024637e+02 1.530347e+02
      vertex   1.078378e+02 1.024637e+02 1.389158e+02
    endloop
  endfacet
  facet normal 0.000000e+00 -1.000000e+00 0.000000e+00
    outer loop
      vertex   1.078378e+02 1.024637e+02 1.389158e+02
      vertex   1.107871e+02 1.024637e+02 1.530347e+02
      vertex   1.073522e+02 1.024637e+02 1.390607e+02
    endloop
  endfacet
  facet normal 0.000000e+00 -1.000000e+00 0.000000e+00
    outer loop
      vertex   1.073522e+02 1.024637e+02 1.390607e+02
      vertex   1.107871e+02 1.024637e+02 1.530347e+02
      vertex   1.068718e+02 1.024637e+02 1.392168e+02
    endloop
  endfacet
  facet normal 0.000000e+00 -1.000000e+00 0.000000e+00
    outer loop
      vertex   1.068718e+02 1.024637e+02 1.392168e+02
      vertex   1.107871e+02 1.024637e+02 1.530347e+02
      vertex   1.103902e+02 1.024637e+02 1.531163e+02
    endloop
  endfacet
  facet normal 0.000000e+00 -1.000000e+00 0.000000e+00
    outer loop
      vertex   1.068718e+02 1.024637e+02 1.392168e+02
      vertex   1.103902e+02 1.024637e+02 1.531163e+02
      vertex   1.063968e+02 1.024637e+02 1.393841e+02
    endloop
  endfacet
  facet normal 0.000000e+00 -1.000000e+00 0.000000e+00
    outer loop
      vertex   1.063968e+02 1.024637e+02 1.393841e+02
      vertex   1.103902e+02 1.024637e+02 1.531163e+02
      vertex   1.059276e+02 1.024637e+02 1.395625e+02
    endloop
  endfacet
  facet normal 0.000000e+00 -1.000000e+00 0.000000e+00
    outer loop
      vertex   1.059276e+02 1.024637e+02 1.395625e+02
      vertex   1.103902e+02 1.024637e+02 1.531163e+02
      vertex   1.054642e+02 1.024637e+02 1.397519e+02
    endloop
  endfacet
  facet normal 0.000000e+00 -1.000000e+00 0.000000e+00
    outer loop
      vertex   1.054642e+02 1.024637e+02 1.397519e+02
      vertex   1.103902e+02 1.024637e+02 1.531163e+02
      vertex   1.050070e+02 1.024637e+02 1.399523e+02
    endloop
  endfacet
  facet normal 0.000000e+00 -1.000000e+00 0.000000e+00
    outer loop
      vertex   1.050070e+02 1.024637e+02 1.399523e+02
      vertex   1.103902e+02 1.024637e+02 1.531163e+02
      vertex   1.100036e+02 1.024637e+02 1.532376e+02
    endloop
  endfacet
  facet normal 0.000000e+00 -1.000000e+00 0.000000e+00
    outer loop
      vertex   1.050070e+02 1.024637e+02 1.399523e+02
      vertex   1.100036e+02 1.024637e+02 1.532376e+02
      vertex   1.045561e+02 1.024637e+02 1.401635e+02
    endloop
  endfacet
  facet normal 0.000000e+00 -1.000000e+00 0.000000e+00
    outer loop
      vertex   1.045561e+02 1.024637e+02 1.401635e+02
      vertex   1.100036e+02 1.024637e+02 1.532376e+02
      vertex   1.041118e+02 1.024637e+02 1.403855e+02
    endloop
  endfacet
  facet normal 0.000000e+00 -1.000000e+00 0.000000e+00
    outer loop
      vertex   1.041118e+02 1.024637e+02 1.403855e+02
      vertex   1.100036e+02 1.024637e+02 1.532376e+02
      vertex   1.036742e+02 1.024637e+02 1.406181e+02
    endloop
  endfacet
  facet normal 0.000000e+00 -1.000000e+00 0.000000e+00
    outer loop
      vertex   1.036742e+02 1.024637e+02 1.406181e+02
      vertex   1.100036e+02 1.024637e+02 1.532376e+02
      vertex   1.096312e+02 1.024637e+02 1.533973e+02
    endloop
  endfacet
  facet normal 0.000000e+00 -1.000000e+00 0.000000e+00
    outer loop
      vertex   1.036742e+02 1.024637e+02 1.406181e+02
      vertex   1.096312e+02 1.024637e+02 1.533973e+02
      vertex   1.032436e+02 1.024637e+02 1.408612e+02
    endloop
  endfacet
  facet normal 0.000000e+00 -1.000000e+00 0.000000e+00
    outer loop
      vertex   1.032436e+02 1.024637e+02 1.408612e+02
      vertex   1.096312e+02 1.024637e+02 1.533973e+02
      vertex   1.028201e+02 1.024637e+02 1.411148e+02
    endloop
  endfacet
  facet normal 0.000000e+00 -1.000000e+00 0.000000e+00
    outer loop
      vertex   1.028201e+02 1.024637e+02 1.411148e+02
      vertex   1.096312e+02 1.024637e+02 1.533973e+02
      vertex   1.024041e+02 1.024637e+02 1.413786e+02
    endloop
  endfacet
  facet normal 0.000000e+00 -1.000000e+00 0.000000e+00
    outer loop
      vertex   1.024041e+02 1.024637e+02 1.413786e+02
      vertex   1.096312e+02 1.024637e+02 1.533973e+02
      vertex   1.019956e+02 1.024637e+02 1.416526e+02
    endloop
  endfacet
  facet normal 0.000000e+00 -1.000000e+00 0.000000e+00
    outer loop
      vertex   1.019956e+02 1.024637e+02 1.416526e+02
      vertex   1.096312e+02 1.024637e+02 1.533973e+02
      vertex   1.092769e+02 1.024637e+02 1.535940e+02
    endloop
  endfacet
  facet normal 0.000000e+00 -1.000000e+00 0.000000e+00
    outer loop
      vertex   1.019956e+02 1.024637e+02 1.416526e+02
      vertex   1.092769e+02 1.024637e+02 1.535940e+02
      vertex   1.015948e+02 1.024637e+02 1.419367e+02
    endloop
  endfacet
  facet normal 0.000000e+00 -1.000000e+00 0.000000e+00
    outer loop
      vertex   1.015948e+02 1.024637e+02 1.419367e+02
      vertex   1.092769e+02 1.024637e+02 1.535940e+02
      vertex   1.012021e+02 1.024637e+02 1.422307e+02
    endloop
  endfacet
  facet normal 0.000000e+00 -1.000000e+00 0.000000e+00
    outer loop
      vertex   1.012021e+02 1.024637e+02 1.422307e+02
      vertex   1.092769e+02 1.024637e+02 1.535940e+02
      vertex   1.008174e+02 1.024637e+02 1.425344e+02
    endloop
  endfacet
  facet normal 0.000000e+00 -1.000000e+00 0.000000e+00
    outer loop
      vertex   1.008174e+02 1.024637e+02 1.425344e+02
      vertex   1.092769e+02 1.024637e+02 1.535940e+02
      vertex   1.004411e+02 1.024637e+02 1.428477e+02
    endloop
  endfacet
  facet normal 0.000000e+00 -1.000000e+00 0.000000e+00
    outer loop
      vertex   1.004411e+02 1.024637e+02 1.428477e+02
      vertex   1.092769e+02 1.024637e+02 1.535940e+02
      vertex   1.089444e+02 1.024637e+02 1.538255e+02
    endloop
  endfacet
  facet normal 0.000000e+00 -1.000000e+00 0.000000e+00
    outer loop
      vertex   1.004411e+02 1.024637e+02 1.428477e+02
      vertex   1.089444e+02 1.024637e+02 1.538255e+02
      vertex   1.000732e+02 1.024637e+02 1.431706e+02
    endloop
  endfacet
  facet normal 0.000000e+00 -1.000000e+00 0.000000e+00
    outer loop
      vertex   1.000732e+02 1.024637e+02 1.431706e+02
      vertex   1.089444e+02 1.024637e+02 1.538255e+02
      vertex   9.971408e+01 1.024637e+02 1.435027e+02
    endloop
  endfacet
  facet normal 0.000000e+00 -1.000000e+00 0.000000e+00
    outer loop
      vertex   9.971408e+01 1.024637e+02 1.435027e+02
      vertex   1.089444e+02 1.024637e+02 1.538255e+02
      vertex   9.936375e+01 1.024637e+02 1.438440e+02
    endloop
  endfacet
  facet normal 0.000000e+00 -1.000000e+00 0.000000e+00
    outer loop
      vertex   9.936375e+01 1.024637e+02 1.438440e+02
      vertex   1.089444e+02 1.024637e+02 1.538255e+02
      vertex   1.086369e+02 1.024637e+02 1.540894e+02
    endloop
  endfacet
  facet normal 0.000000e+00 -1.000000e+00 0.000000e+00
    outer loop
      vertex   9.936375e+01 1.024637e+02 1.438440e+02
      vertex   1.086369e+02 1.024637e+02 1.540894e+02
      vertex   9.902243e+01 1.024637e+02 1.441944e+02
    endloop
  endfacet
  facet normal 0.000000e+00 -1.000000e+00 0.000000e+00
    outer loop
      vertex   9.902243e+01 1.024637e+02 1.441944e+02
      vertex   1.086369e+02 1.024637e+02 1.540894e+02
      vertex   9.869028e+01 1.024637e+02 1.445535e+02
    endloop
  endfacet
  facet normal 0.000000e+00 -1.000000e+00 0.000000e+00
    outer loop
      vertex   9.869028e+01 1.024637e+02 1.445535e+02
      vertex   1.086369e+02 1.024637e+02 1.540894e+02
      vertex   9.836745e+01 1.024637e+02 1.449214e+02
    endloop
  endfacet
  facet normal 0.000000e+00 -1.000000e+00 0.000000e+00
    outer loop
      vertex   9.836745e+01 1.024637e+02 1.449214e+02
      vertex   1.086369e+02 1.024637e+02 1.540894e+02
      vertex   9.805410e+01 1.024637e+02 1.452977e+02
    endloop
  endfacet
  facet normal 0.000000e+00 -1.000000e+00 0.000000e+00
    outer loop
      vertex   9.805410e+01 1.024637e+02 1.452977e+02
      vertex   1.086369e+02 1.024637e+02 1.540894e+02
      vertex   1.083578e+02 1.024637e+02 1.543831e+02
    endloop
  endfacet
  facet normal 0.000000e+00 -1.000000e+00 0.000000e+00
    outer loop
      vertex   9.805410e+01 1.024637e+02 1.452977e+02
      vertex   1.083578e+02 1.024637e+02 1.543831e+02
      vertex   9.775037e+01 1.024637e+02 1.456823e+02
    endloop
  endfacet
  facet normal 0.000000e+00 -1.000000e+00 0.000000e+00
    outer loop
      vertex   9.775037e+01 1.024637e+02 1.456823e+02
      vertex   1.083578e+02 1.024637e+02 1.543831e+02
      vertex   9.745641e+01 1.024637e+02 1.460751e+02
    endloop
  endfacet
  facet normal 0.000000e+00 -1.000000e+00 0.000000e+00
    outer loop
      vertex   9.745641e+01 1.024637e+02 1.460751e+02
      vertex   1.083578e+02 1.024637e+02 1.543831e+02
      vertex   9.717236e+01 1.024637e+02 1.464758e+02
    endloop
  endfacet
  facet normal 0.000000e+00 -1.000000e+00 0.000000e+00
    outer loop
      vertex   9.717236e+01 1.024637e+02 1.464758e+02
      vertex   1.083578e+02 1.024637e+02 1.543831e+02
      vertex   1.081097e+02 1.024637e+02 1.547035e+02
    endloop
  endfacet
  facet normal 0.000000e+00 -1.000000e+00 0.000000e+00
    outer loop
      vertex   9.717236e+01 1.024637e+02 1.464758e+02
      vertex   1.081097e+02 1.024637e+02 1.547035e+02
      vertex   9.689835e+01 1.024637e+02 1.468843e+02
    endloop
  endfacet
  facet normal 0.000000e+00 -1.000000e+00 0.000000e+00
    outer loop
      vertex   9.689835e+01 1.024637e+02 1.468843e+02
      vertex   1.081097e+02 1.024637e+02 1.547035e+02
      vertex   9.663450e+01 1.024637e+02 1.473004e+02
    endloop
  endfacet
  facet normal 0.000000e+00 -1.000000e+00 0.000000e+00
    outer loop
      vertex   9.663450e+01 1.024637e+02 1.473004e+02
      vertex   1.081097e+02 1.024637e+02 1.547035e+02
      vertex   9.638095e+01 1.024637e+02 1.477238e+02
    endloop
  endfacet
  facet normal 0.000000e+00 -1.000000e+00 0.000000e+00
    outer loop
      vertex   9.638095e+01 1.024637e+02 1.477238e+02
      vertex   1.081097e+02 1.024637e+02 1.547035e+02
      vertex   9.613782e+01 1.024637e+02 1.481545e+02
    endloop
  endfacet
  facet normal 0.000000e+00 -1.000000e+00 0.000000e+00
    outer loop
      vertex   9.613782e+01 1.024637e+02 1.481545e+02
      vertex   1.081097e+02 1.024637e+02 1.547035e+02
      vertex   1.078954e+02 1.024637e+02 1.550474e+02
    endloop
  endfacet
  facet normal 0.000000e+00 -1.000000e+00 0.000000e+00
    outer loop
      vertex   9.613782e+01 1.024637e+02 1.481545e+02
      vertex   1.078954e+02 1.024637e+02 1.550474e+02
      vertex   9.590522e+01 1.024637e+02 1.485920e+02
    endloop
  endfacet
  facet normal 0.000000e+00 -1.000000e+00 0.000000e+00
    outer loop
      vertex   9.590522e+01 1.024637e+02 1.485920e+02
      vertex   1.078954e+02 1.024637e+02 1.550474e+02
      vertex   9.568325e+01 1.024637e+02 1.490364e+02
    endloop
  endfacet
  facet normal 0.000000e+00 -1.000000e+00 0.000000e+00
    outer loop
      vertex   9.568325e+01 1.024637e+02 1.490364e+02
      vertex   1.078954e+02 1.024637e+02 1.550474e+02
      vertex   9.547203e+01 1.024637e+02 1.494873e+02
    endloop
  endfacet
  facet normal 0.000000e+00 -1.000000e+00 0.000000e+00
    outer loop
      vertex   9.547203e+01 1.024637e+02 1.494873e+02
      vertex   1.078954e+02 1.024637e+02 1.550474e+02
      vertex   1.077170e+02 1.024637e+02 1.554111e+02
    endloop
  endfacet
  facet normal 0.000000e+00 -1.000000e+00 0.000000e+00
    outer loop
      vertex   9.547203e+01 1.024637e+02 1.494873e+02
      vertex   1.077170e+02 1.024637e+02 1.554111e+02
      vertex   9.527165e+01 1.024637e+02 1.499445e+02
    endloop
  endfacet
  facet normal 0.000000e+00 -1.000000e+00 0.000000e+00
    outer loop
      vertex   9.527165e+01 1.024637e+02 1.499445e+02
      vertex   1.077170e+02 1.024637e+02 1.554111e+02
      vertex   9.508222e+01 1.024637e+02 1.504078e+02
    endloop
  endfacet
  facet normal 0.000000e+00 -1.000000e+00 0.000000e+00
    outer loop
      vertex   9.508222e+01 1.024637e+02 1.504078e+02
      vertex   1.077170e+02 1.024637e+02 1.554111e+02
      vertex   9.490381e+01 1.024637e+02 1.508771e+02
    endloop
  endfacet
  facet normal 0.000000e+00 -1.000000e+00 0.000000e+00
    outer loop
      vertex   9.490381e+01 1.024637e+02 1.508771e+02
      vertex   1.077170e+02 1.024637e+02 1.554111e+02
      vertex   1.075762e+02 1.024637e+02 1.557911e+02
    endloop
  endfacet
  facet normal 0.000000e+00 -1.000000e+00 0.000000e+00
    outer loop
      vertex   9.490381e+01 1.024637e+02 1.508771e+02
      vertex   1.075762e+02 1.024637e+02 1.557911e+02
      vertex   9.473651e+01 1.024637e+02 1.513520e+02
    endloop
  endfacet
  facet normal 0.000000e+00 -1.000000e+00 0.000000e+00
    outer loop
      vertex   9.473651e+01 1.024637e+02 1.513520e+02
      vertex   1.075762e+02 1.024637e+02 1.557911e+02
      vertex   9.458041e+01 1.024637e+02 1.518324e+02
    endloop
  endfacet
  facet normal 0.000000e+00 -1.000000e+00 0.000000e+00
    outer loop
      vertex   9.458041e+01 1.024637e+02 1.518324e+02
      vertex   1.075762e+02 1.024637e+02 1.557911e+02
      vertex   9.443557e+01 1.024637e+02 1.523181e+02
    endloop
  endfacet
  facet normal 0.000000e+00 -1.000000e+00 0.000000e+00
    outer loop
      vertex   9.443557e+01 1.024637e+02 1.523181e+02
      vertex   1.075762e+02 1.024637e+02 1.557911e+02
      vertex   1.074747e+02 1.024637e+02 1.561834e+02
    endloop
  endfacet
  facet normal 0.000000e+00 -1.000000e+00 0.000000e+00
    outer loop
      vertex   9.443557e+01 1.024637e+02 1.523181e+02
      vertex   1.074747e+02 1.024637e+02 1.561834e+02
      vertex   9.430206e+01 1.024637e+02 1.528087e+02
    endloop
  endfacet
  facet normal 0.000000e+00 -1.000000e+00 0.000000e+00
    outer loop
      vertex   9.430206e+01 1.024637e+02 1.528087e+02
      vertex   1.074747e+02 1.024637e+02 1.561834e+02
      vertex   9.417995e+01 1.024637e+02 1.533041e+02
    endloop
  endfacet
  facet normal 0.000000e+00 -1.000000e+00 0.000000e+00
    outer loop
      vertex   9.417995e+01 1.024637e+02 1.533041e+02
      vertex   1.074747e+02 1.024637e+02 1.561834e+02
      vertex   9.406930e+01 1.024637e+02 1.538040e+02
    endloop
  endfacet
  facet normal 0.000000e+00 -1.000000e+00 0.000000e+00
    outer loop
      vertex   9.406930e+01 1.024637e+02 1.538040e+02
      vertex   1.074747e+02 1.024637e+02 1.561834e+02
      vertex   9.397015e+01 1.024637e+02 1.543083e+02
    endloop
  endfacet
  facet normal 0.000000e+00 -1.000000e+00 0.000000e+00
    outer loop
      vertex   9.397015e+01 1.024637e+02 1.543083e+02
      vertex   1.074747e+02 1.024637e+02 1.561834e+02
      vertex   1.074133e+02 1.024637e+02 1.565839e+02
    endloop
  endfacet
  facet normal 0.000000e+00 -1.000000e+00 0.000000e+00
    outer loop
      vertex   9.397015e+01 1.024637e+02 1.543083e+02
      vertex   1.074133e+02 1.024637e+02 1.565839e+02
      vertex   9.388256e+01 1.024637e+02 1.548165e+02
    endloop
  endfacet
  facet normal 0.000000e+00 -1.000000e+00 0.000000e+00
    outer loop
      vertex   9.388256e+01 1.024637e+02 1.548165e+02
      vertex   1.074133e+02 1.024637e+02 1.565839e+02
      vertex   9.380656e+01 1.024637e+02 1.553287e+02
    endloop
  endfacet
  facet normal 0.000000e+00 -1.000000e+00 0.000000e+00
    outer loop
      vertex   9.380656e+01 1.024637e+02 1.553287e+02
      vertex   1.074133e+02 1.024637e+02 1.565839e+02
      vertex   9.374220e+01 1.024637e+02 1.558444e+02
    endloop
  endfacet
  facet normal 0.000000e+00 -1.000000e+00 0.000000e+00
    outer loop
      vertex   9.374220e+01 1.024637e+02 1.558444e+02
      vertex   1.074133e+02 1.024637e+02 1.565839e+02
      vertex   1.073928e+02 1.024637e+02 1.569886e+02
    endloop
  endfacet
  facet normal 0.000000e+00 -1.000000e+00 0.000000e+00
    outer loop
      vertex   9.374220e+01 1.024637e+02 1.558444e+02
      vertex   1.073928e+02 1.024637e+02 1.569886e+02
      vertex   9.368949e+01 1.024637e+02 1.563634e+02
    endloop
  endfacet
  facet normal 9.654457e-01 2.597631e-01 2.092146e-02
    outer loop
      vertex   1.628536e+02 1.084637e+02 1.635508e+02
      vertex   1.628330e+02 1.084637e+02 1.645022e+02
      vertex   1.653870e+02 9.896374e+01 1.646001e+02
    endloop
  endfacet
  facet normal 9.654457e-01 2.597631e-01 2.092146e-02
    outer loop
      vertex   1.653870e+02 9.896374e+01 1.646001e+02
      vertex   1.628330e+02 1.084637e+02 1.645022e+02
      vertex   1.653663e+02 9.896374e+01 1.655515e+02
    endloop
  endfacet
  facet normal 9.625855e-01 2.636181e-01 6.272733e-02
    outer loop
      vertex   1.653663e+02 9.896374e+01 1.655515e+02
      vertex   1.628330e+02 1.084637e+02 1.645022e+02
      vertex   1.627712e+02 1.084637e+02 1.654508e+02
    endloop
  endfacet
  facet normal 9.625855e-01 2.636181e-01 6.272733e-02
    outer loop
      vertex   1.653663e+02 9.896374e+01 1.655515e+02
      vertex   1.627712e+02 1.084637e+02 1.654508e+02
      vertex   1.653045e+02 9.896374e+01 1.665001e+02
    endloop
  endfacet
  facet normal 9.580207e-01 2.670063e-01 1.044221e-01
    outer loop
      vertex   1.653045e+02 9.896374e+01 1.665001e+02
      vertex   1.627712e+02 1.084637e+02 1.654508e+02
      vertex   1.626683e+02 1.084637e+02 1.663949e+02
    endloop
  endfacet
  facet normal 9.580207e-01 2.670063e-01 1.044221e-01
    outer loop
      vertex   1.653045e+02 9.896374e+01 1.665001e+02
      vertex   1.626683e+02 1.084637e+02 1.663949e+02
      vertex   1.652016e+02 9.896374e+01 1.674442e+02
    endloop
  endfacet
  facet normal 9.517595e-01 2.699217e-01 1.459320e-01
    outer loop
      vertex   1.652016e+02 9.896374e+01 1.674442e+02
      vertex   1.626683e+02 1.084637e+02 1.663949e+02
      vertex   1.625245e+02 1.084637e+02 1.673328e+02
    endloop
  endfacet
  facet normal 9.517595e-01 2.699217e-01 1.459320e-01
    outer loop
      vertex   1.652016e+02 9.896374e+01 1.674442e+02
      vertex   1.625245e+02 1.084637e+02 1.673328e+02
      vertex   1.650578e+02 9.896374e+01 1.683822e+02
    endloop
  endfacet
  facet normal 9.438129e-01 2.723592e-01 1.871835e-01
    outer loop
      vertex   1.650578e+02 9.896374e+01 1.683822e+02
      vertex   1.625245e+02 1.084637e+02 1.673328e+02
      vertex   1.623400e+02 1.084637e+02 1.682629e+02
    endloop
  endfacet
  facet normal 9.438129e-01 2.723592e-01 1.871835e-01
    outer loop
      vertex   1.650578e+02 9.896374e+01 1.683822e+02
      vertex   1.623400e+02 1.084637e+02 1.682629e+02
      vertex   1.648733e+02 9.896374e+01 1.693122e+02
    endloop
  endfacet
  facet normal 9.341951e-01 2.743143e-01 2.281035e-01
    outer loop
      vertex   1.648733e+02 9.896374e+01 1.693122e+02
      vertex   1.623400e+02 1.084637e+02 1.682629e+02
      vertex   1.621152e+02 1.084637e+02 1.691835e+02
    endloop
  endfacet
  facet normal 9.341951e-01 2.743143e-01 2.281035e-01
    outer loop
      vertex   1.648733e+02 9.896374e+01 1.693122e+02
      vertex   1.621152e+02 1.084637e+02 1.691835e+02
      vertex   1.646486e+02 9.896374e+01 1.702329e+02
    endloop
  endfacet
  facet normal 9.229230e-01 2.757837e-01 2.686196e-01
    outer loop
      vertex   1.646486e+02 9.896374e+01 1.702329e+02
      vertex   1.621152e+02 1.084637e+02 1.691835e+02
      vertex   1.618505e+02 1.084637e+02 1.700930e+02
    endloop
  endfacet
  facet normal 9.229230e-01 2.757837e-01 2.686196e-01
    outer loop
      vertex   1.646486e+02 9.896374e+01 1.702329e+02
      vertex   1.618505e+02 1.084637e+02 1.700930e+02
      vertex   1.643838e+02 9.896374e+01 1.711424e+02
    endloop
  endfacet
  facet normal 9.100166e-01 2.767647e-01 3.086601e-01
    outer loop
      vertex   1.643838e+02 9.896374e+01 1.711424e+02
      vertex   1.618505e+02 1.084637e+02 1.700930e+02
      vertex   1.615463e+02 1.084637e+02 1.709898e+02
    endloop
  endfacet
  facet normal 9.100166e-01 2.767647e-01 3.086601e-01
    outer loop
      vertex   1.643838e+02 9.896374e+01 1.711424e+02
      vertex   1.615463e+02 1.084637e+02 1.709898e+02
      vertex   1.640797e+02 9.896374e+01 1.720392e+02
    endloop
  endfacet
  facet normal 8.954988e-01 2.772557e-01 3.481539e-01
    outer loop
      vertex   1.640797e+02 9.896374e+01 1.720392e+02
      vertex   1.615463e+02 1.084637e+02 1.709898e+02
      vertex   1.612032e+02 1.084637e+02 1.718723e+02
    endloop
  endfacet
  facet normal 8.954988e-01 2.772557e-01 3.481539e-01
    outer loop
      vertex   1.640797e+02 9.896374e+01 1.720392e+02
      vertex   1.612032e+02 1.084637e+02 1.718723e+02
      vertex   1.637366e+02 9.896374e+01 1.729216e+02
    endloop
  endfacet
  facet normal 8.793953e-01 2.772557e-01 3.870313e-01
    outer loop
      vertex   1.637366e+02 9.896374e+01 1.729216e+02
      vertex   1.612032e+02 1.084637e+02 1.718723e+02
      vertex   1.633552e+02 9.896374e+01 1.737883e+02
    endloop
  endfacet
  facet normal 8.793953e-01 2.772557e-01 3.870313e-01
    outer loop
      vertex   1.633552e+02 9.896374e+01 1.737883e+02
      vertex   1.612032e+02 1.084637e+02 1.718723e+02
      vertex   1.608218e+02 1.084637e+02 1.727389e+02
    endloop
  endfacet
  facet normal 8.617345e-01 2.767647e-01 4.252233e-01
    outer loop
      vertex   1.633552e+02 9.896374e+01 1.737883e+02
      vertex   1.608218e+02 1.084637e+02 1.727389e+02
      vertex   1.629361e+02 9.896374e+01 1.746375e+02
    endloop
  endfacet
  facet normal 8.617345e-01 2.767647e-01 4.252233e-01
    outer loop
      vertex   1.629361e+02 9.896374e+01 1.746375e+02
      vertex   1.608218e+02 1.084637e+02 1.727389e+02
      vertex   1.604028e+02 1.084637e+02 1.735881e+02
    endloop
  endfacet
  facet normal 8.425479e-01 2.757837e-01 4.626624e-01
    outer loop
      vertex   1.629361e+02 9.896374e+01 1.746375e+02
      vertex   1.604028e+02 1.084637e+02 1.735881e+02
      vertex   1.624802e+02 9.896374e+01 1.754678e+02
    endloop
  endfacet
  facet normal 8.425479e-01 2.757837e-01 4.626624e-01
    outer loop
      vertex   1.624802e+02 9.896374e+01 1.754678e+02
      vertex   1.604028e+02 1.084637e+02 1.735881e+02
      vertex   1.599469e+02 1.084637e+02 1.744184e+02
    endloop
  endfacet
  facet normal 8.218692e-01 2.743143e-01 4.992821e-01
    outer loop
      vertex   1.624802e+02 9.896374e+01 1.754678e+02
      vertex   1.599469e+02 1.084637e+02 1.744184e+02
      vertex   1.619882e+02 9.896374e+01 1.762777e+02
    endloop
  endfacet
  facet normal 8.218692e-01 2.743143e-01 4.992821e-01
    outer loop
      vertex   1.619882e+02 9.896374e+01 1.762777e+02
      vertex   1.599469e+02 1.084637e+02 1.744184e+02
      vertex   1.594548e+02 1.084637e+02 1.752283e+02
    endloop
  endfacet
  facet normal 7.997352e-01 2.723592e-01 5.350178e-01
    outer loop
      vertex   1.619882e+02 9.896374e+01 1.762777e+02
      vertex   1.594548e+02 1.084637e+02 1.752283e+02
      vertex   1.614609e+02 9.896374e+01 1.770658e+02
    endloop
  endfacet
  facet normal 7.997352e-01 2.723592e-01 5.350178e-01
    outer loop
      vertex   1.614609e+02 9.896374e+01 1.770658e+02
      vertex   1.594548e+02 1.084637e+02 1.752283e+02
      vertex   1.589276e+02 1.084637e+02 1.760165e+02
    endloop
  endfacet
  facet normal 7.761851e-01 2.699217e-01 5.698061e-01
    outer loop
      vertex   1.614609e+02 9.896374e+01 1.770658e+02
      vertex   1.589276e+02 1.084637e+02 1.760165e+02
      vertex   1.608994e+02 9.896374e+01 1.778307e+02
    endloop
  endfacet
  facet normal 7.761851e-01 2.699217e-01 5.698061e-01
    outer loop
      vertex   1.608994e+02 9.896374e+01 1.778307e+02
      vertex   1.589276e+02 1.084637e+02 1.760165e+02
      vertex   1.583661e+02 1.084637e+02 1.767814e+02
    endloop
  endfacet
  facet normal 7.512605e-01 2.670063e-01 6.035853e-01
    outer loop
      vertex   1.608994e+02 9.896374e+01 1.778307e+02
      vertex   1.583661e+02 1.084637e+02 1.767814e+02
      vertex   1.603046e+02 9.896374e+01 1.785710e+02
    endloop
  endfacet
  facet normal 7.512605e-01 2.670063e-01 6.035853e-01
    outer loop
      vertex   1.603046e+02 9.896374e+01 1.785710e+02
      vertex   1.583661e+02 1.084637e+02 1.767814e+02
      vertex   1.577713e+02 1.084637e+02 1.775217e+02
    endloop
  endfacet
  facet normal 7.250056e-01 2.636181e-01 6.362958e-01
    outer loop
      vertex   1.603046e+02 9.896374e+01 1.785710e+02
      vertex   1.577713e+02 1.084637e+02 1.775217e+02
      vertex   1.596775e+02 9.896374e+01 1.792855e+02
    endloop
  endfacet
  facet normal 7.250056e-01 2.636181e-01 6.362958e-01
    outer loop
      vertex   1.596775e+02 9.896374e+01 1.792855e+02
      vertex   1.577713e+02 1.084637e+02 1.775217e+02
      vertex   1.571442e+02 1.084637e+02 1.782362e+02
    endloop
  endfacet
  facet normal 6.974669e-01 2.597631e-01 6.678795e-01
    outer loop
      vertex   1.596775e+02 9.896374e+01 1.792855e+02
      vertex   1.571442e+02 1.084637e+02 1.782362e+02
      vertex   1.590194e+02 9.896374e+01 1.799728e+02
    endloop
  endfacet
  facet normal 6.974669e-01 2.597631e-01 6.678795e-01
    outer loop
      vertex   1.590194e+02 9.896374e+01 1.799728e+02
      vertex   1.571442e+02 1.084637e+02 1.782362e+02
      vertex   1.564860e+02 1.084637e+02 1.789235e+02
    endloop
  endfacet
  facet normal 6.832313e-01 2.576627e-01 6.832313e-01
    outer loop
      vertex   1.564860e+02 1.084637e+02 1.789235e+02
      vertex   1.342687e+02 1.084637e+02 2.011408e+02
      vertex   1.590194e+02 9.896374e+01 1.799728e+02
    endloop
  endfacet
  facet normal 6.832313e-01 2.576627e-01 6.832313e-01
    outer loop
      vertex   1.590194e+02 9.896374e+01 1.799728e+02
      vertex   1.342687e+02 1.084637e+02 2.011408e+02
      vertex   1.353180e+02 9.896374e+01 2.036742e+02
    endloop
  endfacet
  facet normal -0.000000e+00 2.576627e-01 9.662349e-01
    outer loop
      vertex   1.140862e+02 9.896374e+01 2.100418e+02
      vertex   1.199453e+02 9.896374e+01 2.100418e+02
      vertex   1.185162e+02 1.084637e+02 2.075084e+02
    endloop
  endfacet
  facet normal 9.640564e-15 2.576627e-01 9.662349e-01
    outer loop
      vertex   1.185162e+02 1.084637e+02 2.075084e+02
      vertex   1.199453e+02 9.896374e+01 2.100418e+02
      vertex   1.188960e+02 1.084637e+02 2.075084e+02
    endloop
  endfacet
  facet normal -9.063078e-01 4.226183e-01 2.748401e-14
    outer loop
      vertex   9.639355e+01 1.084637e+02 1.867579e+02
      vertex   9.639355e+01 1.084637e+02 1.612657e+02
      vertex   9.359570e+01 1.024637e+02 1.883579e+02
    endloop
  endfacet
  facet normal -9.063078e-01 4.226183e-01 1.766665e-14
    outer loop
      vertex   9.359570e+01 1.024637e+02 1.883579e+02
      vertex   9.639355e+01 1.084637e+02 1.612657e+02
      vertex   9.359570e+01 1.024637e+02 1.584679e+02
    endloop
  endfacet
  facet normal 9.662349e-01 2.576627e-01 0.000000e+00
    outer loop
      vertex   1.628536e+02 1.084637e+02 1.635508e+02
      vertex   1.653870e+02 9.896374e+01 1.646001e+02
      vertex   1.628536e+02 1.084637e+02 1.629964e+02
    endloop
  endfacet
  facet normal 9.662349e-01 2.576627e-01 0.000000e+00
    outer loop
      vertex   1.628536e+02 1.084637e+02 1.629964e+02
      vertex   1.653870e+02 9.896374e+01 1.646001e+02
      vertex   1.653870e+02 9.896374e+01 1.585665e+02
    endloop
  endfacet
  facet normal 1.109962e-02 4.250219e-01 -9.051150e-01
    outer loop
      vertex   1.421031e+02 1.084637e+02 1.408738e+02
      vertex   1.426310e+02 1.084637e+02 1.408803e+02
      vertex   1.437031e+02 1.024637e+02 1.380760e+02
    endloop
  endfacet
  facet normal 1.592111e-02 4.257007e-01 -9.047240e-01
    outer loop
      vertex   1.437031e+02 1.024637e+02 1.380760e+02
      vertex   1.426310e+02 1.084637e+02 1.408803e+02
      vertex   1.444598e+02 1.024637e+02 1.380893e+02
    endloop
  endfacet
  facet normal 3.328962e-02 4.298586e-01 -9.022823e-01
    outer loop
      vertex   1.444598e+02 1.024637e+02 1.380893e+02
      vertex   1.426310e+02 1.084637e+02 1.408803e+02
      vertex   1.431574e+02 1.084637e+02 1.408997e+02
    endloop
  endfacet
  facet normal 4.774753e-02 4.321739e-01 -9.005253e-01
    outer loop
      vertex   1.444598e+02 1.024637e+02 1.380893e+02
      vertex   1.431574e+02 1.084637e+02 1.408997e+02
      vertex   1.452129e+02 1.024637e+02 1.381292e+02
    endloop
  endfacet
  facet normal 5.546644e-02 4.341702e-01 -8.991216e-01
    outer loop
      vertex   1.452129e+02 1.024637e+02 1.381292e+02
      vertex   1.431574e+02 1.084637e+02 1.408997e+02
      vertex   1.436819e+02 1.084637e+02 1.409321e+02
    endloop
  endfacet
  facet normal 7.762124e-02 4.381519e-01 -8.955433e-01
    outer loop
      vertex   1.452129e+02 1.024637e+02 1.381292e+02
      vertex   1.436819e+02 1.084637e+02 1.409321e+02
      vertex   1.442042e+02 1.084637e+02 1.409773e+02
    endloop
  endfacet
  facet normal 7.951745e-02 4.383465e-01 -8.952817e-01
    outer loop
      vertex   1.452129e+02 1.024637e+02 1.381292e+02
      vertex   1.442042e+02 1.084637e+02 1.409773e+02
      vertex   1.459618e+02 1.024637e+02 1.381957e+02
    endloop
  endfacet
  facet normal 9.971384e-02 4.423974e-01 -8.912585e-01
    outer loop
      vertex   1.459618e+02 1.024637e+02 1.381957e+02
      vertex   1.442042e+02 1.084637e+02 1.409773e+02
      vertex   1.447242e+02 1.084637e+02 1.410355e+02
    endloop
  endfacet
  facet normal 1.112135e-01 4.437953e-01 -8.892004e-01
    outer loop
      vertex   1.459618e+02 1.024637e+02 1.381957e+02
      vertex   1.447242e+02 1.084637e+02 1.410355e+02
      vertex   1.467054e+02 1.024637e+02 1.382888e+02
    endloop
  endfacet
  facet normal 1.217673e-01 4.461144e-01 -8.866536e-01
    outer loop
      vertex   1.467054e+02 1.024637e+02 1.382888e+02
      vertex   1.447242e+02 1.084637e+02 1.410355e+02
      vertex   1.452414e+02 1.084637e+02 1.411066e+02
    endloop
  endfacet
  facet normal 1.291962e-01 4.471805e-01 -8.850638e-01
    outer loop
      vertex   1.467054e+02 1.024637e+02 1.382888e+02
      vertex   1.452414e+02 1.084637e+02 1.411066e+02
      vertex   1.476794e+02 9.896374e+01 1.366625e+02
    endloop
  endfacet
  facet normal 1.390418e-01 4.486581e-01 -8.828212e-01
    outer loop
      vertex   1.476794e+02 9.896374e+01 1.366625e+02
      vertex   1.452414e+02 1.084637e+02 1.411066e+02
      vertex   1.481627e+02 9.896374e+01 1.367387e+02
    endloop
  endfacet
  facet normal 1.437613e-01 4.495523e-01 -8.816096e-01
    outer loop
      vertex   1.481627e+02 9.896374e+01 1.367387e+02
      vertex   1.452414e+02 1.084637e+02 1.411066e+02
      vertex   1.457557e+02 1.084637e+02 1.411904e+02
    endloop
  endfacet
  facet normal 1.596299e-01 4.517604e-01 -8.777419e-01
    outer loop
      vertex   1.481627e+02 9.896374e+01 1.367387e+02
      vertex   1.457557e+02 1.084637e+02 1.411904e+02
      vertex   1.486431e+02 9.896374e+01 1.368260e+02
    endloop
  endfacet
  facet normal 1.656750e-01 4.528294e-01 -8.760693e-01
    outer loop
      vertex   1.486431e+02 9.896374e+01 1.368260e+02
      vertex   1.457557e+02 1.084637e+02 1.411904e+02
      vertex   1.462667e+02 1.084637e+02 1.412871e+02
    endloop
  endfacet
  facet normal 1.801446e-01 4.546590e-01 -8.722575e-01
    outer loop
      vertex   1.486431e+02 9.896374e+01 1.368260e+02
      vertex   1.462667e+02 1.084637e+02 1.412871e+02
      vertex   1.491206e+02 9.896374e+01 1.369246e+02
    endloop
  endfacet
  facet normal 1.875023e-01 4.558666e-01 -8.700739e-01
    outer loop
      vertex   1.491206e+02 9.896374e+01 1.369246e+02
      vertex   1.462667e+02 1.084637e+02 1.412871e+02
      vertex   1.467743e+02 1.084637e+02 1.413964e+02
    endloop
  endfacet
  facet normal 2.005765e-01 4.573524e-01 -8.663705e-01
    outer loop
      vertex   1.491206e+02 9.896374e+01 1.369246e+02
      vertex   1.467743e+02 1.084637e+02 1.413964e+02
      vertex   1.495948e+02 9.896374e+01 1.370344e+02
    endloop
  endfacet
  facet normal 2.092320e-01 4.586623e-01 -8.636266e-01
    outer loop
      vertex   1.495948e+02 9.896374e+01 1.370344e+02
      vertex   1.467743e+02 1.084637e+02 1.413964e+02
      vertex   1.472781e+02 1.084637e+02 1.415185e+02
    endloop
  endfacet
  facet normal 2.209160e-01 4.598394e-01 -8.600836e-01
    outer loop
      vertex   1.495948e+02 9.896374e+01 1.370344e+02
      vertex   1.472781e+02 1.084637e+02 1.415185e+02
      vertex   1.500656e+02 9.896374e+01 1.371554e+02
    endloop
  endfacet
  facet normal 2.308528e-01 4.612152e-01 -8.567307e-01
    outer loop
      vertex   1.500656e+02 9.896374e+01 1.371554e+02
      vertex   1.472781e+02 1.084637e+02 1.415185e+02
      vertex   1.477778e+02 1.084637e+02 1.416532e+02
    endloop
  endfacet
  facet normal 2.411536e-01 4.621188e-01 -8.533998e-01
    outer loop
      vertex   1.500656e+02 9.896374e+01 1.371554e+02
      vertex   1.477778e+02 1.084637e+02 1.416532e+02
      vertex   1.505328e+02 9.896374e+01 1.372874e+02
    endloop
  endfacet
  facet normal 2.523538e-01 4.635239e-01 -8.493899e-01
    outer loop
      vertex   1.505328e+02 9.896374e+01 1.372874e+02
      vertex   1.477778e+02 1.084637e+02 1.416532e+02
      vertex   1.482733e+02 1.084637e+02 1.418004e+02
    endloop
  endfacet
  facet normal 2.612798e-01 4.641895e-01 -8.463220e-01
    outer loop
      vertex   1.505328e+02 9.896374e+01 1.372874e+02
      vertex   1.482733e+02 1.084637e+02 1.418004e+02
      vertex   1.509960e+02 9.896374e+01 1.374304e+02
    endloop
  endfacet
  facet normal 2.737237e-01 4.655873e-01 -8.416078e-01
    outer loop
      vertex   1.509960e+02 9.896374e+01 1.374304e+02
      vertex   1.482733e+02 1.084637e+02 1.418004e+02
      vertex   1.487643e+02 1.084637e+02 1.419600e+02
    endloop
  endfacet
  facet normal 2.812853e-01 4.660505e-01 -8.388537e-01
    outer loop
      vertex   1.509960e+02 9.896374e+01 1.374304e+02
      vertex   1.487643e+02 1.084637e+02 1.419600e+02
      vertex   1.514552e+02 9.896374e+01 1.375844e+02
    endloop
  endfacet
  facet normal 2.949517e-01 4.674044e-01 -8.333887e-01
    outer loop
      vertex   1.514552e+02 9.896374e+01 1.375844e+02
      vertex   1.487643e+02 1.084637e+02 1.419600e+02
      vertex   1.492504e+02 1.084637e+02 1.421321e+02
    endloop
  endfacet
  facet normal 3.011608e-01 4.677010e-01 -8.309982e-01
    outer loop
      vertex   1.514552e+02 9.896374e+01 1.375844e+02
      vertex   1.492504e+02 1.084637e+02 1.421321e+02
      vertex   1.519101e+02 9.896374e+01 1.377492e+02
    endloop
  endfacet
  facet normal 3.160267e-01 4.689741e-01 -8.247366e-01
    outer loop
      vertex   1.519101e+02 9.896374e+01 1.377492e+02
      vertex   1.492504e+02 1.084637e+02 1.421321e+02
      vertex   1.497315e+02 1.084637e+02 1.423165e+02
    endloop
  endfacet
  facet normal 3.208970e-01 4.691402e-01 -8.227591e-01
    outer loop
      vertex   1.519101e+02 9.896374e+01 1.377492e+02
      vertex   1.497315e+02 1.084637e+02 1.423165e+02
      vertex   1.523604e+02 9.896374e+01 1.379249e+02
    endloop
  endfacet
  facet normal 3.369380e-01 4.702956e-01 -8.156561e-01
    outer loop
      vertex   1.523604e+02 9.896374e+01 1.379249e+02
      vertex   1.497315e+02 1.084637e+02 1.423165e+02
      vertex   1.502074e+02 1.084637e+02 1.425130e+02
    endloop
  endfacet
  facet normal 3.404846e-01 4.703674e-01 -8.141405e-01
    outer loop
      vertex   1.523604e+02 9.896374e+01 1.379249e+02
      vertex   1.502074e+02 1.084637e+02 1.425130e+02
      vertex   1.528061e+02 9.896374e+01 1.381112e+02
    endloop
  endfacet
  facet normal 3.576747e-01 4.713683e-01 -8.061518e-01
    outer loop
      vertex   1.528061e+02 9.896374e+01 1.381112e+02
      vertex   1.502074e+02 1.084637e+02 1.425130e+02
      vertex   1.506776e+02 1.084637e+02 1.427216e+02
    endloop
  endfacet
  facet normal 3.599146e-01 4.713821e-01 -8.051462e-01
    outer loop
      vertex   1.528061e+02 9.896374e+01 1.381112e+02
      vertex   1.506776e+02 1.084637e+02 1.427216e+02
      vertex   1.532468e+02 9.896374e+01 1.383083e+02
    endloop
  endfacet
  facet normal 3.782262e-01 4.721916e-01 -7.962286e-01
    outer loop
      vertex   1.532468e+02 9.896374e+01 1.383083e+02
      vertex   1.506776e+02 1.084637e+02 1.427216e+02
      vertex   1.511421e+02 1.084637e+02 1.429423e+02
    endloop
  endfacet
  facet normal 3.791780e-01 4.721839e-01 -7.957804e-01
    outer loop
      vertex   1.532468e+02 9.896374e+01 1.383083e+02
      vertex   1.511421e+02 1.084637e+02 1.429423e+02
      vertex   1.536825e+02 9.896374e+01 1.385158e+02
    endloop
  endfacet
  facet normal 3.982692e-01 4.727575e-01 -7.860547e-01
    outer loop
      vertex   1.536825e+02 9.896374e+01 1.385158e+02
      vertex   1.511421e+02 1.084637e+02 1.429423e+02
      vertex   1.541128e+02 9.896374e+01 1.387338e+02
    endloop
  endfacet
  facet normal 3.985785e-01 4.727790e-01 -7.858850e-01
    outer loop
      vertex   1.541128e+02 9.896374e+01 1.387338e+02
      vertex   1.511421e+02 1.084637e+02 1.429423e+02
      vertex   1.516005e+02 1.084637e+02 1.431748e+02
    endloop
  endfacet
  facet normal 4.171875e-01 4.730733e-01 -7.759873e-01
    outer loop
      vertex   1.541128e+02 9.896374e+01 1.387338e+02
      vertex   1.516005e+02 1.084637e+02 1.431748e+02
      vertex   1.545375e+02 9.896374e+01 1.389622e+02
    endloop
  endfacet
  facet normal 4.187136e-01 4.731577e-01 -7.751134e-01
    outer loop
      vertex   1.545375e+02 9.896374e+01 1.389622e+02
      vertex   1.516005e+02 1.084637e+02 1.431748e+02
      vertex   1.520526e+02 1.084637e+02 1.434190e+02
    endloop
  endfacet
  facet normal 4.359138e-01 4.731755e-01 -7.655613e-01
    outer loop
      vertex   1.545375e+02 9.896374e+01 1.389622e+02
      vertex   1.520526e+02 1.084637e+02 1.434190e+02
      vertex   1.549566e+02 9.896374e+01 1.392008e+02
    endloop
  endfacet
  facet normal 4.386307e-01 4.732859e-01 -7.639395e-01
    outer loop
      vertex   1.549566e+02 9.896374e+01 1.392008e+02
      vertex   1.520526e+02 1.084637e+02 1.434190e+02
      vertex   1.524983e+02 1.084637e+02 1.436749e+02
    endloop
  endfacet
  facet normal 4.544393e-01 4.730639e-01 -7.547817e-01
    outer loop
      vertex   1.549566e+02 9.896374e+01 1.392008e+02
      vertex   1.524983e+02 1.084637e+02 1.436749e+02
      vertex   1.553698e+02 9.896374e+01 1.394496e+02
    endloop
  endfacet
  facet normal 4.583195e-01 4.731637e-01 -7.523692e-01
    outer loop
      vertex   1.553698e+02 9.896374e+01 1.394496e+02
      vertex   1.524983e+02 1.084637e+02 1.436749e+02
      vertex   1.529371e+02 1.084637e+02 1.439422e+02
    endloop
  endfacet
  facet normal 4.727555e-01 4.727385e-01 -7.436535e-01
    outer loop
      vertex   1.553698e+02 9.896374e+01 1.394496e+02
      vertex   1.529371e+02 1.084637e+02 1.439422e+02
      vertex   1.557768e+02 9.896374e+01 1.397084e+02
    endloop
  endfacet
  facet normal 4.777699e-01 4.727912e-01 -7.404083e-01
    outer loop
      vertex   1.557768e+02 9.896374e+01 1.397084e+02
      vertex   1.529371e+02 1.084637e+02 1.439422e+02
      vertex   1.533691e+02 1.084637e+02 1.442209e+02
    endloop
  endfacet
  facet normal 4.908538e-01 4.721996e-01 -7.321817e-01
    outer loop
      vertex   1.557768e+02 9.896374e+01 1.397084e+02
      vertex   1.533691e+02 1.084637e+02 1.442209e+02
      vertex   1.561776e+02 9.896374e+01 1.399771e+02
    endloop
  endfacet
  facet normal 4.969719e-01 4.721685e-01 -7.280631e-01
    outer loop
      vertex   1.561776e+02 9.896374e+01 1.399771e+02
      vertex   1.533691e+02 1.084637e+02 1.442209e+02
      vertex   1.537938e+02 1.084637e+02 1.445109e+02
    endloop
  endfacet
  facet normal 5.087257e-01 4.714473e-01 -7.203719e-01
    outer loop
      vertex   1.561776e+02 9.896374e+01 1.399771e+02
      vertex   1.537938e+02 1.084637e+02 1.445109e+02
      vertex   1.565720e+02 9.896374e+01 1.402555e+02
    endloop
  endfacet
  facet normal 5.159156e-01 4.712960e-01 -7.153399e-01
    outer loop
      vertex   1.565720e+02 9.896374e+01 1.402555e+02
      vertex   1.537938e+02 1.084637e+02 1.445109e+02
      vertex   1.542111e+02 1.084637e+02 1.448118e+02
    endloop
  endfacet
  facet normal 5.263629e-01 4.704820e-01 -7.082294e-01
    outer loop
      vertex   1.565720e+02 9.896374e+01 1.402555e+02
      vertex   1.542111e+02 1.084637e+02 1.448118e+02
      vertex   1.569596e+02 9.896374e+01 1.405437e+02
    endloop
  endfacet
  facet normal 5.345912e-01 4.701741e-01 -7.022453e-01
    outer loop
      vertex   1.569596e+02 9.896374e+01 1.405437e+02
      vertex   1.542111e+02 1.084637e+02 1.448118e+02
      vertex   1.546207e+02 1.084637e+02 1.451237e+02
    endloop
  endfacet
  facet normal 5.437572e-01 4.693041e-01 -6.957599e-01
    outer loop
      vertex   1.569596e+02 9.896374e+01 1.405437e+02
      vertex   1.546207e+02 1.084637e+02 1.451237e+02
      vertex   1.573405e+02 9.896374e+01 1.408413e+02
    endloop
  endfacet
  facet normal 5.529892e-01 4.688035e-01 -6.887861e-01
    outer loop
      vertex   1.573405e+02 9.896374e+01 1.408413e+02
      vertex   1.546207e+02 1.084637e+02 1.451237e+02
      vertex   1.550225e+02 1.084637e+02 1.454463e+02
    endloop
  endfacet
  facet normal 5.609004e-01 4.679142e-01 -6.829693e-01
    outer loop
      vertex   1.573405e+02 9.896374e+01 1.408413e+02
      vertex   1.550225e+02 1.084637e+02 1.454463e+02
      vertex   1.577143e+02 9.896374e+01 1.411483e+02
    endloop
  endfacet
  facet normal 5.711000e-01 4.671848e-01 -6.749690e-01
    outer loop
      vertex   1.577143e+02 9.896374e+01 1.411483e+02
      vertex   1.550225e+02 1.084637e+02 1.454463e+02
      vertex   1.554163e+02 1.084637e+02 1.457794e+02
    endloop
  endfacet
  facet normal 5.777847e-01 4.663129e-01 -6.698635e-01
    outer loop
      vertex   1.577143e+02 9.896374e+01 1.411483e+02
      vertex   1.554163e+02 1.084637e+02 1.457794e+02
      vertex   1.580810e+02 9.896374e+01 1.414646e+02
    endloop
  endfacet
  facet normal 5.889144e-01 4.653188e-01 -6.608012e-01
    outer loop
      vertex   1.580810e+02 9.896374e+01 1.414646e+02
      vertex   1.554163e+02 1.084637e+02 1.457794e+02
      vertex   1.558017e+02 1.084637e+02 1.461229e+02
    endloop
  endfacet
  facet normal 5.944022e-01 4.645011e-01 -6.564486e-01
    outer loop
      vertex   1.580810e+02 9.896374e+01 1.414646e+02
      vertex   1.558017e+02 1.084637e+02 1.461229e+02
      vertex   1.584403e+02 9.896374e+01 1.417900e+02
    endloop
  endfacet
  facet normal 6.064230e-01 4.632065e-01 -6.462901e-01
    outer loop
      vertex   1.584403e+02 9.896374e+01 1.417900e+02
      vertex   1.558017e+02 1.084637e+02 1.461229e+02
      vertex   1.561787e+02 1.084637e+02 1.464767e+02
    endloop
  endfacet
  facet normal 6.107450e-01 4.624795e-01 -6.427310e-01
    outer loop
      vertex   1.584403e+02 9.896374e+01 1.417900e+02
      vertex   1.561787e+02 1.084637e+02 1.464767e+02
      vertex   1.587921e+02 9.896374e+01 1.421243e+02
    endloop
  endfacet
  facet normal 6.236170e-01 4.608489e-01 -6.314429e-01
    outer loop
      vertex   1.587921e+02 9.896374e+01 1.421243e+02
      vertex   1.561787e+02 1.084637e+02 1.464767e+02
      vertex   1.565471e+02 1.084637e+02 1.468405e+02
    endloop
  endfacet
  facet normal 6.268058e-01 4.602492e-01 -6.287170e-01
    outer loop
      vertex   1.587921e+02 9.896374e+01 1.421243e+02
      vertex   1.565471e+02 1.084637e+02 1.468405e+02
      vertex   1.591363e+02 9.896374e+01 1.424674e+02
    endloop
  endfacet
  facet normal 6.404873e-01 4.582472e-01 -6.162674e-01
    outer loop
      vertex   1.591363e+02 9.896374e+01 1.424674e+02
      vertex   1.565471e+02 1.084637e+02 1.468405e+02
      vertex   1.569066e+02 1.084637e+02 1.472141e+02
    endloop
  endfacet
  facet normal 6.425770e-01 4.578113e-01 -6.144133e-01
    outer loop
      vertex   1.591363e+02 9.896374e+01 1.424674e+02
      vertex   1.569066e+02 1.084637e+02 1.472141e+02
      vertex   1.594726e+02 9.896374e+01 1.428191e+02
    endloop
  endfacet
  facet normal 6.570252e-01 4.554027e-01 -6.007714e-01
    outer loop
      vertex   1.594726e+02 9.896374e+01 1.428191e+02
      vertex   1.569066e+02 1.084637e+02 1.472141e+02
      vertex   1.572570e+02 1.084637e+02 1.475974e+02
    endloop
  endfacet
  facet normal 6.580513e-01 4.551668e-01 -5.998264e-01
    outer loop
      vertex   1.594726e+02 9.896374e+01 1.428191e+02
      vertex   1.572570e+02 1.084637e+02 1.475974e+02
      vertex   1.598010e+02 9.896374e+01 1.431794e+02
    endloop
  endfacet
  facet normal 6.732215e-01 4.523170e-01 -5.849633e-01
    outer loop
      vertex   1.598010e+02 9.896374e+01 1.431794e+02
      vertex   1.572570e+02 1.084637e+02 1.475974e+02
      vertex   1.601212e+02 9.896374e+01 1.435479e+02
    endloop
  endfacet
  facet normal 6.732221e-01 4.523169e-01 -5.849627e-01
    outer loop
      vertex   1.601212e+02 9.896374e+01 1.435479e+02
      vertex   1.572570e+02 1.084637e+02 1.475974e+02
      vertex   1.575982e+02 1.084637e+02 1.479901e+02
    endloop
  endfacet
  facet normal 6.881042e-01 4.492028e-01 -5.698504e-01
    outer loop
      vertex   1.601212e+02 9.896374e+01 1.435479e+02
      vertex   1.575982e+02 1.084637e+02 1.479901e+02
      vertex   1.604331e+02 9.896374e+01 1.439246e+02
    endloop
  endfacet
  facet normal 6.890477e-01 4.490482e-01 -5.688313e-01
    outer loop
      vertex   1.604331e+02 9.896374e+01 1.439246e+02
      vertex   1.575982e+02 1.084637e+02 1.479901e+02
      vertex   1.579301e+02 1.084637e+02 1.483920e+02
    endloop
  endfacet
  facet normal 7.026697e-01 4.458857e-01 -5.544739e-01
    outer loop
      vertex   1.604331e+02 9.896374e+01 1.439246e+02
      vertex   1.579301e+02 1.084637e+02 1.483920e+02
      vertex   1.607367e+02 9.896374e+01 1.443092e+02
    endloop
  endfacet
  facet normal 7.045150e-01 4.455417e-01 -5.524049e-01
    outer loop
      vertex   1.607367e+02 9.896374e+01 1.443092e+02
      vertex   1.579301e+02 1.084637e+02 1.483920e+02
      vertex   1.582523e+02 1.084637e+02 1.488030e+02
    endloop
  endfacet
  facet normal 7.169111e-01 4.423674e-01 -5.388410e-01
    outer loop
      vertex   1.607367e+02 9.896374e+01 1.443092e+02
      vertex   1.582523e+02 1.084637e+02 1.488030e+02
      vertex   1.610316e+02 9.896374e+01 1.447016e+02
    endloop
  endfacet
  facet normal 7.196161e-01 4.417993e-01 -5.356921e-01
    outer loop
      vertex   1.610316e+02 9.896374e+01 1.447016e+02
      vertex   1.582523e+02 1.084637e+02 1.488030e+02
      vertex   1.585648e+02 1.084637e+02 1.492227e+02
    endloop
  endfacet
  facet normal 7.308218e-01 4.386494e-01 -5.229590e-01
    outer loop
      vertex   1.610316e+02 9.896374e+01 1.447016e+02
      vertex   1.585648e+02 1.084637e+02 1.492227e+02
      vertex   1.613179e+02 9.896374e+01 1.451017e+02
    endloop
  endfacet
  facet normal 7.343432e-01 4.378230e-01 -5.187013e-01
    outer loop
      vertex   1.613179e+02 9.896374e+01 1.451017e+02
      vertex   1.585648e+02 1.084637e+02 1.492227e+02
      vertex   1.588674e+02 1.084637e+02 1.496511e+02
    endloop
  endfacet
  facet normal 7.443955e-01 4.347335e-01 -5.068354e-01
    outer loop
      vertex   1.613179e+02 9.896374e+01 1.451017e+02
      vertex   1.588674e+02 1.084637e+02 1.496511e+02
      vertex   1.615953e+02 9.896374e+01 1.455092e+02
    endloop
  endfacet
  facet normal 7.486888e-01 4.336146e-01 -5.014414e-01
    outer loop
      vertex   1.615953e+02 9.896374e+01 1.455092e+02
      vertex   1.588674e+02 1.084637e+02 1.496511e+02
      vertex   1.591599e+02 1.084637e+02 1.500878e+02
    endloop
  endfacet
  facet normal 7.576257e-01 4.306216e-01 -4.904777e-01
    outer loop
      vertex   1.615953e+02 9.896374e+01 1.455092e+02
      vertex   1.591599e+02 1.084637e+02 1.500878e+02
      vertex   1.618638e+02 9.896374e+01 1.459239e+02
    endloop
  endfacet
  facet normal 7.626453e-01 4.291765e-01 -4.839212e-01
    outer loop
      vertex   1.618638e+02 9.896374e+01 1.459239e+02
      vertex   1.591599e+02 1.084637e+02 1.500878e+02
      vertex   1.594422e+02 1.084637e+02 1.505327e+02
    endloop
  endfacet
  facet normal 7.705064e-01 4.263155e-01 -4.738935e-01
    outer loop
      vertex   1.618638e+02 9.896374e+01 1.459239e+02
      vertex   1.594422e+02 1.084637e+02 1.505327e+02
      vertex   1.621232e+02 9.896374e+01 1.463456e+02
    endloop
  endfacet
  facet normal 7.762055e-01 4.245108e-01 -4.661497e-01
    outer loop
      vertex   1.621232e+02 9.896374e+01 1.463456e+02
      vertex   1.594422e+02 1.084637e+02 1.505327e+02
      vertex   1.597141e+02 1.084637e+02 1.509855e+02
    endloop
  endfacet
  facet normal 7.830315e-01 4.218173e-01 -4.570906e-01
    outer loop
      vertex   1.621232e+02 9.896374e+01 1.463456e+02
      vertex   1.597141e+02 1.084637e+02 1.509855e+02
      vertex   1.623734e+02 9.896374e+01 1.467743e+02
    endloop
  endfacet
  facet normal 7.893625e-01 4.196200e-01 -4.481361e-01
    outer loop
      vertex   1.623734e+02 9.896374e+01 1.467743e+02
      vertex   1.597141e+02 1.084637e+02 1.509855e+02
      vertex   1.599755e+02 1.084637e+02 1.514460e+02
    endloop
  endfacet
  facet normal 7.951954e-01 4.171291e-01 -4.400768e-01
    outer loop
      vertex   1.623734e+02 9.896374e+01 1.467743e+02
      vertex   1.599755e+02 1.084637e+02 1.514460e+02
      vertex   1.626143e+02 9.896374e+01 1.472095e+02
    endloop
  endfacet
  facet normal 8.021093e-01 4.145066e-01 -4.298895e-01
    outer loop
      vertex   1.626143e+02 9.896374e+01 1.472095e+02
      vertex   1.599755e+02 1.084637e+02 1.514460e+02
      vertex   1.602263e+02 1.084637e+02 1.519139e+02
    endloop
  endfacet
  facet normal 8.069925e-01 4.122531e-01 -4.228600e-01
    outer loop
      vertex   1.626143e+02 9.896374e+01 1.472095e+02
      vertex   1.602263e+02 1.084637e+02 1.519139e+02
      vertex   1.628458e+02 9.896374e+01 1.476513e+02
    endloop
  endfacet
  facet normal 8.144394e-01 4.091731e-01 -4.114194e-01
    outer loop
      vertex   1.628458e+02 9.896374e+01 1.476513e+02
      vertex   1.602263e+02 1.084637e+02 1.519139e+02
      vertex   1.604663e+02 1.084637e+02 1.523890e+02
    endloop
  endfacet
  facet normal 8.184171e-01 4.071916e-01 -4.054484e-01
    outer loop
      vertex   1.628458e+02 9.896374e+01 1.476513e+02
      vertex   1.604663e+02 1.084637e+02 1.523890e+02
      vertex   1.630677e+02 9.896374e+01 1.480993e+02
    endloop
  endfacet
  facet normal 8.263463e-01 4.036222e-01 -3.927352e-01
    outer loop
      vertex   1.630677e+02 9.896374e+01 1.480993e+02
      vertex   1.604663e+02 1.084637e+02 1.523890e+02
      vertex   1.606954e+02 1.084637e+02 1.528710e+02
    endloop
  endfacet
  facet normal 8.294643e-01 4.019470e-01 -3.878500e-01
    outer loop
      vertex   1.630677e+02 9.896374e+01 1.480993e+02
      vertex   1.606954e+02 1.084637e+02 1.528710e+02
      vertex   1.632800e+02 9.896374e+01 1.485533e+02
    endloop
  endfacet
  facet normal 8.378237e-01 3.978569e-01 -3.738467e-01
    outer loop
      vertex   1.632800e+02 9.896374e+01 1.485533e+02
      vertex   1.606954e+02 1.084637e+02 1.528710e+02
      vertex   1.609135e+02 1.084637e+02 1.533598e+02
    endloop
  endfacet
  facet normal 8.401288e-01 3.965218e-01 -3.700730e-01
    outer loop
      vertex   1.632800e+02 9.896374e+01 1.485533e+02
      vertex   1.609135e+02 1.084637e+02 1.533598e+02
      vertex   1.634826e+02 9.896374e+01 1.490132e+02
    endloop
  endfacet
  facet normal 8.488658e-01 3.918799e-01 -3.547634e-01
    outer loop
      vertex   1.634826e+02 9.896374e+01 1.490132e+02
      vertex   1.609135e+02 1.084637e+02 1.533598e+02
      vertex   1.611204e+02 1.084637e+02 1.538549e+02
    endloop
  endfacet
  facet normal 8.504058e-01 3.909186e-01 -3.521258e-01
    outer loop
      vertex   1.634826e+02 9.896374e+01 1.490132e+02
      vertex   1.611204e+02 1.084637e+02 1.538549e+02
      vertex   1.636753e+02 9.896374e+01 1.494787e+02
    endloop
  endfacet
  facet normal 8.594666e-01 3.856944e-01 -3.354952e-01
    outer loop
      vertex   1.636753e+02 9.896374e+01 1.494787e+02
      vertex   1.611204e+02 1.084637e+02 1.538549e+02
      vertex   1.613161e+02 1.084637e+02 1.543563e+02
    endloop
  endfacet
  facet normal 8.602907e-01 3.851400e-01 -3.340167e-01
    outer loop
      vertex   1.636753e+02 9.896374e+01 1.494787e+02
      vertex   1.613161e+02 1.084637e+02 1.543563e+02
      vertex   1.638582e+02 9.896374e+01 1.499496e+02
    endloop
  endfacet
  facet normal 8.696206e-01 3.793035e-01 -3.160520e-01
    outer loop
      vertex   1.638582e+02 9.896374e+01 1.499496e+02
      vertex   1.613161e+02 1.084637e+02 1.543563e+02
      vertex   1.615005e+02 1.084637e+02 1.548636e+02
    endloop
  endfacet
  facet normal 8.697789e-01 3.791887e-01 -3.157541e-01
    outer loop
      vertex   1.638582e+02 9.896374e+01 1.499496e+02
      vertex   1.615005e+02 1.084637e+02 1.548636e+02
      vertex   1.640310e+02 9.896374e+01 1.504258e+02
    endloop
  endfacet
  facet normal 8.788848e-01 3.730184e-01 -2.973529e-01
    outer loop
      vertex   1.640310e+02 9.896374e+01 1.504258e+02
      vertex   1.615005e+02 1.084637e+02 1.548636e+02
      vertex   1.641938e+02 9.896374e+01 1.509069e+02
    endloop
  endfacet
  facet normal 8.793049e-01 3.727565e-01 -2.964380e-01
    outer loop
      vertex   1.641938e+02 9.896374e+01 1.509069e+02
      vertex   1.615005e+02 1.084637e+02 1.548636e+02
      vertex   1.616734e+02 1.084637e+02 1.553765e+02
    endloop
  endfacet
  facet normal 8.875916e-01 3.666643e-01 -2.788163e-01
    outer loop
      vertex   1.641938e+02 9.896374e+01 1.509069e+02
      vertex   1.616734e+02 1.084637e+02 1.553765e+02
      vertex   1.643464e+02 9.896374e+01 1.513928e+02
    endloop
  endfacet
  facet normal 8.885264e-01 3.660266e-01 -2.766684e-01
    outer loop
      vertex   1.643464e+02 9.896374e+01 1.513928e+02
      vertex   1.616734e+02 1.084637e+02 1.553765e+02
      vertex   1.618348e+02 1.084637e+02 1.558948e+02
    endloop
  endfacet
  facet normal 8.958889e-01 3.601455e-01 -2.601506e-01
    outer loop
      vertex   1.643464e+02 9.896374e+01 1.513928e+02
      vertex   1.618348e+02 1.084637e+02 1.558948e+02
      vertex   1.644888e+02 9.896374e+01 1.518832e+02
    endloop
  endfacet
  facet normal 8.972861e-01 3.591021e-01 -2.567554e-01
    outer loop
      vertex   1.644888e+02 9.896374e+01 1.518832e+02
      vertex   1.618348e+02 1.084637e+02 1.558948e+02
      vertex   1.619845e+02 1.084637e+02 1.564182e+02
    endloop
  endfacet
  facet normal 9.037730e-01 3.534650e-01 -2.413645e-01
    outer loop
      vertex   1.644888e+02 9.896374e+01 1.518832e+02
      vertex   1.619845e+02 1.084637e+02 1.564182e+02
      vertex   1.646210e+02 9.896374e+01 1.523779e+02
    endloop
  endfacet
  facet normal 9.055795e-01 3.519865e-01 -2.367093e-01
    outer loop
      vertex   1.646210e+02 9.896374e+01 1.523779e+02
      vertex   1.619845e+02 1.084637e+02 1.564182e+02
      vertex   1.621226e+02 1.084637e+02 1.569464e+02
    endloop
  endfacet
  facet normal 9.112403e-01 3.466260e-01 -2.224668e-01
    outer loop
      vertex   1.646210e+02 9.896374e+01 1.523779e+02
      vertex   1.621226e+02 1.084637e+02 1.569464e+02
      vertex   1.647427e+02 9.896374e+01 1.528767e+02
    endloop
  endfacet
  facet normal 9.134022e-01 3.446834e-01 -2.165404e-01
    outer loop
      vertex   1.647427e+02 9.896374e+01 1.528767e+02
      vertex   1.621226e+02 1.084637e+02 1.569464e+02
      vertex   1.622489e+02 1.084637e+02 1.574793e+02
    endloop
  endfacet
  facet normal 9.182874e-01 3.396317e-01 -2.034664e-01
    outer loop
      vertex   1.647427e+02 9.896374e+01 1.528767e+02
      vertex   1.622489e+02 1.084637e+02 1.574793e+02
      vertex   1.648541e+02 9.896374e+01 1.533794e+02
    endloop
  endfacet
  facet normal 9.207501e-01 3.371967e-01 -1.962591e-01
    outer loop
      vertex   1.648541e+02 9.896374e+01 1.533794e+02
      vertex   1.622489e+02 1.084637e+02 1.574793e+02
      vertex   1.623634e+02 1.084637e+02 1.580164e+02
    endloop
  endfacet
  facet normal 9.249110e-01 3.324854e-01 -1.843720e-01
    outer loop
      vertex   1.648541e+02 9.896374e+01 1.533794e+02
      vertex   1.623634e+02 1.084637e+02 1.580164e+02
      vertex   1.649550e+02 9.896374e+01 1.538857e+02
    endloop
  endfacet
  facet normal 9.276193e-01 3.295300e-01 -1.758758e-01
    outer loop
      vertex   1.649550e+02 9.896374e+01 1.538857e+02
      vertex   1.623634e+02 1.084637e+02 1.580164e+02
      vertex   1.624660e+02 1.084637e+02 1.585575e+02
    endloop
  endfacet
  facet normal 9.311083e-01 3.251904e-01 -1.651925e-01
    outer loop
      vertex   1.649550e+02 9.896374e+01 1.538857e+02
      vertex   1.624660e+02 1.084637e+02 1.585575e+02
      vertex   1.650455e+02 9.896374e+01 1.543953e+02
    endloop
  endfacet
  facet normal 9.340062e-01 3.216875e-01 -1.554012e-01
    outer loop
      vertex   1.650455e+02 9.896374e+01 1.543953e+02
      vertex   1.624660e+02 1.084637e+02 1.585575e+02
      vertex   1.625567e+02 1.084637e+02 1.591023e+02
    endloop
  endfacet
  facet normal 9.368763e-01 3.177501e-01 -1.459370e-01
    outer loop
      vertex   1.650455e+02 9.896374e+01 1.543953e+02
      vertex   1.625567e+02 1.084637e+02 1.591023e+02
      vertex   1.651254e+02 9.896374e+01 1.549082e+02
    endloop
  endfacet
  facet normal 9.399074e-01 3.136730e-01 -1.348456e-01
    outer loop
      vertex   1.651254e+02 9.896374e+01 1.549082e+02
      vertex   1.625567e+02 1.084637e+02 1.591023e+02
      vertex   1.626353e+02 1.084637e+02 1.596506e+02
    endloop
  endfacet
  facet normal 9.422126e-01 3.101680e-01 -1.266142e-01
    outer loop
      vertex   1.651254e+02 9.896374e+01 1.549082e+02
      vertex   1.626353e+02 1.084637e+02 1.596506e+02
      vertex   1.651947e+02 9.896374e+01 1.554239e+02
    endloop
  endfacet
  facet normal 9.453197e-01 3.054907e-01 -1.142198e-01
    outer loop
      vertex   1.651947e+02 9.896374e+01 1.554239e+02
      vertex   1.626353e+02 1.084637e+02 1.596506e+02
      vertex   1.627020e+02 1.084637e+02 1.602020e+02
    endloop
  endfacet
  facet normal 9.471148e-01 3.024477e-01 -1.072333e-01
    outer loop
      vertex   1.651947e+02 9.896374e+01 1.554239e+02
      vertex   1.627020e+02 1.084637e+02 1.602020e+02
      vertex   1.652534e+02 9.896374e+01 1.559424e+02
    endloop
  endfacet
  facet normal 9.502401e-01 2.971447e-01 -9.353434e-02
    outer loop
      vertex   1.652534e+02 9.896374e+01 1.559424e+02
      vertex   1.627020e+02 1.084637e+02 1.602020e+02
      vertex   1.627565e+02 1.084637e+02 1.607564e+02
    endloop
  endfacet
  facet normal 9.515806e-01 2.945928e-01 -8.780310e-02
    outer loop
      vertex   1.652534e+02 9.896374e+01 1.559424e+02
      vertex   1.627565e+02 1.084637e+02 1.607564e+02
      vertex   1.653014e+02 9.896374e+01 1.564633e+02
    endloop
  endfacet
  facet normal 9.546661e-01 2.886395e-01 -7.280001e-02
    outer loop
      vertex   1.653014e+02 9.896374e+01 1.564633e+02
      vertex   1.627565e+02 1.084637e+02 1.607564e+02
      vertex   1.627990e+02 1.084637e+02 1.613132e+02
    endloop
  endfacet
  facet normal 9.556082e-01 2.866070e-01 -6.833273e-02
    outer loop
      vertex   1.653014e+02 9.896374e+01 1.564633e+02
      vertex   1.627990e+02 1.084637e+02 1.613132e+02
      vertex   1.653388e+02 9.896374e+01 1.569864e+02
    endloop
  endfacet
  facet normal 9.585952e-01 2.799792e-01 -5.202752e-02
    outer loop
      vertex   1.653388e+02 9.896374e+01 1.569864e+02
      vertex   1.627990e+02 1.084637e+02 1.613132e+02
      vertex   1.628293e+02 1.084637e+02 1.618724e+02
    endloop
  endfacet
  facet normal 9.591958e-01 2.784939e-01 -4.883117e-02
    outer loop
      vertex   1.653388e+02 9.896374e+01 1.569864e+02
      vertex   1.628293e+02 1.084637e+02 1.618724e+02
      vertex   1.653656e+02 9.896374e+01 1.575114e+02
    endloop
  endfacet
  facet normal 9.620252e-01 2.711684e-01 -3.122762e-02
    outer loop
      vertex   1.653656e+02 9.896374e+01 1.575114e+02
      vertex   1.628293e+02 1.084637e+02 1.618724e+02
      vertex   1.628475e+02 1.084637e+02 1.624336e+02
    endloop
  endfacet
  facet normal 9.623419e-01 2.702575e-01 -2.930743e-02
    outer loop
      vertex   1.653656e+02 9.896374e+01 1.575114e+02
      vertex   1.628475e+02 1.084637e+02 1.624336e+02
      vertex   1.653816e+02 9.896374e+01 1.580382e+02
    endloop
  endfacet
  facet normal 9.649542e-01 2.622116e-01 -1.041111e-02
    outer loop
      vertex   1.653816e+02 9.896374e+01 1.580382e+02
      vertex   1.628475e+02 1.084637e+02 1.624336e+02
      vertex   1.628536e+02 1.084637e+02 1.629964e+02
    endloop
  endfacet
  facet normal 9.650452e-01 2.619015e-01 -9.770553e-03
    outer loop
      vertex   1.653816e+02 9.896374e+01 1.580382e+02
      vertex   1.628536e+02 1.084637e+02 1.629964e+02
      vertex   1.653870e+02 9.896374e+01 1.585665e+02
    endloop
  endfacet
  facet normal 1.183927e-01 4.453123e-01 -8.875135e-01
    outer loop
      vertex   1.476794e+02 9.896374e+01 1.366625e+02
      vertex   1.471936e+02 9.896374e+01 1.365977e+02
      vertex   1.467054e+02 1.024637e+02 1.382888e+02
    endloop
  endfacet
  facet normal 9.757057e-02 4.439573e-01 -8.907199e-01
    outer loop
      vertex   1.467054e+02 1.024637e+02 1.382888e+02
      vertex   1.471936e+02 9.896374e+01 1.365977e+02
      vertex   1.467054e+02 9.896374e+01 1.365443e+02
    endloop
  endfacet
  facet normal 2.966421e-13 1.000000e+00 2.394743e-14
    outer loop
      vertex   1.129721e+02 1.084637e+02 1.572452e+02
      vertex   1.128872e+02 1.084637e+02 1.998356e+02
      vertex   1.129928e+02 1.084637e+02 1.569886e+02
    endloop
  endfacet
  facet normal 2.627915e-14 1.000000e+00 2.328130e-14
    outer loop
      vertex   1.129928e+02 1.084637e+02 1.569886e+02
      vertex   1.128872e+02 1.084637e+02 1.998356e+02
      vertex   1.130580e+02 1.084637e+02 1.996428e+02
    endloop
  endfacet
  facet normal 1.901765e-14 1.000000e+00 2.329239e-14
    outer loop
      vertex   1.129928e+02 1.084637e+02 1.569886e+02
      vertex   1.130580e+02 1.084637e+02 1.996428e+02
      vertex   1.132574e+02 1.084637e+02 1.994800e+02
    endloop
  endfacet
  facet normal 9.553304e-14 1.000000e+00 2.354678e-14
    outer loop
      vertex   1.129721e+02 1.084637e+02 1.572452e+02
      vertex   1.129105e+02 1.084637e+02 1.574952e+02
      vertex   1.128872e+02 1.084637e+02 1.998356e+02
    endloop
  endfacet
  facet normal 5.521441e-14 1.000000e+00 2.352466e-14
    outer loop
      vertex   1.128872e+02 1.084637e+02 1.998356e+02
      vertex   1.129105e+02 1.084637e+02 1.574952e+02
      vertex   1.128095e+02 1.084637e+02 1.577321e+02
    endloop
  endfacet
  facet normal 3.725369e-14 1.000000e+00 2.355781e-14
    outer loop
      vertex   1.128872e+02 1.084637e+02 1.998356e+02
      vertex   1.128095e+02 1.084637e+02 1.577321e+02
      vertex   1.127496e+02 1.084637e+02 2.000532e+02
    endloop
  endfacet
  facet normal 3.725369e-14 1.000000e+00 2.355781e-14
    outer loop
      vertex   1.127496e+02 1.084637e+02 2.000532e+02
      vertex   1.128095e+02 1.084637e+02 1.577321e+02
      vertex   1.126719e+02 1.084637e+02 1.579497e+02
    endloop
  endfacet
  facet normal 5.521441e-14 1.000000e+00 2.352466e-14
    outer loop
      vertex   1.127496e+02 1.084637e+02 2.000532e+02
      vertex   1.126719e+02 1.084637e+02 1.579497e+02
      vertex   1.126487e+02 1.084637e+02 2.002901e+02
    endloop
  endfacet
  facet normal 2.653610e-14 1.000000e+00 2.350893e-14
    outer loop
      vertex   1.126487e+02 1.084637e+02 2.002901e+02
      vertex   1.126719e+02 1.084637e+02 1.579497e+02
      vertex   1.125012e+02 1.084637e+02 1.581425e+02
    endloop
  endfacet
  facet normal 9.441554e-14 1.000000e+00 2.327134e-14
    outer loop
      vertex   1.126487e+02 1.084637e+02 2.002901e+02
      vertex   1.125012e+02 1.084637e+02 1.581425e+02
      vertex   1.125871e+02 1.084637e+02 2.005401e+02
    endloop
  endfacet
  facet normal 2.835212e-13 1.000000e+00 2.288820e-14
    outer loop
      vertex   1.125871e+02 1.084637e+02 2.005401e+02
      vertex   1.125012e+02 1.084637e+02 1.581425e+02
      vertex   1.125663e+02 1.084637e+02 2.007968e+02
    endloop
  endfacet
  facet normal 1.901765e-14 1.000000e+00 2.329239e-14
    outer loop
      vertex   1.125663e+02 1.084637e+02 2.007968e+02
      vertex   1.125012e+02 1.084637e+02 1.581425e+02
      vertex   1.123017e+02 1.084637e+02 1.583053e+02
    endloop
  endfacet
  facet normal 1.346783e-14 1.000000e+00 2.332696e-14
    outer loop
      vertex   1.125663e+02 1.084637e+02 2.007968e+02
      vertex   1.123017e+02 1.084637e+02 1.583053e+02
      vertex   1.120787e+02 1.084637e+02 1.584341e+02
    endloop
  endfacet
  facet normal 8.866834e-15 1.000000e+00 2.337992e-14
    outer loop
      vertex   1.120787e+02 1.084637e+02 1.584341e+02
      vertex   1.118379e+02 1.084637e+02 1.585254e+02
      vertex   1.125663e+02 1.084637e+02 2.007968e+02
    endloop
  endfacet
  facet normal 4.787395e-15 1.000000e+00 2.345021e-14
    outer loop
      vertex   1.125663e+02 1.084637e+02 2.007968e+02
      vertex   1.118379e+02 1.084637e+02 1.585254e+02
      vertex   1.115857e+02 1.084637e+02 1.585769e+02
    endloop
  endfacet
  facet normal 5.346483e-14 1.000000e+00 2.231954e-14
    outer loop
      vertex   1.125663e+02 1.084637e+02 2.007968e+02
      vertex   1.115857e+02 1.084637e+02 1.585769e+02
      vertex   9.803273e+01 1.084637e+02 1.948622e+02
    endloop
  endfacet
  facet normal 9.614309e-17 1.000000e+00 2.385766e-15
    outer loop
      vertex   9.803273e+01 1.084637e+02 1.948622e+02
      vertex   1.115857e+02 1.084637e+02 1.585769e+02
      vertex   1.113284e+02 1.084637e+02 1.585873e+02
    endloop
  endfacet
  facet normal -2.732451e-16 1.000000e+00 2.250376e-15
    outer loop
      vertex   9.803273e+01 1.084637e+02 1.948622e+02
      vertex   1.113284e+02 1.084637e+02 1.585873e+02
      vertex   1.110728e+02 1.084637e+02 1.585562e+02
    endloop
  endfacet
  facet normal -6.161548e-16 1.000000e+00 2.127213e-15
    outer loop
      vertex   1.110728e+02 1.084637e+02 1.585562e+02
      vertex   1.108254e+02 1.084637e+02 1.584846e+02
      vertex   9.803273e+01 1.084637e+02 1.948622e+02
    endloop
  endfacet
  facet normal -9.531430e-16 1.000000e+00 2.008706e-15
    outer loop
      vertex   9.803273e+01 1.084637e+02 1.948622e+02
      vertex   1.108254e+02 1.084637e+02 1.584846e+02
      vertex   1.105928e+02 1.084637e+02 1.583742e+02
    endloop
  endfacet
  facet normal -1.303310e-15 1.000000e+00 1.888170e-15
    outer loop
      vertex   9.803273e+01 1.084637e+02 1.948622e+02
      vertex   1.105928e+02 1.084637e+02 1.583742e+02
      vertex   1.103809e+02 1.084637e+02 1.582279e+02
    endloop
  endfacet
  facet normal -1.905201e-15 1.000000e+00 1.685293e-15
    outer loop
      vertex   9.803273e+01 1.084637e+02 1.948622e+02
      vertex   1.103809e+02 1.084637e+02 1.582279e+02
      vertex   9.806950e+01 1.084637e+02 1.527423e+02
    endloop
  endfacet
  facet normal -2.153066e-15 1.000000e+00 2.241579e-15
    outer loop
      vertex   9.806950e+01 1.084637e+02 1.527423e+02
      vertex   1.103809e+02 1.084637e+02 1.582279e+02
      vertex   1.101952e+02 1.084637e+02 1.580496e+02
    endloop
  endfacet
  facet normal -1.746327e-15 1.000000e+00 1.312279e-15
    outer loop
      vertex   9.806950e+01 1.084637e+02 1.527423e+02
      vertex   1.101952e+02 1.084637e+02 1.580496e+02
      vertex   1.100405e+02 1.084637e+02 1.578437e+02
    endloop
  endfacet
  facet normal -1.529102e-15 1.000000e+00 8.025348e-16
    outer loop
      vertex   1.100405e+02 1.084637e+02 1.578437e+02
      vertex   1.099208e+02 1.084637e+02 1.576157e+02
      vertex   9.806950e+01 1.084637e+02 1.527423e+02
    endloop
  endfacet
  facet normal -1.389901e-15 1.000000e+00 4.640172e-16
    outer loop
      vertex   9.806950e+01 1.084637e+02 1.527423e+02
      vertex   1.099208e+02 1.084637e+02 1.576157e+02
      vertex   1.098393e+02 1.084637e+02 1.573715e+02
    endloop
  endfacet
  facet normal -1.289845e-15 1.000000e+00 2.096203e-16
    outer loop
      vertex   9.806950e+01 1.084637e+02 1.527423e+02
      vertex   1.098393e+02 1.084637e+02 1.573715e+02
      vertex   1.097980e+02 1.084637e+02 1.571173e+02
    endloop
  endfacet
  facet normal -1.211653e-15 1.000000e+00 0.000000e+00
    outer loop
      vertex   1.097980e+02 1.084637e+02 1.571173e+02
      vertex   1.097980e+02 1.084637e+02 1.568598e+02
      vertex   9.806950e+01 1.084637e+02 1.527423e+02
    endloop
  endfacet
  facet normal -1.050095e-15 1.000000e+00 -4.601929e-16
    outer loop
      vertex   9.806950e+01 1.084637e+02 1.527423e+02
      vertex   1.097980e+02 1.084637e+02 1.568598e+02
      vertex   9.826988e+01 1.084637e+02 1.522851e+02
    endloop
  endfacet
  facet normal -1.039479e-15 1.000000e+00 -4.869446e-16
    outer loop
      vertex   9.826988e+01 1.084637e+02 1.522851e+02
      vertex   1.097980e+02 1.084637e+02 1.568598e+02
      vertex   9.848110e+01 1.084637e+02 1.518342e+02
    endloop
  endfacet
  facet normal -1.027734e-15 1.000000e+00 -5.133926e-16
    outer loop
      vertex   9.848110e+01 1.084637e+02 1.518342e+02
      vertex   1.097980e+02 1.084637e+02 1.568598e+02
      vertex   9.870306e+01 1.084637e+02 1.513899e+02
    endloop
  endfacet
  facet normal -1.014873e-15 1.000000e+00 -5.394782e-16
    outer loop
      vertex   9.870306e+01 1.084637e+02 1.513899e+02
      vertex   1.097980e+02 1.084637e+02 1.568598e+02
      vertex   9.893567e+01 1.084637e+02 1.509523e+02
    endloop
  endfacet
  facet normal -1.000915e-15 1.000000e+00 -5.651437e-16
    outer loop
      vertex   9.893567e+01 1.084637e+02 1.509523e+02
      vertex   1.097980e+02 1.084637e+02 1.568598e+02
      vertex   9.917880e+01 1.084637e+02 1.505217e+02
    endloop
  endfacet
  facet normal -9.858815e-16 1.000000e+00 -5.903318e-16
    outer loop
      vertex   9.917880e+01 1.084637e+02 1.505217e+02
      vertex   1.097980e+02 1.084637e+02 1.568598e+02
      vertex   9.943235e+01 1.084637e+02 1.500983e+02
    endloop
  endfacet
  facet normal -1.673018e-14 1.000000e+00 2.354607e-14
    outer loop
      vertex   9.943235e+01 1.084637e+02 1.500983e+02
      vertex   1.097980e+02 1.084637e+02 1.568598e+02
      vertex   9.969619e+01 1.084637e+02 1.496822e+02
    endloop
  endfacet
  facet normal -0.000000e+00 1.000000e+00 0.000000e+00
    outer loop
      vertex   9.969619e+01 1.084637e+02 1.496822e+02
      vertex   1.097980e+02 1.084637e+02 1.568598e+02
      vertex   9.997021e+01 1.084637e+02 1.492737e+02
    endloop
  endfacet
  facet normal -0.000000e+00 1.000000e+00 0.000000e+00
    outer loop
      vertex   9.997021e+01 1.084637e+02 1.492737e+02
      vertex   1.097980e+02 1.084637e+02 1.568598e+02
      vertex   1.002543e+02 1.084637e+02 1.488730e+02
    endloop
  endfacet
  facet normal -0.000000e+00 1.000000e+00 0.000000e+00
    outer loop
      vertex   1.002543e+02 1.084637e+02 1.488730e+02
      vertex   1.097980e+02 1.084637e+02 1.568598e+02
      vertex   1.005482e+02 1.084637e+02 1.484802e+02
    endloop
  endfacet
  facet normal -0.000000e+00 1.000000e+00 0.000000e+00
    outer loop
      vertex   1.005482e+02 1.084637e+02 1.484802e+02
      vertex   1.097980e+02 1.084637e+02 1.568598e+02
      vertex   1.008519e+02 1.084637e+02 1.480955e+02
    endloop
  endfacet
  facet normal -0.000000e+00 1.000000e+00 0.000000e+00
    outer loop
      vertex   1.008519e+02 1.084637e+02 1.480955e+02
      vertex   1.097980e+02 1.084637e+02 1.568598e+02
      vertex   1.011653e+02 1.084637e+02 1.477192e+02
    endloop
  endfacet
  facet normal -0.000000e+00 1.000000e+00 0.000000e+00
    outer loop
      vertex   1.011653e+02 1.084637e+02 1.477192e+02
      vertex   1.097980e+02 1.084637e+02 1.568598e+02
      vertex   1.014881e+02 1.084637e+02 1.473514e+02
    endloop
  endfacet
  facet normal -0.000000e+00 1.000000e+00 0.000000e+00
    outer loop
      vertex   1.014881e+02 1.084637e+02 1.473514e+02
      vertex   1.097980e+02 1.084637e+02 1.568598e+02
      vertex   1.018203e+02 1.084637e+02 1.469922e+02
    endloop
  endfacet
  facet normal -0.000000e+00 1.000000e+00 0.000000e+00
    outer loop
      vertex   1.018203e+02 1.084637e+02 1.469922e+02
      vertex   1.097980e+02 1.084637e+02 1.568598e+02
      vertex   1.021616e+02 1.084637e+02 1.466419e+02
    endloop
  endfacet
  facet normal -0.000000e+00 1.000000e+00 0.000000e+00
    outer loop
      vertex   1.021616e+02 1.084637e+02 1.466419e+02
      vertex   1.097980e+02 1.084637e+02 1.568598e+02
      vertex   1.025119e+02 1.084637e+02 1.463006e+02
    endloop
  endfacet
  facet normal -0.000000e+00 1.000000e+00 0.000000e+00
    outer loop
      vertex   1.025119e+02 1.084637e+02 1.463006e+02
      vertex   1.097980e+02 1.084637e+02 1.568598e+02
      vertex   1.028711e+02 1.084637e+02 1.459684e+02
    endloop
  endfacet
  facet normal -0.000000e+00 1.000000e+00 0.000000e+00
    outer loop
      vertex   1.028711e+02 1.084637e+02 1.459684e+02
      vertex   1.097980e+02 1.084637e+02 1.568598e+02
      vertex   1.032389e+02 1.084637e+02 1.456456e+02
    endloop
  endfacet
  facet normal -0.000000e+00 1.000000e+00 0.000000e+00
    outer loop
      vertex   1.032389e+02 1.084637e+02 1.456456e+02
      vertex   1.097980e+02 1.084637e+02 1.568598e+02
      vertex   1.036152e+02 1.084637e+02 1.453322e+02
    endloop
  endfacet
  facet normal -0.000000e+00 1.000000e+00 0.000000e+00
    outer loop
      vertex   1.036152e+02 1.084637e+02 1.453322e+02
      vertex   1.097980e+02 1.084637e+02 1.568598e+02
      vertex   1.039999e+02 1.084637e+02 1.450285e+02
    endloop
  endfacet
  facet normal -0.000000e+00 1.000000e+00 0.000000e+00
    outer loop
      vertex   1.039999e+02 1.084637e+02 1.450285e+02
      vertex   1.097980e+02 1.084637e+02 1.568598e+02
      vertex   1.043927e+02 1.084637e+02 1.447345e+02
    endloop
  endfacet
  facet normal -0.000000e+00 1.000000e+00 0.000000e+00
    outer loop
      vertex   1.043927e+02 1.084637e+02 1.447345e+02
      vertex   1.097980e+02 1.084637e+02 1.568598e+02
      vertex   1.047934e+02 1.084637e+02 1.444505e+02
    endloop
  endfacet
  facet normal -0.000000e+00 1.000000e+00 0.000000e+00
    outer loop
      vertex   1.047934e+02 1.084637e+02 1.444505e+02
      vertex   1.097980e+02 1.084637e+02 1.568598e+02
      vertex   1.052019e+02 1.084637e+02 1.441765e+02
    endloop
  endfacet
  facet normal -5.554644e-14 1.000000e+00 2.012842e-14
    outer loop
      vertex   1.052019e+02 1.084637e+02 1.441765e+02
      vertex   1.097980e+02 1.084637e+02 1.568598e+02
      vertex   1.056180e+02 1.084637e+02 1.439126e+02
    endloop
  endfacet
  facet normal 1.101514e-15 1.000000e+00 1.839579e-15
    outer loop
      vertex   1.056180e+02 1.084637e+02 1.439126e+02
      vertex   1.097980e+02 1.084637e+02 1.568598e+02
      vertex   1.060414e+02 1.084637e+02 1.436591e+02
    endloop
  endfacet
  facet normal 1.047375e-15 1.000000e+00 1.854985e-15
    outer loop
      vertex   1.060414e+02 1.084637e+02 1.436591e+02
      vertex   1.097980e+02 1.084637e+02 1.568598e+02
      vertex   1.064720e+02 1.084637e+02 1.434159e+02
    endloop
  endfacet
  facet normal 9.931847e-16 1.000000e+00 1.868392e-15
    outer loop
      vertex   1.064720e+02 1.084637e+02 1.434159e+02
      vertex   1.097980e+02 1.084637e+02 1.568598e+02
      vertex   1.069096e+02 1.084637e+02 1.431833e+02
    endloop
  endfacet
  facet normal 9.390451e-16 1.000000e+00 1.879826e-15
    outer loop
      vertex   1.069096e+02 1.084637e+02 1.431833e+02
      vertex   1.097980e+02 1.084637e+02 1.568598e+02
      vertex   1.073539e+02 1.084637e+02 1.429614e+02
    endloop
  endfacet
  facet normal 8.850533e-16 1.000000e+00 1.889320e-15
    outer loop
      vertex   1.073539e+02 1.084637e+02 1.429614e+02
      vertex   1.097980e+02 1.084637e+02 1.568598e+02
      vertex   1.078048e+02 1.084637e+02 1.427502e+02
    endloop
  endfacet
  facet normal 8.313021e-16 1.000000e+00 1.896913e-15
    outer loop
      vertex   1.078048e+02 1.084637e+02 1.427502e+02
      vertex   1.097980e+02 1.084637e+02 1.568598e+02
      vertex   1.082621e+02 1.084637e+02 1.425498e+02
    endloop
  endfacet
  facet normal 7.778794e-16 1.000000e+00 1.902647e-15
    outer loop
      vertex   1.082621e+02 1.084637e+02 1.425498e+02
      vertex   1.097980e+02 1.084637e+02 1.568598e+02
      vertex   1.087254e+02 1.084637e+02 1.423603e+02
    endloop
  endfacet
  facet normal 7.248683e-16 1.000000e+00 1.906568e-15
    outer loop
      vertex   1.087254e+02 1.084637e+02 1.423603e+02
      vertex   1.097980e+02 1.084637e+02 1.568598e+02
      vertex   1.091947e+02 1.084637e+02 1.421819e+02
    endloop
  endfacet
  facet normal 6.723468e-16 1.000000e+00 1.908727e-15
    outer loop
      vertex   1.091947e+02 1.084637e+02 1.421819e+02
      vertex   1.097980e+02 1.084637e+02 1.568598e+02
      vertex   1.096696e+02 1.084637e+02 1.420146e+02
    endloop
  endfacet
  facet normal 1.118546e-14 1.000000e+00 1.817814e-15
    outer loop
      vertex   1.096696e+02 1.084637e+02 1.420146e+02
      vertex   1.097980e+02 1.084637e+02 1.568598e+02
      vertex   1.098393e+02 1.084637e+02 1.566057e+02
    endloop
  endfacet
  facet normal 5.638246e-15 1.000000e+00 1.882323e-15
    outer loop
      vertex   1.096696e+02 1.084637e+02 1.420146e+02
      vertex   1.098393e+02 1.084637e+02 1.566057e+02
      vertex   1.099208e+02 1.084637e+02 1.563614e+02
    endloop
  endfacet
  facet normal 3.652711e-15 1.000000e+00 1.917091e-15
    outer loop
      vertex   1.099208e+02 1.084637e+02 1.563614e+02
      vertex   1.100405e+02 1.084637e+02 1.561334e+02
      vertex   1.096696e+02 1.084637e+02 1.420146e+02
    endloop
  endfacet
  facet normal 2.588390e-15 1.000000e+00 1.945049e-15
    outer loop
      vertex   1.096696e+02 1.084637e+02 1.420146e+02
      vertex   1.100405e+02 1.084637e+02 1.561334e+02
      vertex   1.101952e+02 1.084637e+02 1.559276e+02
    endloop
  endfacet
  facet normal 1.893460e-15 1.000000e+00 1.971301e-15
    outer loop
      vertex   1.096696e+02 1.084637e+02 1.420146e+02
      vertex   1.101952e+02 1.084637e+02 1.559276e+02
      vertex   1.103809e+02 1.084637e+02 1.557492e+02
    endloop
  endfacet
  facet normal 1.379078e-15 1.000000e+00 1.997939e-15
    outer loop
      vertex   1.103809e+02 1.084637e+02 1.557492e+02
      vertex   1.105928e+02 1.084637e+02 1.556029e+02
      vertex   1.096696e+02 1.084637e+02 1.420146e+02
    endloop
  endfacet
  facet normal 9.614958e-16 1.000000e+00 2.026309e-15
    outer loop
      vertex   1.096696e+02 1.084637e+02 1.420146e+02
      vertex   1.105928e+02 1.084637e+02 1.556029e+02
      vertex   1.108254e+02 1.084637e+02 1.554925e+02
    endloop
  endfacet
  facet normal 5.960064e-16 1.000000e+00 2.057653e-15
    outer loop
      vertex   1.096696e+02 1.084637e+02 1.420146e+02
      vertex   1.108254e+02 1.084637e+02 1.554925e+02
      vertex   1.110728e+02 1.084637e+02 1.554209e+02
    endloop
  endfacet
  facet normal 2.541882e-16 1.000000e+00 2.093429e-15
    outer loop
      vertex   1.110728e+02 1.084637e+02 1.554209e+02
      vertex   1.113284e+02 1.084637e+02 1.553899e+02
      vertex   1.096696e+02 1.084637e+02 1.420146e+02
    endloop
  endfacet
  facet normal -8.606277e-17 1.000000e+00 2.135626e-15
    outer loop
      vertex   1.096696e+02 1.084637e+02 1.420146e+02
      vertex   1.113284e+02 1.084637e+02 1.553899e+02
      vertex   1.115857e+02 1.084637e+02 1.554002e+02
    endloop
  endfacet
  facet normal 6.593019e-16 1.000000e+00 2.028932e-15
    outer loop
      vertex   1.096696e+02 1.084637e+02 1.420146e+02
      vertex   1.115857e+02 1.084637e+02 1.554002e+02
      vertex   1.101500e+02 1.084637e+02 1.418585e+02
    endloop
  endfacet
  facet normal 6.067944e-16 1.000000e+00 2.034499e-15
    outer loop
      vertex   1.101500e+02 1.084637e+02 1.418585e+02
      vertex   1.115857e+02 1.084637e+02 1.554002e+02
      vertex   1.106356e+02 1.084637e+02 1.417137e+02
    endloop
  endfacet
  facet normal 5.545965e-16 1.000000e+00 2.038122e-15
    outer loop
      vertex   1.106356e+02 1.084637e+02 1.417137e+02
      vertex   1.115857e+02 1.084637e+02 1.554002e+02
      vertex   1.111263e+02 1.084637e+02 1.415802e+02
    endloop
  endfacet
  facet normal 5.027933e-16 1.000000e+00 2.039844e-15
    outer loop
      vertex   1.111263e+02 1.084637e+02 1.415802e+02
      vertex   1.115857e+02 1.084637e+02 1.554002e+02
      vertex   1.116217e+02 1.084637e+02 1.414581e+02
    endloop
  endfacet
  facet normal -4.159528e-16 1.000000e+00 2.037472e-15
    outer loop
      vertex   1.116217e+02 1.084637e+02 1.414581e+02
      vertex   1.115857e+02 1.084637e+02 1.554002e+02
      vertex   1.118379e+02 1.084637e+02 1.554517e+02
    endloop
  endfacet
  facet normal 4.480136e-16 1.000000e+00 2.024118e-15
    outer loop
      vertex   1.116217e+02 1.084637e+02 1.414581e+02
      vertex   1.118379e+02 1.084637e+02 1.554517e+02
      vertex   1.121216e+02 1.084637e+02 1.413474e+02
    endloop
  endfacet
  facet normal 3.978034e-16 1.000000e+00 2.023108e-15
    outer loop
      vertex   1.121216e+02 1.084637e+02 1.413474e+02
      vertex   1.118379e+02 1.084637e+02 1.554517e+02
      vertex   1.126258e+02 1.084637e+02 1.412483e+02
    endloop
  endfacet
  facet normal 3.481643e-16 1.000000e+00 2.020355e-15
    outer loop
      vertex   1.126258e+02 1.084637e+02 1.412483e+02
      vertex   1.118379e+02 1.084637e+02 1.554517e+02
      vertex   1.131341e+02 1.084637e+02 1.411607e+02
    endloop
  endfacet
  facet normal 2.991627e-16 1.000000e+00 2.015911e-15
    outer loop
      vertex   1.131341e+02 1.084637e+02 1.411607e+02
      vertex   1.118379e+02 1.084637e+02 1.554517e+02
      vertex   1.136462e+02 1.084637e+02 1.410847e+02
    endloop
  endfacet
  facet normal -7.160732e-16 1.000000e+00 1.888130e-15
    outer loop
      vertex   1.136462e+02 1.084637e+02 1.410847e+02
      vertex   1.118379e+02 1.084637e+02 1.554517e+02
      vertex   1.120787e+02 1.084637e+02 1.555430e+02
    endloop
  endfacet
  facet normal 2.487256e-16 1.000000e+00 1.992730e-15
    outer loop
      vertex   1.136462e+02 1.084637e+02 1.410847e+02
      vertex   1.120787e+02 1.084637e+02 1.555430e+02
      vertex   1.141619e+02 1.084637e+02 1.410203e+02
    endloop
  endfacet
  facet normal -2.758291e-14 1.000000e+00 -1.999579e-15
    outer loop
      vertex   1.141619e+02 1.084637e+02 1.410203e+02
      vertex   1.120787e+02 1.084637e+02 1.555430e+02
      vertex   1.146809e+02 1.084637e+02 1.409676e+02
    endloop
  endfacet
  facet normal 2.330620e-16 1.000000e+00 2.966572e-15
    outer loop
      vertex   1.146809e+02 1.084637e+02 1.409676e+02
      vertex   1.120787e+02 1.084637e+02 1.555430e+02
      vertex   1.152031e+02 1.084637e+02 1.409266e+02
    endloop
  endfacet
  facet normal 1.648352e-16 1.000000e+00 2.951988e-15
    outer loop
      vertex   1.152031e+02 1.084637e+02 1.409266e+02
      vertex   1.120787e+02 1.084637e+02 1.555430e+02
      vertex   1.157280e+02 1.084637e+02 1.408973e+02
    endloop
  endfacet
  facet normal -1.469252e-15 1.000000e+00 2.544819e-15
    outer loop
      vertex   1.157280e+02 1.084637e+02 1.408973e+02
      vertex   1.120787e+02 1.084637e+02 1.555430e+02
      vertex   1.123017e+02 1.084637e+02 1.556718e+02
    endloop
  endfacet
  facet normal 9.698008e-17 1.000000e+00 2.908040e-15
    outer loop
      vertex   1.157280e+02 1.084637e+02 1.408973e+02
      vertex   1.123017e+02 1.084637e+02 1.556718e+02
      vertex   1.162556e+02 1.084637e+02 1.408797e+02
    endloop
  endfacet
  facet normal -1.931619e-15 1.000000e+00 2.365804e-15
    outer loop
      vertex   1.162556e+02 1.084637e+02 1.408797e+02
      vertex   1.123017e+02 1.084637e+02 1.556718e+02
      vertex   1.125012e+02 1.084637e+02 1.558346e+02
    endloop
  endfacet
  facet normal -2.507305e-15 1.000000e+00 2.221279e-15
    outer loop
      vertex   1.162556e+02 1.084637e+02 1.408797e+02
      vertex   1.125012e+02 1.084637e+02 1.558346e+02
      vertex   1.126719e+02 1.084637e+02 1.560274e+02
    endloop
  endfacet
  facet normal -3.238947e-15 1.000000e+00 2.048186e-15
    outer loop
      vertex   1.126719e+02 1.084637e+02 1.560274e+02
      vertex   1.128095e+02 1.084637e+02 1.562450e+02
      vertex   1.162556e+02 1.084637e+02 1.408797e+02
    endloop
  endfacet
  facet normal -4.266417e-15 1.000000e+00 1.817751e-15
    outer loop
      vertex   1.162556e+02 1.084637e+02 1.408797e+02
      vertex   1.128095e+02 1.084637e+02 1.562450e+02
      vertex   1.129105e+02 1.084637e+02 1.564819e+02
    endloop
  endfacet
  facet normal -5.928838e-15 1.000000e+00 1.461327e-15
    outer loop
      vertex   1.162556e+02 1.084637e+02 1.408797e+02
      vertex   1.129105e+02 1.084637e+02 1.564819e+02
      vertex   1.129721e+02 1.084637e+02 1.567319e+02
    endloop
  endfacet
  facet normal -9.342661e-15 1.000000e+00 7.542175e-16
    outer loop
      vertex   1.129721e+02 1.084637e+02 1.567319e+02
      vertex   1.129928e+02 1.084637e+02 1.569886e+02
      vertex   1.162556e+02 1.084637e+02 1.408797e+02
    endloop
  endfacet
  facet normal 7.635705e-14 1.000000e+00 1.811227e-14
    outer loop
      vertex   1.162556e+02 1.084637e+02 1.408797e+02
      vertex   1.129928e+02 1.084637e+02 1.569886e+02
      vertex   1.157198e+02 1.084637e+02 2.004139e+02
    endloop
  endfacet
  facet normal -1.015959e-13 1.000000e+00 1.651094e-14
    outer loop
      vertex   1.162556e+02 1.084637e+02 1.408797e+02
      vertex   1.157198e+02 1.084637e+02 2.004139e+02
      vertex   1.157612e+02 1.084637e+02 2.006680e+02
    endloop
  endfacet
  facet normal 5.111792e-14 1.000000e+00 4.126665e-15
    outer loop
      vertex   1.349721e+02 1.084637e+02 1.572452e+02
      vertex   1.543504e+02 1.084637e+02 1.582577e+02
      vertex   1.349928e+02 1.084637e+02 1.569886e+02
    endloop
  endfacet
  facet normal 4.825420e-14 1.000000e+00 4.780735e-14
    outer loop
      vertex   1.349928e+02 1.084637e+02 1.569886e+02
      vertex   1.543504e+02 1.084637e+02 1.582577e+02
      vertex   1.482733e+02 1.084637e+02 1.418004e+02
    endloop
  endfacet
  facet normal -1.323952e-15 1.000000e+00 4.456248e-15
    outer loop
      vertex   1.349928e+02 1.084637e+02 1.569886e+02
      vertex   1.482733e+02 1.084637e+02 1.418004e+02
      vertex   1.477778e+02 1.084637e+02 1.416532e+02
    endloop
  endfacet
  facet normal 5.155095e-14 1.000000e+00 -4.161623e-15
    outer loop
      vertex   1.543504e+02 1.084637e+02 1.582577e+02
      vertex   1.349721e+02 1.084637e+02 1.572452e+02
      vertex   1.543712e+02 1.084637e+02 1.585143e+02
    endloop
  endfacet
  facet normal 5.046496e-14 1.000000e+00 1.243850e-14
    outer loop
      vertex   1.543712e+02 1.084637e+02 1.585143e+02
      vertex   1.349721e+02 1.084637e+02 1.572452e+02
      vertex   1.349105e+02 1.084637e+02 1.574952e+02
    endloop
  endfacet
  facet normal 5.178471e-14 1.000000e+00 -1.276379e-14
    outer loop
      vertex   1.543712e+02 1.084637e+02 1.585143e+02
      vertex   1.349105e+02 1.084637e+02 1.574952e+02
      vertex   1.544328e+02 1.084637e+02 1.587643e+02
    endloop
  endfacet
  facet normal 4.958171e-14 1.000000e+00 2.112479e-14
    outer loop
      vertex   1.544328e+02 1.084637e+02 1.587643e+02
      vertex   1.349105e+02 1.084637e+02 1.574952e+02
      vertex   1.348095e+02 1.084637e+02 1.577321e+02
    endloop
  endfacet
  facet normal 5.185503e-14 1.000000e+00 -2.209337e-14
    outer loop
      vertex   1.544328e+02 1.084637e+02 1.587643e+02
      vertex   1.348095e+02 1.084637e+02 1.577321e+02
      vertex   1.545337e+02 1.084637e+02 1.590012e+02
    endloop
  endfacet
  facet normal 4.846172e-14 1.000000e+00 3.064533e-14
    outer loop
      vertex   1.545337e+02 1.084637e+02 1.590012e+02
      vertex   1.348095e+02 1.084637e+02 1.577321e+02
      vertex   1.346719e+02 1.084637e+02 1.579497e+02
    endloop
  endfacet
  facet normal 5.181877e-14 1.000000e+00 -3.276820e-14
    outer loop
      vertex   1.545337e+02 1.084637e+02 1.590012e+02
      vertex   1.346719e+02 1.084637e+02 1.579497e+02
      vertex   1.546713e+02 1.084637e+02 1.592188e+02
    endloop
  endfacet
  facet normal 4.709201e-14 1.000000e+00 4.171988e-14
    outer loop
      vertex   1.546713e+02 1.084637e+02 1.592188e+02
      vertex   1.346719e+02 1.084637e+02 1.579497e+02
      vertex   1.345012e+02 1.084637e+02 1.581425e+02
    endloop
  endfacet
  facet normal 5.176563e-14 1.000000e+00 -4.586034e-14
    outer loop
      vertex   1.546713e+02 1.084637e+02 1.592188e+02
      vertex   1.345012e+02 1.084637e+02 1.581425e+02
      vertex   1.548421e+02 1.084637e+02 1.594116e+02
    endloop
  endfacet
  facet normal 4.543260e-14 1.000000e+00 5.564483e-14
    outer loop
      vertex   1.548421e+02 1.084637e+02 1.594116e+02
      vertex   1.345012e+02 1.084637e+02 1.581425e+02
      vertex   1.343017e+02 1.084637e+02 1.583053e+02
    endloop
  endfacet
  facet normal 5.152670e-14 1.000000e+00 -5.750844e-14
    outer loop
      vertex   1.548421e+02 1.084637e+02 1.594116e+02
      vertex   1.343017e+02 1.084637e+02 1.583053e+02
      vertex   1.564860e+02 1.084637e+02 1.789235e+02
    endloop
  endfacet
  facet normal -7.363641e-16 1.000000e+00 -1.275420e-15
    outer loop
      vertex   1.564860e+02 1.084637e+02 1.789235e+02
      vertex   1.343017e+02 1.084637e+02 1.583053e+02
      vertex   1.340787e+02 1.084637e+02 1.584341e+02
    endloop
  endfacet
  facet normal -5.577735e-16 1.000000e+00 -1.470728e-15
    outer loop
      vertex   1.564860e+02 1.084637e+02 1.789235e+02
      vertex   1.340787e+02 1.084637e+02 1.584341e+02
      vertex   1.338379e+02 1.084637e+02 1.585254e+02
    endloop
  endfacet
  facet normal -3.478374e-16 1.000000e+00 -1.703821e-15
    outer loop
      vertex   1.338379e+02 1.084637e+02 1.585254e+02
      vertex   1.335857e+02 1.084637e+02 1.585769e+02
      vertex   1.564860e+02 1.084637e+02 1.789235e+02
    endloop
  endfacet
  facet normal -2.490438e-15 1.000000e+00 7.077057e-16
    outer loop
      vertex   1.564860e+02 1.084637e+02 1.789235e+02
      vertex   1.335857e+02 1.084637e+02 1.585769e+02
      vertex   1.342687e+02 1.084637e+02 2.011408e+02
    endloop
  endfacet
  facet normal 2.689167e-17 1.000000e+00 6.673098e-16
    outer loop
      vertex   1.342687e+02 1.084637e+02 2.011408e+02
      vertex   1.335857e+02 1.084637e+02 1.585769e+02
      vertex   1.333284e+02 1.084637e+02 1.585873e+02
    endloop
  endfacet
  facet normal -8.131641e-17 1.000000e+00 6.697009e-16
    outer loop
      vertex   1.342687e+02 1.084637e+02 2.011408e+02
      vertex   1.333284e+02 1.084637e+02 1.585873e+02
      vertex   1.330728e+02 1.084637e+02 1.585562e+02
    endloop
  endfacet
  facet normal -1.949052e-16 1.000000e+00 6.728909e-16
    outer loop
      vertex   1.330728e+02 1.084637e+02 1.585562e+02
      vertex   1.328254e+02 1.084637e+02 1.584846e+02
      vertex   1.342687e+02 1.084637e+02 2.011408e+02
    endloop
  endfacet
  facet normal -3.213202e-16 1.000000e+00 6.771681e-16
    outer loop
      vertex   1.342687e+02 1.084637e+02 2.011408e+02
      vertex   1.328254e+02 1.084637e+02 1.584846e+02
      vertex   1.325928e+02 1.084637e+02 1.583742e+02
    endloop
  endfacet
  facet normal -4.714769e-16 1.000000e+00 6.830522e-16
    outer loop
      vertex   1.342687e+02 1.084637e+02 2.011408e+02
      vertex   1.325928e+02 1.084637e+02 1.583742e+02
      vertex   1.323809e+02 1.084637e+02 1.582279e+02
    endloop
  endfacet
  facet normal -5.891945e-16 1.000000e+00 6.134165e-16
    outer loop
      vertex   1.321952e+02 1.084637e+02 1.580496e+02
      vertex   1.313617e+02 1.084637e+02 2.035824e+02
      vertex   1.323809e+02 1.084637e+02 1.582279e+02
    endloop
  endfacet
  facet normal 4.677528e-16 1.000000e+00 6.371690e-16
    outer loop
      vertex   1.323809e+02 1.084637e+02 1.582279e+02
      vertex   1.313617e+02 1.084637e+02 2.035824e+02
      vertex   1.321266e+02 1.084637e+02 2.030209e+02
    endloop
  endfacet
  facet normal 5.121231e-16 1.000000e+00 6.374209e-16
    outer loop
      vertex   1.323809e+02 1.084637e+02 1.582279e+02
      vertex   1.321266e+02 1.084637e+02 2.030209e+02
      vertex   1.328669e+02 1.084637e+02 2.024261e+02
    endloop
  endfacet
  facet normal -8.109079e-16 1.000000e+00 6.093578e-16
    outer loop
      vertex   1.321952e+02 1.084637e+02 1.580496e+02
      vertex   1.320405e+02 1.084637e+02 1.578437e+02
      vertex   1.313617e+02 1.084637e+02 2.035824e+02
    endloop
  endfacet
  facet normal -1.151405e-15 1.000000e+00 6.043042e-16
    outer loop
      vertex   1.313617e+02 1.084637e+02 2.035824e+02
      vertex   1.320405e+02 1.084637e+02 1.578437e+02
      vertex   1.319208e+02 1.084637e+02 1.576157e+02
    endloop
  endfacet
  facet normal -1.786954e-15 1.000000e+00 5.965728e-16
    outer loop
      vertex   1.313617e+02 1.084637e+02 2.035824e+02
      vertex   1.319208e+02 1.084637e+02 1.576157e+02
      vertex   1.318393e+02 1.084637e+02 1.573715e+02
    endloop
  endfacet
  facet normal -3.558206e-15 1.000000e+00 5.782648e-16
    outer loop
      vertex   1.318393e+02 1.084637e+02 1.573715e+02
      vertex   1.317980e+02 1.084637e+02 1.571173e+02
      vertex   1.313617e+02 1.084637e+02 2.035824e+02
    endloop
  endfacet
  facet normal -6.513689e-14 1.000000e+00 0.000000e+00
    outer loop
      vertex   1.313617e+02 1.084637e+02 2.035824e+02
      vertex   1.317980e+02 1.084637e+02 1.571173e+02
      vertex   1.317980e+02 1.084637e+02 1.568598e+02
    endloop
  endfacet
  facet normal -6.194785e-14 1.000000e+00 2.978220e-17
    outer loop
      vertex   1.313617e+02 1.084637e+02 2.035824e+02
      vertex   1.317980e+02 1.084637e+02 1.568598e+02
      vertex   1.157612e+02 1.084637e+02 2.009255e+02
    endloop
  endfacet
  facet normal -1.489415e-14 1.000000e+00 1.715404e-14
    outer loop
      vertex   1.157612e+02 1.084637e+02 2.009255e+02
      vertex   1.317980e+02 1.084637e+02 1.568598e+02
      vertex   1.162556e+02 1.084637e+02 1.408797e+02
    endloop
  endfacet
  facet normal -2.098201e-12 1.000000e+00 0.000000e+00
    outer loop
      vertex   1.157612e+02 1.084637e+02 2.009255e+02
      vertex   1.162556e+02 1.084637e+02 1.408797e+02
      vertex   1.157612e+02 1.084637e+02 2.006680e+02
    endloop
  endfacet
  facet normal 2.921551e-17 1.000000e+00 2.639434e-15
    outer loop
      vertex   1.162556e+02 1.084637e+02 1.408797e+02
      vertex   1.317980e+02 1.084637e+02 1.568598e+02
      vertex   1.167855e+02 1.084637e+02 1.408738e+02
    endloop
  endfacet
  facet normal 2.420861e-15 1.000000e+00 3.934283e-16
    outer loop
      vertex   1.167855e+02 1.084637e+02 1.408738e+02
      vertex   1.317980e+02 1.084637e+02 1.568598e+02
      vertex   1.318393e+02 1.084637e+02 1.566057e+02
    endloop
  endfacet
  facet normal 2.099518e-15 1.000000e+00 7.009222e-16
    outer loop
      vertex   1.167855e+02 1.084637e+02 1.408738e+02
      vertex   1.318393e+02 1.084637e+02 1.566057e+02
      vertex   1.319208e+02 1.084637e+02 1.563614e+02
    endloop
  endfacet
  facet normal 1.832565e-15 1.000000e+00 9.618043e-16
    outer loop
      vertex   1.319208e+02 1.084637e+02 1.563614e+02
      vertex   1.320405e+02 1.084637e+02 1.561334e+02
      vertex   1.167855e+02 1.084637e+02 1.408738e+02
    endloop
  endfacet
  facet normal 1.595419e-15 1.000000e+00 1.198879e-15
    outer loop
      vertex   1.167855e+02 1.084637e+02 1.408738e+02
      vertex   1.320405e+02 1.084637e+02 1.561334e+02
      vertex   1.321952e+02 1.084637e+02 1.559276e+02
    endloop
  endfacet
  facet normal 1.371602e-15 1.000000e+00 1.427989e-15
    outer loop
      vertex   1.167855e+02 1.084637e+02 1.408738e+02
      vertex   1.321952e+02 1.084637e+02 1.559276e+02
      vertex   1.323809e+02 1.084637e+02 1.557492e+02
    endloop
  endfacet
  facet normal 1.147699e-15 1.000000e+00 1.662729e-15
    outer loop
      vertex   1.323809e+02 1.084637e+02 1.557492e+02
      vertex   1.325928e+02 1.084637e+02 1.556029e+02
      vertex   1.167855e+02 1.084637e+02 1.408738e+02
    endloop
  endfacet
  facet normal 9.100142e-16 1.000000e+00 1.917814e-15
    outer loop
      vertex   1.167855e+02 1.084637e+02 1.408738e+02
      vertex   1.325928e+02 1.084637e+02 1.556029e+02
      vertex   1.328254e+02 1.084637e+02 1.554925e+02
    endloop
  endfacet
  facet normal 6.409986e-16 1.000000e+00 2.212984e-15
    outer loop
      vertex   1.167855e+02 1.084637e+02 1.408738e+02
      vertex   1.328254e+02 1.084637e+02 1.554925e+02
      vertex   1.330728e+02 1.084637e+02 1.554209e+02
    endloop
  endfacet
  facet normal -1.122607e-15 1.000000e+00 4.187563e-15
    outer loop
      vertex   1.167855e+02 1.084637e+02 1.408738e+02
      vertex   1.330728e+02 1.084637e+02 1.554209e+02
      vertex   1.421031e+02 1.084637e+02 1.408738e+02
    endloop
  endfacet
  facet normal 6.414253e-16 1.000000e+00 5.282612e-15
    outer loop
      vertex   1.421031e+02 1.084637e+02 1.408738e+02
      vertex   1.330728e+02 1.084637e+02 1.554209e+02
      vertex   1.333284e+02 1.084637e+02 1.553899e+02
    endloop
  endfacet
  facet normal -1.925661e-16 1.000000e+00 4.778479e-15
    outer loop
      vertex   1.421031e+02 1.084637e+02 1.408738e+02
      vertex   1.333284e+02 1.084637e+02 1.553899e+02
      vertex   1.335857e+02 1.084637e+02 1.554002e+02
    endloop
  endfacet
  facet normal -8.918300e-16 1.000000e+00 4.368472e-15
    outer loop
      vertex   1.335857e+02 1.084637e+02 1.554002e+02
      vertex   1.338379e+02 1.084637e+02 1.554517e+02
      vertex   1.421031e+02 1.084637e+02 1.408738e+02
    endloop
  endfacet
  facet normal -1.521378e-15 1.000000e+00 4.011543e-15
    outer loop
      vertex   1.421031e+02 1.084637e+02 1.408738e+02
      vertex   1.338379e+02 1.084637e+02 1.554517e+02
      vertex   1.340787e+02 1.084637e+02 1.555430e+02
    endloop
  endfacet
  facet normal -2.125325e-15 1.000000e+00 3.681171e-15
    outer loop
      vertex   1.421031e+02 1.084637e+02 1.408738e+02
      vertex   1.340787e+02 1.084637e+02 1.555430e+02
      vertex   1.343017e+02 1.084637e+02 1.556718e+02
    endloop
  endfacet
  facet normal -2.740701e-15 1.000000e+00 3.356750e-15
    outer loop
      vertex   1.343017e+02 1.084637e+02 1.556718e+02
      vertex   1.345012e+02 1.084637e+02 1.558346e+02
      vertex   1.421031e+02 1.084637e+02 1.408738e+02
    endloop
  endfacet
  facet normal -3.406893e-15 1.000000e+00 3.018244e-15
    outer loop
      vertex   1.421031e+02 1.084637e+02 1.408738e+02
      vertex   1.345012e+02 1.084637e+02 1.558346e+02
      vertex   1.346719e+02 1.084637e+02 1.560274e+02
    endloop
  endfacet
  facet normal -4.176301e-15 1.000000e+00 2.640933e-15
    outer loop
      vertex   1.421031e+02 1.084637e+02 1.408738e+02
      vertex   1.346719e+02 1.084637e+02 1.560274e+02
      vertex   1.348095e+02 1.084637e+02 1.562450e+02
    endloop
  endfacet
  facet normal -5.133019e-15 1.000000e+00 2.186975e-15
    outer loop
      vertex   1.348095e+02 1.084637e+02 1.562450e+02
      vertex   1.349105e+02 1.084637e+02 1.564819e+02
      vertex   1.421031e+02 1.084637e+02 1.408738e+02
    endloop
  endfacet
  facet normal -6.436277e-15 1.000000e+00 1.586400e-15
    outer loop
      vertex   1.421031e+02 1.084637e+02 1.408738e+02
      vertex   1.349105e+02 1.084637e+02 1.564819e+02
      vertex   1.349721e+02 1.084637e+02 1.567319e+02
    endloop
  endfacet
  facet normal -8.447593e-15 1.000000e+00 6.819602e-16
    outer loop
      vertex   1.421031e+02 1.084637e+02 1.408738e+02
      vertex   1.349721e+02 1.084637e+02 1.567319e+02
      vertex   1.349928e+02 1.084637e+02 1.569886e+02
    endloop
  endfacet
  facet normal 1.510889e-13 1.000000e+00 1.672382e-15
    outer loop
      vertex   9.639355e+01 1.084637e+02 1.612657e+02
      vertex   9.639355e+01 1.084637e+02 1.867579e+02
      vertex   9.639941e+01 1.084637e+02 1.607358e+02
    endloop
  endfacet
  facet normal 2.024093e-12 1.000000e+00 2.094557e-15
    outer loop
      vertex   9.639941e+01 1.084637e+02 1.607358e+02
      vertex   9.639355e+01 1.084637e+02 1.867579e+02
      vertex   9.640002e+01 1.084637e+02 1.872858e+02
    endloop
  endfacet
  facet normal 6.415566e-14 1.000000e+00 2.139524e-15
    outer loop
      vertex   9.639941e+01 1.084637e+02 1.607358e+02
      vertex   9.640002e+01 1.084637e+02 1.872858e+02
      vertex   9.641700e+01 1.084637e+02 1.602083e+02
    endloop
  endfacet
  facet normal -5.594783e-14 1.000000e+00 2.064190e-15
    outer loop
      vertex   9.641700e+01 1.084637e+02 1.602083e+02
      vertex   9.640002e+01 1.084637e+02 1.872858e+02
      vertex   9.641944e+01 1.084637e+02 1.878122e+02
    endloop
  endfacet
  facet normal 3.682039e-14 1.000000e+00 2.056004e-15
    outer loop
      vertex   9.641700e+01 1.084637e+02 1.602083e+02
      vertex   9.641944e+01 1.084637e+02 1.878122e+02
      vertex   9.644632e+01 1.084637e+02 1.596833e+02
    endloop
  endfacet
  facet normal -3.225826e-14 1.000000e+00 1.989999e-15
    outer loop
      vertex   9.644632e+01 1.084637e+02 1.596833e+02
      vertex   9.641944e+01 1.084637e+02 1.878122e+02
      vertex   9.645180e+01 1.084637e+02 1.883367e+02
    endloop
  endfacet
  facet normal 2.519025e-14 1.000000e+00 1.979015e-15
    outer loop
      vertex   9.644632e+01 1.084637e+02 1.596833e+02
      vertex   9.645180e+01 1.084637e+02 1.883367e+02
      vertex   9.648734e+01 1.084637e+02 1.591612e+02
    endloop
  endfacet
  facet normal -2.216701e-14 1.000000e+00 1.921326e-15
    outer loop
      vertex   9.648734e+01 1.084637e+02 1.591612e+02
      vertex   9.645180e+01 1.084637e+02 1.883367e+02
      vertex   9.649707e+01 1.084637e+02 1.888590e+02
    endloop
  endfacet
  facet normal -2.499729e-13 1.000000e+00 1.995994e-15
    outer loop
      vertex   9.648734e+01 1.084637e+02 1.591612e+02
      vertex   9.649707e+01 1.084637e+02 1.888590e+02
      vertex   9.654004e+01 1.084637e+02 1.586422e+02
    endloop
  endfacet
  facet normal -2.075410e-14 1.000000e+00 2.321965e-15
    outer loop
      vertex   9.654004e+01 1.084637e+02 1.586422e+02
      vertex   9.649707e+01 1.084637e+02 1.888590e+02
      vertex   9.655524e+01 1.084637e+02 1.893790e+02
    endloop
  endfacet
  facet normal 1.844772e-14 1.000000e+00 2.302581e-15
    outer loop
      vertex   9.654004e+01 1.084637e+02 1.586422e+02
      vertex   9.655524e+01 1.084637e+02 1.893790e+02
      vertex   9.660441e+01 1.084637e+02 1.581265e+02
    endloop
  endfacet
  facet normal -1.636750e-14 1.000000e+00 2.247807e-15
    outer loop
      vertex   9.660441e+01 1.084637e+02 1.581265e+02
      vertex   9.655524e+01 1.084637e+02 1.893790e+02
      vertex   9.662627e+01 1.084637e+02 1.898962e+02
    endloop
  endfacet
  facet normal 1.500139e-14 1.000000e+00 2.226218e-15
    outer loop
      vertex   9.660441e+01 1.084637e+02 1.581265e+02
      vertex   9.662627e+01 1.084637e+02 1.898962e+02
      vertex   9.668041e+01 1.084637e+02 1.576144e+02
    endloop
  endfacet
  facet normal -1.336052e-14 1.000000e+00 2.178658e-15
    outer loop
      vertex   9.668041e+01 1.084637e+02 1.576144e+02
      vertex   9.662627e+01 1.084637e+02 1.898962e+02
      vertex   9.671013e+01 1.084637e+02 1.904105e+02
    endloop
  endfacet
  facet normal 1.250642e-14 1.000000e+00 2.155211e-15
    outer loop
      vertex   9.668041e+01 1.084637e+02 1.576144e+02
      vertex   9.671013e+01 1.084637e+02 1.904105e+02
      vertex   9.676800e+01 1.084637e+02 1.571061e+02
    endloop
  endfacet
  facet normal -1.117889e-14 1.000000e+00 2.114059e-15
    outer loop
      vertex   9.676800e+01 1.084637e+02 1.571061e+02
      vertex   9.671013e+01 1.084637e+02 1.904105e+02
      vertex   9.680678e+01 1.084637e+02 1.909215e+02
    endloop
  endfacet
  facet normal 1.062430e-14 1.000000e+00 2.089054e-15
    outer loop
      vertex   9.676800e+01 1.084637e+02 1.571061e+02
      vertex   9.680678e+01 1.084637e+02 1.909215e+02
      vertex   9.686715e+01 1.084637e+02 1.566019e+02
    endloop
  endfacet
  facet normal -9.529421e-15 1.000000e+00 2.053605e-15
    outer loop
      vertex   9.686715e+01 1.084637e+02 1.566019e+02
      vertex   9.680678e+01 1.084637e+02 1.909215e+02
      vertex   9.691616e+01 1.084637e+02 1.914291e+02
    endloop
  endfacet
  facet normal 9.159326e-15 1.000000e+00 2.027304e-15
    outer loop
      vertex   9.686715e+01 1.084637e+02 1.566019e+02
      vertex   9.691616e+01 1.084637e+02 1.914291e+02
      vertex   9.697780e+01 1.084637e+02 1.561019e+02
    endloop
  endfacet
  facet normal -8.242577e-15 1.000000e+00 1.996940e-15
    outer loop
      vertex   9.697780e+01 1.084637e+02 1.561019e+02
      vertex   9.691616e+01 1.084637e+02 1.914291e+02
      vertex   9.703821e+01 1.084637e+02 1.919329e+02
    endloop
  endfacet
  facet normal 7.990588e-15 1.000000e+00 1.969569e-15
    outer loop
      vertex   9.697780e+01 1.084637e+02 1.561019e+02
      vertex   9.703821e+01 1.084637e+02 1.919329e+02
      vertex   9.709991e+01 1.084637e+02 1.556065e+02
    endloop
  endfacet
  facet normal -7.213550e-15 1.000000e+00 1.943748e-15
    outer loop
      vertex   9.709991e+01 1.084637e+02 1.556065e+02
      vertex   9.703821e+01 1.084637e+02 1.919329e+02
      vertex   9.717288e+01 1.084637e+02 1.924327e+02
    endloop
  endfacet
  facet normal 7.039408e-15 1.000000e+00 1.915504e-15
    outer loop
      vertex   9.709991e+01 1.084637e+02 1.556065e+02
      vertex   9.717288e+01 1.084637e+02 1.924327e+02
      vertex   9.723341e+01 1.084637e+02 1.551159e+02
    endloop
  endfacet
  facet normal -6.374103e-15 1.000000e+00 1.893746e-15
    outer loop
      vertex   9.723341e+01 1.084637e+02 1.551159e+02
      vertex   9.717288e+01 1.084637e+02 1.924327e+02
      vertex   9.732009e+01 1.084637e+02 1.929281e+02
    endloop
  endfacet
  facet normal 6.252426e-15 1.000000e+00 1.864802e-15
    outer loop
      vertex   9.723341e+01 1.084637e+02 1.551159e+02
      vertex   9.732009e+01 1.084637e+02 1.929281e+02
      vertex   9.737825e+01 1.084637e+02 1.546303e+02
    endloop
  endfacet
  facet normal -5.677929e-15 1.000000e+00 1.846684e-15
    outer loop
      vertex   9.737825e+01 1.084637e+02 1.546303e+02
      vertex   9.732009e+01 1.084637e+02 1.929281e+02
      vertex   9.747977e+01 1.084637e+02 1.934191e+02
    endloop
  endfacet
  facet normal 5.592205e-15 1.000000e+00 1.817188e-15
    outer loop
      vertex   9.737825e+01 1.084637e+02 1.546303e+02
      vertex   9.747977e+01 1.084637e+02 1.934191e+02
      vertex   9.753436e+01 1.084637e+02 1.541499e+02
    endloop
  endfacet
  facet normal -5.092516e-15 1.000000e+00 1.802335e-15
    outer loop
      vertex   9.753436e+01 1.084637e+02 1.541499e+02
      vertex   9.747977e+01 1.084637e+02 1.934191e+02
      vertex   9.765183e+01 1.084637e+02 1.939053e+02
    endloop
  endfacet
  facet normal 5.031728e-15 1.000000e+00 1.772420e-15
    outer loop
      vertex   9.753436e+01 1.084637e+02 1.541499e+02
      vertex   9.765183e+01 1.084637e+02 1.939053e+02
      vertex   9.770165e+01 1.084637e+02 1.536750e+02
    endloop
  endfacet
  facet normal -4.594381e-15 1.000000e+00 1.760498e-15
    outer loop
      vertex   9.770165e+01 1.084637e+02 1.536750e+02
      vertex   9.765183e+01 1.084637e+02 1.939053e+02
      vertex   9.783618e+01 1.084637e+02 1.943864e+02
    endloop
  endfacet
  facet normal 4.551024e-15 1.000000e+00 1.730278e-15
    outer loop
      vertex   9.770165e+01 1.084637e+02 1.536750e+02
      vertex   9.783618e+01 1.084637e+02 1.943864e+02
      vertex   9.788006e+01 1.084637e+02 1.532057e+02
    endloop
  endfacet
  facet normal -4.166153e-15 1.000000e+00 1.720989e-15
    outer loop
      vertex   9.788006e+01 1.084637e+02 1.532057e+02
      vertex   9.783618e+01 1.084637e+02 1.943864e+02
      vertex   9.803273e+01 1.084637e+02 1.948622e+02
    endloop
  endfacet
  facet normal 4.135025e-15 1.000000e+00 1.690566e-15
    outer loop
      vertex   9.788006e+01 1.084637e+02 1.532057e+02
      vertex   9.803273e+01 1.084637e+02 1.948622e+02
      vertex   9.806950e+01 1.084637e+02 1.527423e+02
    endloop
  endfacet
  facet normal 7.642468e-14 1.000000e+00 -3.390822e-14
    outer loop
      vertex   9.803273e+01 1.084637e+02 1.948622e+02
      vertex   9.824137e+01 1.084637e+02 1.953324e+02
      vertex   1.125663e+02 1.084637e+02 2.007968e+02
    endloop
  endfacet
  facet normal 7.754053e-14 1.000000e+00 -3.683347e-14
    outer loop
      vertex   1.125663e+02 1.084637e+02 2.007968e+02
      vertex   9.824137e+01 1.084637e+02 1.953324e+02
      vertex   9.846200e+01 1.084637e+02 1.957969e+02
    endloop
  endfacet
  facet normal 7.861795e-14 1.000000e+00 -3.987279e-14
    outer loop
      vertex   1.125663e+02 1.084637e+02 2.007968e+02
      vertex   9.846200e+01 1.084637e+02 1.957969e+02
      vertex   9.869450e+01 1.084637e+02 1.962553e+02
    endloop
  endfacet
  facet normal 7.965060e-14 1.000000e+00 -4.302698e-14
    outer loop
      vertex   9.869450e+01 1.084637e+02 1.962553e+02
      vertex   9.893874e+01 1.084637e+02 1.967074e+02
      vertex   1.125663e+02 1.084637e+02 2.007968e+02
    endloop
  endfacet
  facet normal 8.063162e-14 1.000000e+00 -4.629621e-14
    outer loop
      vertex   1.125663e+02 1.084637e+02 2.007968e+02
      vertex   9.893874e+01 1.084637e+02 1.967074e+02
      vertex   9.919461e+01 1.084637e+02 1.971531e+02
    endloop
  endfacet
  facet normal 8.155365e-14 1.000000e+00 -4.967990e-14
    outer loop
      vertex   1.125663e+02 1.084637e+02 2.007968e+02
      vertex   9.919461e+01 1.084637e+02 1.971531e+02
      vertex   9.946197e+01 1.084637e+02 1.975919e+02
    endloop
  endfacet
  facet normal 8.240882e-14 1.000000e+00 -5.317668e-14
    outer loop
      vertex   9.946197e+01 1.084637e+02 1.975919e+02
      vertex   9.974067e+01 1.084637e+02 1.980239e+02
      vertex   1.125663e+02 1.084637e+02 2.007968e+02
    endloop
  endfacet
  facet normal 8.318876e-14 1.000000e+00 -5.678419e-14
    outer loop
      vertex   1.125663e+02 1.084637e+02 2.007968e+02
      vertex   9.974067e+01 1.084637e+02 1.980239e+02
      vertex   1.000306e+02 1.084637e+02 1.984486e+02
    endloop
  endfacet
  facet normal 8.388463e-14 1.000000e+00 -6.049905e-14
    outer loop
      vertex   1.125663e+02 1.084637e+02 2.007968e+02
      vertex   1.000306e+02 1.084637e+02 1.984486e+02
      vertex   1.003315e+02 1.084637e+02 1.988659e+02
    endloop
  endfacet
  facet normal 8.448712e-14 1.000000e+00 -6.431666e-14
    outer loop
      vertex   1.003315e+02 1.084637e+02 1.988659e+02
      vertex   1.006434e+02 1.084637e+02 1.992755e+02
      vertex   1.125663e+02 1.084637e+02 2.007968e+02
    endloop
  endfacet
  facet normal 8.498657e-14 1.000000e+00 -6.823113e-14
    outer loop
      vertex   1.125663e+02 1.084637e+02 2.007968e+02
      vertex   1.006434e+02 1.084637e+02 1.992755e+02
      vertex   1.009660e+02 1.084637e+02 1.996773e+02
    endloop
  endfacet
  facet normal 8.537295e-14 1.000000e+00 -7.223517e-14
    outer loop
      vertex   1.125663e+02 1.084637e+02 2.007968e+02
      vertex   1.009660e+02 1.084637e+02 1.996773e+02
      vertex   1.012991e+02 1.084637e+02 2.000711e+02
    endloop
  endfacet
  facet normal 8.563604e-14 1.000000e+00 -7.631992e-14
    outer loop
      vertex   1.012991e+02 1.084637e+02 2.000711e+02
      vertex   1.016427e+02 1.084637e+02 2.004565e+02
      vertex   1.125663e+02 1.084637e+02 2.007968e+02
    endloop
  endfacet
  facet normal 8.576545e-14 1.000000e+00 -8.047493e-14
    outer loop
      vertex   1.125663e+02 1.084637e+02 2.007968e+02
      vertex   1.016427e+02 1.084637e+02 2.004565e+02
      vertex   1.019964e+02 1.084637e+02 2.008336e+02
    endloop
  endfacet
  facet normal 8.575078e-14 1.000000e+00 -8.468801e-14
    outer loop
      vertex   1.125663e+02 1.084637e+02 2.007968e+02
      vertex   1.019964e+02 1.084637e+02 2.008336e+02
      vertex   1.023602e+02 1.084637e+02 2.012019e+02
    endloop
  endfacet
  facet normal 8.558179e-14 1.000000e+00 -8.894523e-14
    outer loop
      vertex   1.023602e+02 1.084637e+02 2.012019e+02
      vertex   1.027338e+02 1.084637e+02 2.015614e+02
      vertex   1.125663e+02 1.084637e+02 2.007968e+02
    endloop
  endfacet
  facet normal 8.524852e-14 1.000000e+00 -9.323085e-14
    outer loop
      vertex   1.125663e+02 1.084637e+02 2.007968e+02
      vertex   1.027338e+02 1.084637e+02 2.015614e+02
      vertex   1.031171e+02 1.084637e+02 2.019118e+02
    endloop
  endfacet
  facet normal 8.474151e-14 1.000000e+00 -9.752735e-14
    outer loop
      vertex   1.125663e+02 1.084637e+02 2.007968e+02
      vertex   1.031171e+02 1.084637e+02 2.019118e+02
      vertex   1.035098e+02 1.084637e+02 2.022530e+02
    endloop
  endfacet
  facet normal 8.405198e-14 1.000000e+00 -1.018155e-13
    outer loop
      vertex   1.035098e+02 1.084637e+02 2.022530e+02
      vertex   1.039117e+02 1.084637e+02 2.025849e+02
      vertex   1.125663e+02 1.084637e+02 2.007968e+02
    endloop
  endfacet
  facet normal 8.317208e-14 1.000000e+00 -1.060743e-13
    outer loop
      vertex   1.125663e+02 1.084637e+02 2.007968e+02
      vertex   1.039117e+02 1.084637e+02 2.025849e+02
      vertex   1.043227e+02 1.084637e+02 2.029071e+02
    endloop
  endfacet
  facet normal 8.209506e-14 1.000000e+00 -1.102815e-13
    outer loop
      vertex   1.125663e+02 1.084637e+02 2.007968e+02
      vertex   1.043227e+02 1.084637e+02 2.029071e+02
      vertex   1.047425e+02 1.084637e+02 2.032196e+02
    endloop
  endfacet
  facet normal 8.081555e-14 1.000000e+00 -1.144133e-13
    outer loop
      vertex   1.047425e+02 1.084637e+02 2.032196e+02
      vertex   1.051708e+02 1.084637e+02 2.035222e+02
      vertex   1.125663e+02 1.084637e+02 2.007968e+02
    endloop
  endfacet
  facet normal 7.932975e-14 1.000000e+00 -1.184451e-13
    outer loop
      vertex   1.125663e+02 1.084637e+02 2.007968e+02
      vertex   1.051708e+02 1.084637e+02 2.035222e+02
      vertex   1.056076e+02 1.084637e+02 2.038147e+02
    endloop
  endfacet
  facet normal 7.763565e-14 1.000000e+00 -1.223514e-13
    outer loop
      vertex   1.125663e+02 1.084637e+02 2.007968e+02
      vertex   1.056076e+02 1.084637e+02 2.038147e+02
      vertex   1.060525e+02 1.084637e+02 2.040970e+02
    endloop
  endfacet
  facet normal 7.573318e-14 1.000000e+00 -1.261065e-13
    outer loop
      vertex   1.060525e+02 1.084637e+02 2.040970e+02
      vertex   1.065053e+02 1.084637e+02 2.043689e+02
      vertex   1.125663e+02 1.084637e+02 2.007968e+02
    endloop
  endfacet
  facet normal 7.362441e-14 1.000000e+00 -1.296846e-13
    outer loop
      vertex   1.125663e+02 1.084637e+02 2.007968e+02
      vertex   1.065053e+02 1.084637e+02 2.043689e+02
      vertex   1.069657e+02 1.084637e+02 2.046303e+02
    endloop
  endfacet
  facet normal 1.538885e-13 1.000000e+00 -1.242316e-14
    outer loop
      vertex   1.125663e+02 1.084637e+02 2.007968e+02
      vertex   1.069657e+02 1.084637e+02 2.046303e+02
      vertex   1.125871e+02 1.084637e+02 2.010534e+02
    endloop
  endfacet
  facet normal 7.397102e-14 1.000000e+00 -1.380188e-13
    outer loop
      vertex   1.125871e+02 1.084637e+02 2.010534e+02
      vertex   1.069657e+02 1.084637e+02 2.046303e+02
      vertex   1.074336e+02 1.084637e+02 2.048811e+02
    endloop
  endfacet
  facet normal 7.144150e-14 1.000000e+00 -1.414245e-13
    outer loop
      vertex   1.125871e+02 1.084637e+02 2.010534e+02
      vertex   1.074336e+02 1.084637e+02 2.048811e+02
      vertex   1.079087e+02 1.084637e+02 2.051211e+02
    endloop
  endfacet
  facet normal 1.600964e-13 1.000000e+00 -3.946022e-14
    outer loop
      vertex   1.125871e+02 1.084637e+02 2.010534e+02
      vertex   1.079087e+02 1.084637e+02 2.051211e+02
      vertex   1.126487e+02 1.084637e+02 2.013034e+02
    endloop
  endfacet
  facet normal 5.266637e-14 1.000000e+00 -1.728439e-13
    outer loop
      vertex   1.126487e+02 1.084637e+02 2.013034e+02
      vertex   1.079087e+02 1.084637e+02 2.051211e+02
      vertex   1.083908e+02 1.084637e+02 2.053502e+02
    endloop
  endfacet
  facet normal 1.544123e-13 1.000000e+00 -6.578894e-14
    outer loop
      vertex   1.126487e+02 1.084637e+02 2.013034e+02
      vertex   1.083908e+02 1.084637e+02 2.053502e+02
      vertex   1.127496e+02 1.084637e+02 2.015403e+02
    endloop
  endfacet
  facet normal 7.162123e-14 1.000000e+00 -1.605096e-13
    outer loop
      vertex   1.127496e+02 1.084637e+02 2.015403e+02
      vertex   1.083908e+02 1.084637e+02 2.053502e+02
      vertex   1.088795e+02 1.084637e+02 2.055683e+02
    endloop
  endfacet
  facet normal 6.838192e-14 1.000000e+00 -1.636219e-13
    outer loop
      vertex   1.127496e+02 1.084637e+02 2.015403e+02
      vertex   1.088795e+02 1.084637e+02 2.055683e+02
      vertex   1.093747e+02 1.084637e+02 2.057752e+02
    endloop
  endfacet
  facet normal 1.526049e-13 1.000000e+00 -9.650151e-14
    outer loop
      vertex   1.127496e+02 1.084637e+02 2.015403e+02
      vertex   1.093747e+02 1.084637e+02 2.057752e+02
      vertex   1.128872e+02 1.084637e+02 2.017579e+02
    endloop
  endfacet
  facet normal 6.691621e-14 1.000000e+00 -1.714249e-13
    outer loop
      vertex   1.128872e+02 1.084637e+02 2.017579e+02
      vertex   1.093747e+02 1.084637e+02 2.057752e+02
      vertex   1.098760e+02 1.084637e+02 2.059709e+02
    endloop
  endfacet
  facet normal 1.369757e-13 1.000000e+00 -1.213499e-13
    outer loop
      vertex   1.128872e+02 1.084637e+02 2.017579e+02
      vertex   1.098760e+02 1.084637e+02 2.059709e+02
      vertex   1.130580e+02 1.084637e+02 2.019507e+02
    endloop
  endfacet
  facet normal 6.485033e-14 1.000000e+00 -1.784364e-13
    outer loop
      vertex   1.130580e+02 1.084637e+02 2.019507e+02
      vertex   1.098760e+02 1.084637e+02 2.059709e+02
      vertex   1.103833e+02 1.084637e+02 2.061553e+02
    endloop
  endfacet
  facet normal 6.098484e-14 1.000000e+00 -1.808954e-13
    outer loop
      vertex   1.130580e+02 1.084637e+02 2.019507e+02
      vertex   1.103833e+02 1.084637e+02 2.061553e+02
      vertex   1.108962e+02 1.084637e+02 2.063282e+02
    endloop
  endfacet
  facet normal 1.227801e-13 1.000000e+00 -1.503783e-13
    outer loop
      vertex   1.130580e+02 1.084637e+02 2.019507e+02
      vertex   1.108962e+02 1.084637e+02 2.063282e+02
      vertex   1.132574e+02 1.084637e+02 2.021135e+02
    endloop
  endfacet
  facet normal 5.810683e-14 1.000000e+00 -1.866113e-13
    outer loop
      vertex   1.132574e+02 1.084637e+02 2.021135e+02
      vertex   1.108962e+02 1.084637e+02 2.063282e+02
      vertex   1.114145e+02 1.084637e+02 2.064896e+02
    endloop
  endfacet
  facet normal 9.803231e-14 1.000000e+00 -1.697969e-13
    outer loop
      vertex   1.132574e+02 1.084637e+02 2.021135e+02
      vertex   1.114145e+02 1.084637e+02 2.064896e+02
      vertex   1.134804e+02 1.084637e+02 2.022423e+02
    endloop
  endfacet
  facet normal 5.462806e-14 1.000000e+00 -1.909093e-13
    outer loop
      vertex   1.134804e+02 1.084637e+02 2.022423e+02
      vertex   1.114145e+02 1.084637e+02 2.064896e+02
      vertex   1.119379e+02 1.084637e+02 2.066393e+02
    endloop
  endfacet
  facet normal 7.031527e-14 1.000000e+00 -1.854061e-13
    outer loop
      vertex   1.134804e+02 1.084637e+02 2.022423e+02
      vertex   1.119379e+02 1.084637e+02 2.066393e+02
      vertex   1.137212e+02 1.084637e+02 2.023336e+02
    endloop
  endfacet
  facet normal 5.059785e-14 1.000000e+00 -1.935724e-13
    outer loop
      vertex   1.137212e+02 1.084637e+02 2.023336e+02
      vertex   1.119379e+02 1.084637e+02 2.066393e+02
      vertex   1.124662e+02 1.084637e+02 2.067774e+02
    endloop
  endfacet
  facet normal 4.618564e-14 1.000000e+00 -1.948185e-13
    outer loop
      vertex   1.137212e+02 1.084637e+02 2.023336e+02
      vertex   1.124662e+02 1.084637e+02 2.067774e+02
      vertex   1.129990e+02 1.084637e+02 2.069037e+02
    endloop
  endfacet
  facet normal 3.997291e-14 1.000000e+00 -1.958002e-13
    outer loop
      vertex   1.137212e+02 1.084637e+02 2.023336e+02
      vertex   1.129990e+02 1.084637e+02 2.069037e+02
      vertex   1.139735e+02 1.084637e+02 2.023851e+02
    endloop
  endfacet
  facet normal 4.165763e-14 1.000000e+00 -1.954369e-13
    outer loop
      vertex   1.139735e+02 1.084637e+02 2.023851e+02
      vertex   1.129990e+02 1.084637e+02 2.069037e+02
      vertex   1.135361e+02 1.084637e+02 2.070182e+02
    endloop
  endfacet
  facet normal 8.003870e-15 1.000000e+00 -1.986140e-13
    outer loop
      vertex   1.139735e+02 1.084637e+02 2.023851e+02
      vertex   1.135361e+02 1.084637e+02 2.070182e+02
      vertex   1.142308e+02 1.084637e+02 2.023955e+02
    endloop
  endfacet
  facet normal 6.237018e-14 1.000000e+00 -1.904442e-13
    outer loop
      vertex   1.142308e+02 1.084637e+02 2.023955e+02
      vertex   1.135361e+02 1.084637e+02 2.070182e+02
      vertex   1.140772e+02 1.084637e+02 2.071208e+02
    endloop
  endfacet
  facet normal -2.346279e-14 1.000000e+00 -1.932335e-13
    outer loop
      vertex   1.142308e+02 1.084637e+02 2.023955e+02
      vertex   1.140772e+02 1.084637e+02 2.071208e+02
      vertex   1.144864e+02 1.084637e+02 2.023644e+02
    endloop
  endfacet
  facet normal 3.136567e-14 1.000000e+00 -1.885168e-13
    outer loop
      vertex   1.144864e+02 1.084637e+02 2.023644e+02
      vertex   1.140772e+02 1.084637e+02 2.071208e+02
      vertex   1.146220e+02 1.084637e+02 2.072115e+02
    endloop
  endfacet
  facet normal 2.702851e-14 1.000000e+00 -1.883954e-13
    outer loop
      vertex   1.144864e+02 1.084637e+02 2.023644e+02
      vertex   1.146220e+02 1.084637e+02 2.072115e+02
      vertex   1.151703e+02 1.084637e+02 2.072901e+02
    endloop
  endfacet
  facet normal -5.141448e-14 1.000000e+00 -1.775034e-13
    outer loop
      vertex   1.144864e+02 1.084637e+02 2.023644e+02
      vertex   1.151703e+02 1.084637e+02 2.072901e+02
      vertex   1.147337e+02 1.084637e+02 2.022928e+02
    endloop
  endfacet
  facet normal 2.222452e-14 1.000000e+00 -1.839373e-13
    outer loop
      vertex   1.147337e+02 1.084637e+02 2.022928e+02
      vertex   1.151703e+02 1.084637e+02 2.072901e+02
      vertex   1.157218e+02 1.084637e+02 2.073568e+02
    endloop
  endfacet
  facet normal -7.800016e-14 1.000000e+00 -1.643819e-13
    outer loop
      vertex   1.147337e+02 1.084637e+02 2.022928e+02
      vertex   1.157218e+02 1.084637e+02 2.073568e+02
      vertex   1.149663e+02 1.084637e+02 2.021824e+02
    endloop
  endfacet
  facet normal 1.755366e-14 1.000000e+00 -1.783322e-13
    outer loop
      vertex   1.149663e+02 1.084637e+02 2.021824e+02
      vertex   1.157218e+02 1.084637e+02 2.073568e+02
      vertex   1.162761e+02 1.084637e+02 2.074113e+02
    endloop
  endfacet
  facet normal -1.023614e-13 1.000000e+00 -1.482960e-13
    outer loop
      vertex   1.149663e+02 1.084637e+02 2.021824e+02
      vertex   1.162761e+02 1.084637e+02 2.074113e+02
      vertex   1.151783e+02 1.084637e+02 2.020361e+02
    endloop
  endfacet
  facet normal 1.310699e-14 1.000000e+00 -1.718791e-13
    outer loop
      vertex   1.151783e+02 1.084637e+02 2.020361e+02
      vertex   1.162761e+02 1.084637e+02 2.074113e+02
      vertex   1.168330e+02 1.084637e+02 2.074538e+02
    endloop
  endfacet
  facet normal 9.265008e-15 1.000000e+00 -1.707057e-13
    outer loop
      vertex   1.151783e+02 1.084637e+02 2.020361e+02
      vertex   1.168330e+02 1.084637e+02 2.074538e+02
      vertex   1.173921e+02 1.084637e+02 2.074841e+02
    endloop
  endfacet
  facet normal -1.153324e-13 1.000000e+00 -1.200737e-13
    outer loop
      vertex   1.151783e+02 1.084637e+02 2.020361e+02
      vertex   1.173921e+02 1.084637e+02 2.074841e+02
      vertex   1.153640e+02 1.084637e+02 2.018578e+02
    endloop
  endfacet
  facet normal 5.309273e-15 1.000000e+00 -1.635621e-13
    outer loop
      vertex   1.153640e+02 1.084637e+02 2.018578e+02
      vertex   1.173921e+02 1.084637e+02 2.074841e+02
      vertex   1.179533e+02 1.084637e+02 2.075024e+02
    endloop
  endfacet
  facet normal -4.899818e-14 1.000000e+00 -1.386497e-13
    outer loop
      vertex   1.153640e+02 1.084637e+02 2.018578e+02
      vertex   1.179533e+02 1.084637e+02 2.075024e+02
      vertex   1.185162e+02 1.084637e+02 2.075084e+02
    endloop
  endfacet
  facet normal -1.267726e-13 1.000000e+00 -9.526340e-14
    outer loop
      vertex   1.153640e+02 1.084637e+02 2.018578e+02
      vertex   1.185162e+02 1.084637e+02 2.075084e+02
      vertex   1.155186e+02 1.084637e+02 2.016519e+02
    endloop
  endfacet
  facet normal 3.741545e-14 1.000000e+00 -1.792993e-13
    outer loop
      vertex   1.155186e+02 1.084637e+02 2.016519e+02
      vertex   1.185162e+02 1.084637e+02 2.075084e+02
      vertex   1.188960e+02 1.084637e+02 2.075084e+02
    endloop
  endfacet
  facet normal -1.431862e-13 1.000000e+00 -7.514991e-14
    outer loop
      vertex   1.155186e+02 1.084637e+02 2.016519e+02
      vertex   1.188960e+02 1.084637e+02 2.075084e+02
      vertex   1.156383e+02 1.084637e+02 2.014239e+02
    endloop
  endfacet
  facet normal -3.252082e-15 1.000000e+00 -1.500712e-13
    outer loop
      vertex   1.156383e+02 1.084637e+02 2.014239e+02
      vertex   1.188960e+02 1.084637e+02 2.075084e+02
      vertex   1.198474e+02 1.084637e+02 2.074878e+02
    endloop
  endfacet
  facet normal -9.496987e-15 1.000000e+00 -1.457365e-13
    outer loop
      vertex   1.156383e+02 1.084637e+02 2.014239e+02
      vertex   1.198474e+02 1.084637e+02 2.074878e+02
      vertex   1.207960e+02 1.084637e+02 2.074260e+02
    endloop
  endfacet
  facet normal -1.289826e-13 1.000000e+00 -4.306072e-14
    outer loop
      vertex   1.156383e+02 1.084637e+02 2.014239e+02
      vertex   1.207960e+02 1.084637e+02 2.074260e+02
      vertex   1.157198e+02 1.084637e+02 2.011797e+02
    endloop
  endfacet
  facet normal -1.480699e-14 1.000000e+00 -1.358467e-13
    outer loop
      vertex   1.157198e+02 1.084637e+02 2.011797e+02
      vertex   1.207960e+02 1.084637e+02 2.074260e+02
      vertex   1.217401e+02 1.084637e+02 2.073231e+02
    endloop
  endfacet
  facet normal -1.316075e-13 1.000000e+00 -2.138829e-14
    outer loop
      vertex   1.157198e+02 1.084637e+02 2.011797e+02
      vertex   1.217401e+02 1.084637e+02 2.073231e+02
      vertex   1.157612e+02 1.084637e+02 2.009255e+02
    endloop
  endfacet
  facet normal -1.936345e-14 1.000000e+00 -1.262872e-13
    outer loop
      vertex   1.157612e+02 1.084637e+02 2.009255e+02
      vertex   1.217401e+02 1.084637e+02 2.073231e+02
      vertex   1.226780e+02 1.084637e+02 2.071793e+02
    endloop
  endfacet
  facet normal -3.655421e-14 1.000000e+00 -1.072737e-13
    outer loop
      vertex   1.157612e+02 1.084637e+02 2.009255e+02
      vertex   1.226780e+02 1.084637e+02 2.071793e+02
      vertex   1.236081e+02 1.084637e+02 2.069948e+02
    endloop
  endfacet
  facet normal -2.867919e-14 1.000000e+00 -1.174552e-13
    outer loop
      vertex   1.236081e+02 1.084637e+02 2.069948e+02
      vertex   1.245287e+02 1.084637e+02 2.067700e+02
      vertex   1.157612e+02 1.084637e+02 2.009255e+02
    endloop
  endfacet
  facet normal -3.251216e-14 1.000000e+00 -1.117053e-13
    outer loop
      vertex   1.157612e+02 1.084637e+02 2.009255e+02
      vertex   1.245287e+02 1.084637e+02 2.067700e+02
      vertex   1.254382e+02 1.084637e+02 2.065053e+02
    endloop
  endfacet
  facet normal -3.589710e-14 1.000000e+00 -1.058348e-13
    outer loop
      vertex   1.157612e+02 1.084637e+02 2.009255e+02
      vertex   1.254382e+02 1.084637e+02 2.065053e+02
      vertex   1.263350e+02 1.084637e+02 2.062011e+02
    endloop
  endfacet
  facet normal -3.884757e-14 1.000000e+00 -9.992119e-14
    outer loop
      vertex   1.263350e+02 1.084637e+02 2.062011e+02
      vertex   1.272175e+02 1.084637e+02 2.058580e+02
      vertex   1.157612e+02 1.084637e+02 2.009255e+02
    endloop
  endfacet
  facet normal -4.138382e-14 1.000000e+00 -9.403048e-14
    outer loop
      vertex   1.157612e+02 1.084637e+02 2.009255e+02
      vertex   1.272175e+02 1.084637e+02 2.058580e+02
      vertex   1.280841e+02 1.084637e+02 2.054766e+02
    endloop
  endfacet
  facet normal -4.353080e-14 1.000000e+00 -8.821717e-14
    outer loop
      vertex   1.157612e+02 1.084637e+02 2.009255e+02
      vertex   1.280841e+02 1.084637e+02 2.054766e+02
      vertex   1.289333e+02 1.084637e+02 2.050576e+02
    endloop
  endfacet
  facet normal -4.531641e-14 1.000000e+00 -8.252507e-14
    outer loop
      vertex   1.289333e+02 1.084637e+02 2.050576e+02
      vertex   1.297636e+02 1.084637e+02 2.046017e+02
      vertex   1.157612e+02 1.084637e+02 2.009255e+02
    endloop
  endfacet
  facet normal -4.677003e-14 1.000000e+00 -7.698823e-14
    outer loop
      vertex   1.157612e+02 1.084637e+02 2.009255e+02
      vertex   1.297636e+02 1.084637e+02 2.046017e+02
      vertex   1.305735e+02 1.084637e+02 2.041096e+02
    endloop
  endfacet
  facet normal -5.669137e-14 1.000000e+00 -3.083475e-14
    outer loop
      vertex   1.157612e+02 1.084637e+02 2.009255e+02
      vertex   1.305735e+02 1.084637e+02 2.041096e+02
      vertex   1.313617e+02 1.084637e+02 2.035824e+02
    endloop
  endfacet
  facet normal 5.589755e-16 1.000000e+00 6.369057e-16
    outer loop
      vertex   1.328669e+02 1.084637e+02 2.024261e+02
      vertex   1.335814e+02 1.084637e+02 2.017990e+02
      vertex   1.323809e+02 1.084637e+02 1.582279e+02
    endloop
  endfacet
  facet normal 6.085787e-16 1.000000e+00 6.355390e-16
    outer loop
      vertex   1.323809e+02 1.084637e+02 1.582279e+02
      vertex   1.335814e+02 1.084637e+02 2.017990e+02
      vertex   1.342687e+02 1.084637e+02 2.011408e+02
    endloop
  endfacet
  facet normal 4.661640e-14 1.000000e+00 -5.709473e-14
    outer loop
      vertex   1.548421e+02 1.084637e+02 1.594116e+02
      vertex   1.564860e+02 1.084637e+02 1.789235e+02
      vertex   1.550415e+02 1.084637e+02 1.595744e+02
    endloop
  endfacet
  facet normal -5.194039e-14 1.000000e+00 -4.973701e-14
    outer loop
      vertex   1.550415e+02 1.084637e+02 1.595744e+02
      vertex   1.564860e+02 1.084637e+02 1.789235e+02
      vertex   1.571442e+02 1.084637e+02 1.782362e+02
    endloop
  endfacet
  facet normal -5.613291e-14 1.000000e+00 -4.926463e-14
    outer loop
      vertex   1.550415e+02 1.084637e+02 1.595744e+02
      vertex   1.571442e+02 1.084637e+02 1.782362e+02
      vertex   1.577713e+02 1.084637e+02 1.775217e+02
    endloop
  endfacet
  facet normal -6.049256e-14 1.000000e+00 -4.860154e-14
    outer loop
      vertex   1.577713e+02 1.084637e+02 1.775217e+02
      vertex   1.583661e+02 1.084637e+02 1.767814e+02
      vertex   1.550415e+02 1.084637e+02 1.595744e+02
    endloop
  endfacet
  facet normal -6.501450e-14 1.000000e+00 -4.772786e-14
    outer loop
      vertex   1.550415e+02 1.084637e+02 1.595744e+02
      vertex   1.583661e+02 1.084637e+02 1.767814e+02
      vertex   1.589276e+02 1.084637e+02 1.760165e+02
    endloop
  endfacet
  facet normal 4.218350e-14 1.000000e+00 -7.306396e-14
    outer loop
      vertex   1.550415e+02 1.084637e+02 1.595744e+02
      vertex   1.589276e+02 1.084637e+02 1.760165e+02
      vertex   1.552645e+02 1.084637e+02 1.597032e+02
    endloop
  endfacet
  facet normal -9.134861e-14 1.000000e+00 -4.308008e-14
    outer loop
      vertex   1.552645e+02 1.084637e+02 1.597032e+02
      vertex   1.589276e+02 1.084637e+02 1.760165e+02
      vertex   1.594548e+02 1.084637e+02 1.752283e+02
    endloop
  endfacet
  facet normal -7.720019e-14 1.000000e+00 -4.689879e-14
    outer loop
      vertex   1.552645e+02 1.084637e+02 1.597032e+02
      vertex   1.594548e+02 1.084637e+02 1.752283e+02
      vertex   1.599469e+02 1.084637e+02 1.744184e+02
    endloop
  endfacet
  facet normal -8.239597e-14 1.000000e+00 -4.524552e-14
    outer loop
      vertex   1.599469e+02 1.084637e+02 1.744184e+02
      vertex   1.604028e+02 1.084637e+02 1.735881e+02
      vertex   1.552645e+02 1.084637e+02 1.597032e+02
    endloop
  endfacet
  facet normal -8.770823e-14 1.000000e+00 -4.327967e-14
    outer loop
      vertex   1.552645e+02 1.084637e+02 1.597032e+02
      vertex   1.604028e+02 1.084637e+02 1.735881e+02
      vertex   1.608218e+02 1.084637e+02 1.727389e+02
    endloop
  endfacet
  facet normal 3.649484e-14 1.000000e+00 -9.622899e-14
    outer loop
      vertex   1.552645e+02 1.084637e+02 1.597032e+02
      vertex   1.608218e+02 1.084637e+02 1.727389e+02
      vertex   1.555053e+02 1.084637e+02 1.597945e+02
    endloop
  endfacet
  facet normal -9.548293e-14 1.000000e+00 -4.202306e-14
    outer loop
      vertex   1.555053e+02 1.084637e+02 1.597945e+02
      vertex   1.608218e+02 1.084637e+02 1.727389e+02
      vertex   1.612032e+02 1.084637e+02 1.718723e+02
    endloop
  endfacet
  facet normal -1.011781e-13 1.000000e+00 -3.933624e-14
    outer loop
      vertex   1.555053e+02 1.084637e+02 1.597945e+02
      vertex   1.612032e+02 1.084637e+02 1.718723e+02
      vertex   1.615463e+02 1.084637e+02 1.709898e+02
    endloop
  endfacet
  facet normal -1.068889e-13 1.000000e+00 -3.625467e-14
    outer loop
      vertex   1.615463e+02 1.084637e+02 1.709898e+02
      vertex   1.618505e+02 1.084637e+02 1.700930e+02
      vertex   1.555053e+02 1.084637e+02 1.597945e+02
    endloop
  endfacet
  facet normal 2.384566e-14 1.000000e+00 -1.168037e-13
    outer loop
      vertex   1.555053e+02 1.084637e+02 1.597945e+02
      vertex   1.618505e+02 1.084637e+02 1.700930e+02
      vertex   1.557576e+02 1.084637e+02 1.598460e+02
    endloop
  endfacet
  facet normal -1.158746e-13 1.000000e+00 -3.372567e-14
    outer loop
      vertex   1.557576e+02 1.084637e+02 1.598460e+02
      vertex   1.618505e+02 1.084637e+02 1.700930e+02
      vertex   1.621152e+02 1.084637e+02 1.691835e+02
    endloop
  endfacet
  facet normal -1.217473e-13 1.000000e+00 -2.972717e-14
    outer loop
      vertex   1.557576e+02 1.084637e+02 1.598460e+02
      vertex   1.621152e+02 1.084637e+02 1.691835e+02
      vertex   1.623400e+02 1.084637e+02 1.682629e+02
    endloop
  endfacet
  facet normal 5.198718e-15 1.000000e+00 -1.290048e-13
    outer loop
      vertex   1.557576e+02 1.084637e+02 1.598460e+02
      vertex   1.623400e+02 1.084637e+02 1.682629e+02
      vertex   1.560149e+02 1.084637e+02 1.598564e+02
    endloop
  endfacet
  facet normal -1.476464e-13 1.000000e+00 -1.400330e-14
    outer loop
      vertex   1.560149e+02 1.084637e+02 1.598564e+02
      vertex   1.623400e+02 1.084637e+02 1.682629e+02
      vertex   1.625245e+02 1.084637e+02 1.673328e+02
    endloop
  endfacet
  facet normal -1.392137e-13 1.000000e+00 -2.134545e-14
    outer loop
      vertex   1.560149e+02 1.084637e+02 1.598564e+02
      vertex   1.625245e+02 1.084637e+02 1.673328e+02
      vertex   1.626683e+02 1.084637e+02 1.663949e+02
    endloop
  endfacet
  facet normal -1.761587e-14 1.000000e+00 -1.450797e-13
    outer loop
      vertex   1.560149e+02 1.084637e+02 1.598564e+02
      vertex   1.626683e+02 1.084637e+02 1.663949e+02
      vertex   1.562705e+02 1.084637e+02 1.598253e+02
    endloop
  endfacet
  facet normal -1.498221e-13 1.000000e+00 -1.633027e-14
    outer loop
      vertex   1.562705e+02 1.084637e+02 1.598253e+02
      vertex   1.626683e+02 1.084637e+02 1.663949e+02
      vertex   1.627712e+02 1.084637e+02 1.654508e+02
    endloop
  endfacet
  facet normal -4.111605e-14 1.000000e+00 -1.419491e-13
    outer loop
      vertex   1.562705e+02 1.084637e+02 1.598253e+02
      vertex   1.627712e+02 1.084637e+02 1.654508e+02
      vertex   1.565178e+02 1.084637e+02 1.597537e+02
    endloop
  endfacet
  facet normal -1.608866e-13 1.000000e+00 -1.048425e-14
    outer loop
      vertex   1.565178e+02 1.084637e+02 1.597537e+02
      vertex   1.627712e+02 1.084637e+02 1.654508e+02
      vertex   1.628330e+02 1.084637e+02 1.645022e+02
    endloop
  endfacet
  facet normal -1.660640e-13 1.000000e+00 -3.598650e-15
    outer loop
      vertex   1.565178e+02 1.084637e+02 1.597537e+02
      vertex   1.628330e+02 1.084637e+02 1.645022e+02
      vertex   1.628536e+02 1.084637e+02 1.635508e+02
    endloop
  endfacet
  facet normal -7.433468e-14 1.000000e+00 -1.566570e-13
    outer loop
      vertex   1.565178e+02 1.084637e+02 1.597537e+02
      vertex   1.628536e+02 1.084637e+02 1.635508e+02
      vertex   1.567504e+02 1.084637e+02 1.596433e+02
    endloop
  endfacet
  facet normal -1.746327e-13 1.000000e+00 0.000000e+00
    outer loop
      vertex   1.567504e+02 1.084637e+02 1.596433e+02
      vertex   1.628536e+02 1.084637e+02 1.635508e+02
      vertex   1.628536e+02 1.084637e+02 1.629964e+02
    endloop
  endfacet
  facet normal -1.896278e-13 1.000000e+00 2.729299e-14
    outer loop
      vertex   1.567504e+02 1.084637e+02 1.596433e+02
      vertex   1.628536e+02 1.084637e+02 1.629964e+02
      vertex   1.628475e+02 1.084637e+02 1.624336e+02
    endloop
  endfacet
  facet normal -1.065163e-13 1.000000e+00 -1.543156e-13
    outer loop
      vertex   1.567504e+02 1.084637e+02 1.596433e+02
      vertex   1.628475e+02 1.084637e+02 1.624336e+02
      vertex   1.569624e+02 1.084637e+02 1.594970e+02
    endloop
  endfacet
  facet normal -1.865370e-13 1.000000e+00 6.055046e-15
    outer loop
      vertex   1.569624e+02 1.084637e+02 1.594970e+02
      vertex   1.628475e+02 1.084637e+02 1.624336e+02
      vertex   1.628293e+02 1.084637e+02 1.618724e+02
    endloop
  endfacet
  facet normal -1.294992e-13 1.000000e+00 -1.348229e-13
    outer loop
      vertex   1.569624e+02 1.084637e+02 1.594970e+02
      vertex   1.628293e+02 1.084637e+02 1.618724e+02
      vertex   1.571481e+02 1.084637e+02 1.593187e+02
    endloop
  endfacet
  facet normal -1.948566e-13 1.000000e+00 1.057579e-14
    outer loop
      vertex   1.571481e+02 1.084637e+02 1.593187e+02
      vertex   1.628293e+02 1.084637e+02 1.618724e+02
      vertex   1.627990e+02 1.084637e+02 1.613132e+02
    endloop
  endfacet
  facet normal -1.964103e-13 1.000000e+00 1.497767e-14
    outer loop
      vertex   1.571481e+02 1.084637e+02 1.593187e+02
      vertex   1.627990e+02 1.084637e+02 1.613132e+02
      vertex   1.627565e+02 1.084637e+02 1.607564e+02
    endloop
  endfacet
  facet normal -1.614672e-13 1.000000e+00 -1.213348e-13
    outer loop
      vertex   1.571481e+02 1.084637e+02 1.593187e+02
      vertex   1.627565e+02 1.084637e+02 1.607564e+02
      vertex   1.573028e+02 1.084637e+02 1.591128e+02
    endloop
  endfacet
  facet normal -2.040868e-13 1.000000e+00 2.008873e-14
    outer loop
      vertex   1.573028e+02 1.084637e+02 1.591128e+02
      vertex   1.627565e+02 1.084637e+02 1.607564e+02
      vertex   1.627020e+02 1.084637e+02 1.602020e+02
    endloop
  endfacet
  facet normal -1.808818e-13 1.000000e+00 -9.493410e-14
    outer loop
      vertex   1.573028e+02 1.084637e+02 1.591128e+02
      vertex   1.627020e+02 1.084637e+02 1.602020e+02
      vertex   1.574224e+02 1.084637e+02 1.588848e+02
    endloop
  endfacet
  facet normal -2.109265e-13 1.000000e+00 2.548554e-14
    outer loop
      vertex   1.574224e+02 1.084637e+02 1.588848e+02
      vertex   1.627020e+02 1.084637e+02 1.602020e+02
      vertex   1.626353e+02 1.084637e+02 1.596506e+02
    endloop
  endfacet
  facet normal -2.116432e-13 1.000000e+00 3.036379e-14
    outer loop
      vertex   1.574224e+02 1.084637e+02 1.588848e+02
      vertex   1.626353e+02 1.084637e+02 1.596506e+02
      vertex   1.625567e+02 1.084637e+02 1.591023e+02
    endloop
  endfacet
  facet normal -2.074229e-13 1.000000e+00 -6.924793e-14
    outer loop
      vertex   1.574224e+02 1.084637e+02 1.588848e+02
      vertex   1.625567e+02 1.084637e+02 1.591023e+02
      vertex   1.575040e+02 1.084637e+02 1.586406e+02
    endloop
  endfacet
  facet normal -2.170518e-13 1.000000e+00 3.611336e-14
    outer loop
      vertex   1.575040e+02 1.084637e+02 1.586406e+02
      vertex   1.625567e+02 1.084637e+02 1.591023e+02
      vertex   1.624660e+02 1.084637e+02 1.585575e+02
    endloop
  endfacet
  facet normal -2.182503e-13 1.000000e+00 -3.546912e-14
    outer loop
      vertex   1.575040e+02 1.084637e+02 1.586406e+02
      vertex   1.624660e+02 1.084637e+02 1.585575e+02
      vertex   1.575453e+02 1.084637e+02 1.583864e+02
    endloop
  endfacet
  facet normal -2.200207e-13 1.000000e+00 1.545362e-14
    outer loop
      vertex   1.575453e+02 1.084637e+02 1.583864e+02
      vertex   1.624660e+02 1.084637e+02 1.585575e+02
      vertex   1.623634e+02 1.084637e+02 1.580164e+02
    endloop
  endfacet
  facet normal -2.176447e-13 1.000000e+00 4.639126e-14
    outer loop
      vertex   1.575453e+02 1.084637e+02 1.583864e+02
      vertex   1.623634e+02 1.084637e+02 1.580164e+02
      vertex   1.622489e+02 1.084637e+02 1.574793e+02
    endloop
  endfacet
  facet normal -2.166847e-13 1.000000e+00 5.136946e-14
    outer loop
      vertex   1.622489e+02 1.084637e+02 1.574793e+02
      vertex   1.621226e+02 1.084637e+02 1.569464e+02
      vertex   1.575453e+02 1.084637e+02 1.583864e+02
    endloop
  endfacet
  facet normal -2.151529e-13 1.000000e+00 5.623877e-14
    outer loop
      vertex   1.575453e+02 1.084637e+02 1.583864e+02
      vertex   1.621226e+02 1.084637e+02 1.569464e+02
      vertex   1.619845e+02 1.084637e+02 1.564182e+02
    endloop
  endfacet
  facet normal -2.130572e-13 1.000000e+00 6.096558e-14
    outer loop
      vertex   1.575453e+02 1.084637e+02 1.583864e+02
      vertex   1.619845e+02 1.084637e+02 1.564182e+02
      vertex   1.618348e+02 1.084637e+02 1.558948e+02
    endloop
  endfacet
  facet normal -2.104128e-13 1.000000e+00 6.551810e-14
    outer loop
      vertex   1.618348e+02 1.084637e+02 1.558948e+02
      vertex   1.616734e+02 1.084637e+02 1.553765e+02
      vertex   1.575453e+02 1.084637e+02 1.583864e+02
    endloop
  endfacet
  facet normal -2.072419e-13 1.000000e+00 6.986698e-14
    outer loop
      vertex   1.575453e+02 1.084637e+02 1.583864e+02
      vertex   1.616734e+02 1.084637e+02 1.553765e+02
      vertex   1.615005e+02 1.084637e+02 1.548636e+02
    endloop
  endfacet
  facet normal -2.035731e-13 1.000000e+00 7.398596e-14
    outer loop
      vertex   1.575453e+02 1.084637e+02 1.583864e+02
      vertex   1.615005e+02 1.084637e+02 1.548636e+02
      vertex   1.613161e+02 1.084637e+02 1.543563e+02
    endloop
  endfacet
  facet normal -1.994409e-13 1.000000e+00 7.785233e-14
    outer loop
      vertex   1.613161e+02 1.084637e+02 1.543563e+02
      vertex   1.611204e+02 1.084637e+02 1.538549e+02
      vertex   1.575453e+02 1.084637e+02 1.583864e+02
    endloop
  endfacet
  facet normal -1.948844e-13 1.000000e+00 8.144731e-14
    outer loop
      vertex   1.575453e+02 1.084637e+02 1.583864e+02
      vertex   1.611204e+02 1.084637e+02 1.538549e+02
      vertex   1.609135e+02 1.084637e+02 1.533598e+02
    endloop
  endfacet
  facet normal -1.899462e-13 1.000000e+00 8.475621e-14
    outer loop
      vertex   1.575453e+02 1.084637e+02 1.583864e+02
      vertex   1.609135e+02 1.084637e+02 1.533598e+02
      vertex   1.606954e+02 1.084637e+02 1.528710e+02
    endloop
  endfacet
  facet normal -1.564993e-13 1.000000e+00 1.038596e-13
    outer loop
      vertex   1.606954e+02 1.084637e+02 1.528710e+02
      vertex   1.604663e+02 1.084637e+02 1.523890e+02
      vertex   1.575453e+02 1.084637e+02 1.583864e+02
    endloop
  endfacet
  facet normal -1.814971e-13 1.000000e+00 9.168445e-14
    outer loop
      vertex   1.575453e+02 1.084637e+02 1.583864e+02
      vertex   1.604663e+02 1.084637e+02 1.523890e+02
      vertex   1.602263e+02 1.084637e+02 1.519139e+02
    endloop
  endfacet
  facet normal -1.756153e-13 1.000000e+00 9.412080e-14
    outer loop
      vertex   1.575453e+02 1.084637e+02 1.583864e+02
      vertex   1.602263e+02 1.084637e+02 1.519139e+02
      vertex   1.599755e+02 1.084637e+02 1.514460e+02
    endloop
  endfacet
  facet normal -1.695368e-13 1.000000e+00 9.624925e-14
    outer loop
      vertex   1.599755e+02 1.084637e+02 1.514460e+02
      vertex   1.597141e+02 1.084637e+02 1.509855e+02
      vertex   1.575453e+02 1.084637e+02 1.583864e+02
    endloop
  endfacet
  facet normal -1.633081e-13 1.000000e+00 9.807457e-14
    outer loop
      vertex   1.575453e+02 1.084637e+02 1.583864e+02
      vertex   1.597141e+02 1.084637e+02 1.509855e+02
      vertex   1.594422e+02 1.084637e+02 1.505327e+02
    endloop
  endfacet
  facet normal -1.569737e-13 1.000000e+00 9.960452e-14
    outer loop
      vertex   1.575453e+02 1.084637e+02 1.583864e+02
      vertex   1.594422e+02 1.084637e+02 1.505327e+02
      vertex   1.591599e+02 1.084637e+02 1.500878e+02
    endloop
  endfacet
  facet normal -1.505755e-13 1.000000e+00 1.008494e-13
    outer loop
      vertex   1.591599e+02 1.084637e+02 1.500878e+02
      vertex   1.588674e+02 1.084637e+02 1.496511e+02
      vertex   1.575453e+02 1.084637e+02 1.583864e+02
    endloop
  endfacet
  facet normal -1.441523e-13 1.000000e+00 1.018216e-13
    outer loop
      vertex   1.575453e+02 1.084637e+02 1.583864e+02
      vertex   1.588674e+02 1.084637e+02 1.496511e+02
      vertex   1.585648e+02 1.084637e+02 1.492227e+02
    endloop
  endfacet
  facet normal -1.377393e-13 1.000000e+00 1.025350e-13
    outer loop
      vertex   1.575453e+02 1.084637e+02 1.583864e+02
      vertex   1.585648e+02 1.084637e+02 1.492227e+02
      vertex   1.582523e+02 1.084637e+02 1.488030e+02
    endloop
  endfacet
  facet normal -1.313685e-13 1.000000e+00 1.030051e-13
    outer loop
      vertex   1.582523e+02 1.084637e+02 1.488030e+02
      vertex   1.579301e+02 1.084637e+02 1.483920e+02
      vertex   1.575453e+02 1.084637e+02 1.583864e+02
    endloop
  endfacet
  facet normal -1.250679e-13 1.000000e+00 1.032476e-13
    outer loop
      vertex   1.575453e+02 1.084637e+02 1.583864e+02
      vertex   1.579301e+02 1.084637e+02 1.483920e+02
      vertex   1.575982e+02 1.084637e+02 1.479901e+02
    endloop
  endfacet
  facet normal -2.038400e-11 1.000000e+00 0.000000e+00
    outer loop
      vertex   1.575453e+02 1.084637e+02 1.583864e+02
      vertex   1.575982e+02 1.084637e+02 1.479901e+02
      vertex   1.575453e+02 1.084637e+02 1.581289e+02
    endloop
  endfacet
  facet normal -6.350442e-13 1.000000e+00 1.032047e-13
    outer loop
      vertex   1.575453e+02 1.084637e+02 1.581289e+02
      vertex   1.575982e+02 1.084637e+02 1.479901e+02
      vertex   1.575040e+02 1.084637e+02 1.578747e+02
    endloop
  endfacet
  facet normal -3.181892e-13 1.000000e+00 1.062272e-13
    outer loop
      vertex   1.575040e+02 1.084637e+02 1.578747e+02
      vertex   1.575982e+02 1.084637e+02 1.479901e+02
      vertex   1.574224e+02 1.084637e+02 1.576305e+02
    endloop
  endfacet
  facet normal -2.062876e-13 1.000000e+00 1.082681e-13
    outer loop
      vertex   1.574224e+02 1.084637e+02 1.576305e+02
      vertex   1.575982e+02 1.084637e+02 1.479901e+02
      vertex   1.573028e+02 1.084637e+02 1.574025e+02
    endloop
  endfacet
  facet normal -1.465734e-13 1.000000e+00 1.101427e-13
    outer loop
      vertex   1.573028e+02 1.084637e+02 1.574025e+02
      vertex   1.575982e+02 1.084637e+02 1.479901e+02
      vertex   1.571481e+02 1.084637e+02 1.571967e+02
    endloop
  endfacet
  facet normal -1.076229e-13 1.000000e+00 1.120473e-13
    outer loop
      vertex   1.571481e+02 1.084637e+02 1.571967e+02
      vertex   1.575982e+02 1.084637e+02 1.479901e+02
      vertex   1.569624e+02 1.084637e+02 1.570183e+02
    endloop
  endfacet
  facet normal -7.874463e-14 1.000000e+00 1.140813e-13
    outer loop
      vertex   1.569624e+02 1.084637e+02 1.570183e+02
      vertex   1.575982e+02 1.084637e+02 1.479901e+02
      vertex   1.567504e+02 1.084637e+02 1.568720e+02
    endloop
  endfacet
  facet normal -5.519870e-14 1.000000e+00 1.163288e-13
    outer loop
      vertex   1.567504e+02 1.084637e+02 1.568720e+02
      vertex   1.575982e+02 1.084637e+02 1.479901e+02
      vertex   1.565178e+02 1.084637e+02 1.567616e+02
    endloop
  endfacet
  facet normal -3.443582e-14 1.000000e+00 1.188862e-13
    outer loop
      vertex   1.565178e+02 1.084637e+02 1.567616e+02
      vertex   1.575982e+02 1.084637e+02 1.479901e+02
      vertex   1.562705e+02 1.084637e+02 1.566900e+02
    endloop
  endfacet
  facet normal -1.479929e-14 1.000000e+00 1.218831e-13
    outer loop
      vertex   1.562705e+02 1.084637e+02 1.566900e+02
      vertex   1.575982e+02 1.084637e+02 1.479901e+02
      vertex   1.560149e+02 1.084637e+02 1.566590e+02
    endloop
  endfacet
  facet normal 5.057880e-15 1.000000e+00 1.255100e-13
    outer loop
      vertex   1.560149e+02 1.084637e+02 1.566590e+02
      vertex   1.575982e+02 1.084637e+02 1.479901e+02
      vertex   1.557576e+02 1.084637e+02 1.566693e+02
    endloop
  endfacet
  facet normal 2.655372e-14 1.000000e+00 1.300687e-13
    outer loop
      vertex   1.557576e+02 1.084637e+02 1.566693e+02
      vertex   1.575982e+02 1.084637e+02 1.479901e+02
      vertex   1.555053e+02 1.084637e+02 1.567208e+02
    endloop
  endfacet
  facet normal 5.160617e-14 1.000000e+00 1.360743e-13
    outer loop
      vertex   1.555053e+02 1.084637e+02 1.567208e+02
      vertex   1.575982e+02 1.084637e+02 1.479901e+02
      vertex   1.552645e+02 1.084637e+02 1.568121e+02
    endloop
  endfacet
  facet normal -1.080110e-13 1.000000e+00 9.385078e-14
    outer loop
      vertex   1.552645e+02 1.084637e+02 1.568121e+02
      vertex   1.575982e+02 1.084637e+02 1.479901e+02
      vertex   1.572570e+02 1.084637e+02 1.475974e+02
    endloop
  endfacet
  facet normal -1.036661e-13 1.000000e+00 9.479028e-14
    outer loop
      vertex   1.552645e+02 1.084637e+02 1.568121e+02
      vertex   1.572570e+02 1.084637e+02 1.475974e+02
      vertex   1.569066e+02 1.084637e+02 1.472141e+02
    endloop
  endfacet
  facet normal -9.929315e-14 1.000000e+00 9.553841e-14
    outer loop
      vertex   1.569066e+02 1.084637e+02 1.472141e+02
      vertex   1.565471e+02 1.084637e+02 1.468405e+02
      vertex   1.552645e+02 1.084637e+02 1.568121e+02
    endloop
  endfacet
  facet normal 6.754860e-14 1.000000e+00 1.169976e-13
    outer loop
      vertex   1.552645e+02 1.084637e+02 1.568121e+02
      vertex   1.565471e+02 1.084637e+02 1.468405e+02
      vertex   1.550415e+02 1.084637e+02 1.569409e+02
    endloop
  endfacet
  facet normal -9.205251e-14 1.000000e+00 9.320771e-14
    outer loop
      vertex   1.550415e+02 1.084637e+02 1.569409e+02
      vertex   1.565471e+02 1.084637e+02 1.468405e+02
      vertex   1.561787e+02 1.084637e+02 1.464767e+02
    endloop
  endfacet
  facet normal -8.788325e-14 1.000000e+00 9.366080e-14
    outer loop
      vertex   1.550415e+02 1.084637e+02 1.569409e+02
      vertex   1.561787e+02 1.084637e+02 1.464767e+02
      vertex   1.558017e+02 1.084637e+02 1.461229e+02
    endloop
  endfacet
  facet normal -8.373169e-14 1.000000e+00 9.395254e-14
    outer loop
      vertex   1.558017e+02 1.084637e+02 1.461229e+02
      vertex   1.554163e+02 1.084637e+02 1.457794e+02
      vertex   1.550415e+02 1.084637e+02 1.569409e+02
    endloop
  endfacet
  facet normal -7.961151e-14 1.000000e+00 9.409087e-14
    outer loop
      vertex   1.550415e+02 1.084637e+02 1.569409e+02
      vertex   1.554163e+02 1.084637e+02 1.457794e+02
      vertex   1.550225e+02 1.084637e+02 1.454463e+02
    endloop
  endfacet
  facet normal 7.661175e-14 1.000000e+00 9.383236e-14
    outer loop
      vertex   1.550415e+02 1.084637e+02 1.569409e+02
      vertex   1.550225e+02 1.084637e+02 1.454463e+02
      vertex   1.548421e+02 1.084637e+02 1.571037e+02
    endloop
  endfacet
  facet normal -7.346798e-14 1.000000e+00 9.150942e-14
    outer loop
      vertex   1.548421e+02 1.084637e+02 1.571037e+02
      vertex   1.550225e+02 1.084637e+02 1.454463e+02
      vertex   1.546207e+02 1.084637e+02 1.451237e+02
    endloop
  endfacet
  facet normal -6.960816e-14 1.000000e+00 9.143810e-14
    outer loop
      vertex   1.548421e+02 1.084637e+02 1.571037e+02
      vertex   1.546207e+02 1.084637e+02 1.451237e+02
      vertex   1.542111e+02 1.084637e+02 1.448118e+02
    endloop
  endfacet
  facet normal -5.836751e-14 1.000000e+00 8.092915e-14
    outer loop
      vertex   1.537938e+02 1.084637e+02 1.445109e+02
      vertex   1.543504e+02 1.084637e+02 1.582577e+02
      vertex   1.542111e+02 1.084637e+02 1.448118e+02
    endloop
  endfacet
  facet normal 8.817647e-13 1.000000e+00 7.118341e-14
    outer loop
      vertex   1.542111e+02 1.084637e+02 1.448118e+02
      vertex   1.543504e+02 1.084637e+02 1.582577e+02
      vertex   1.543712e+02 1.084637e+02 1.580010e+02
    endloop
  endfacet
  facet normal 3.166351e-13 1.000000e+00 7.804354e-14
    outer loop
      vertex   1.542111e+02 1.084637e+02 1.448118e+02
      vertex   1.543712e+02 1.084637e+02 1.580010e+02
      vertex   1.544328e+02 1.084637e+02 1.577510e+02
    endloop
  endfacet
  facet normal -5.515294e-14 1.000000e+00 8.079898e-14
    outer loop
      vertex   1.537938e+02 1.084637e+02 1.445109e+02
      vertex   1.533691e+02 1.084637e+02 1.442209e+02
      vertex   1.543504e+02 1.084637e+02 1.582577e+02
    endloop
  endfacet
  facet normal -5.199543e-14 1.000000e+00 8.057822e-14
    outer loop
      vertex   1.543504e+02 1.084637e+02 1.582577e+02
      vertex   1.533691e+02 1.084637e+02 1.442209e+02
      vertex   1.529371e+02 1.084637e+02 1.439422e+02
    endloop
  endfacet
  facet normal -4.889951e-14 1.000000e+00 8.027257e-14
    outer loop
      vertex   1.543504e+02 1.084637e+02 1.582577e+02
      vertex   1.529371e+02 1.084637e+02 1.439422e+02
      vertex   1.524983e+02 1.084637e+02 1.436749e+02
    endloop
  endfacet
  facet normal -4.586905e-14 1.000000e+00 7.988766e-14
    outer loop
      vertex   1.524983e+02 1.084637e+02 1.436749e+02
      vertex   1.520526e+02 1.084637e+02 1.434190e+02
      vertex   1.543504e+02 1.084637e+02 1.582577e+02
    endloop
  endfacet
  facet normal -4.290729e-14 1.000000e+00 7.942902e-14
    outer loop
      vertex   1.543504e+02 1.084637e+02 1.582577e+02
      vertex   1.520526e+02 1.084637e+02 1.434190e+02
      vertex   1.516005e+02 1.084637e+02 1.431748e+02
    endloop
  endfacet
  facet normal -4.001687e-14 1.000000e+00 7.890203e-14
    outer loop
      vertex   1.543504e+02 1.084637e+02 1.582577e+02
      vertex   1.516005e+02 1.084637e+02 1.431748e+02
      vertex   1.511421e+02 1.084637e+02 1.429423e+02
    endloop
  endfacet
  facet normal -3.719989e-14 1.000000e+00 7.831191e-14
    outer loop
      vertex   1.511421e+02 1.084637e+02 1.429423e+02
      vertex   1.506776e+02 1.084637e+02 1.427216e+02
      vertex   1.543504e+02 1.084637e+02 1.582577e+02
    endloop
  endfacet
  facet normal -3.445795e-14 1.000000e+00 7.766369e-14
    outer loop
      vertex   1.543504e+02 1.084637e+02 1.582577e+02
      vertex   1.506776e+02 1.084637e+02 1.427216e+02
      vertex   1.502074e+02 1.084637e+02 1.425130e+02
    endloop
  endfacet
  facet normal -3.179219e-14 1.000000e+00 7.696221e-14
    outer loop
      vertex   1.543504e+02 1.084637e+02 1.582577e+02
      vertex   1.502074e+02 1.084637e+02 1.425130e+02
      vertex   1.497315e+02 1.084637e+02 1.423165e+02
    endloop
  endfacet
  facet normal -2.920334e-14 1.000000e+00 7.621210e-14
    outer loop
      vertex   1.497315e+02 1.084637e+02 1.423165e+02
      vertex   1.492504e+02 1.084637e+02 1.421321e+02
      vertex   1.543504e+02 1.084637e+02 1.582577e+02
    endloop
  endfacet
  facet normal -2.669174e-14 1.000000e+00 7.541777e-14
    outer loop
      vertex   1.543504e+02 1.084637e+02 1.582577e+02
      vertex   1.492504e+02 1.084637e+02 1.421321e+02
      vertex   1.487643e+02 1.084637e+02 1.419600e+02
    endloop
  endfacet
  facet normal -2.425743e-14 1.000000e+00 7.458338e-14
    outer loop
      vertex   1.543504e+02 1.084637e+02 1.582577e+02
      vertex   1.487643e+02 1.084637e+02 1.419600e+02
      vertex   1.482733e+02 1.084637e+02 1.418004e+02
    endloop
  endfacet
  facet normal -1.223367e-15 1.000000e+00 4.540105e-15
    outer loop
      vertex   1.477778e+02 1.084637e+02 1.416532e+02
      vertex   1.472781e+02 1.084637e+02 1.415185e+02
      vertex   1.349928e+02 1.084637e+02 1.569886e+02
    endloop
  endfacet
  facet normal -1.119853e-15 1.000000e+00 4.622309e-15
    outer loop
      vertex   1.349928e+02 1.084637e+02 1.569886e+02
      vertex   1.472781e+02 1.084637e+02 1.415185e+02
      vertex   1.467743e+02 1.084637e+02 1.413964e+02
    endloop
  endfacet
  facet normal -1.013442e-15 1.000000e+00 4.702713e-15
    outer loop
      vertex   1.349928e+02 1.084637e+02 1.569886e+02
      vertex   1.467743e+02 1.084637e+02 1.413964e+02
      vertex   1.462667e+02 1.084637e+02 1.412871e+02
    endloop
  endfacet
  facet normal -9.041751e-16 1.000000e+00 4.781169e-15
    outer loop
      vertex   1.462667e+02 1.084637e+02 1.412871e+02
      vertex   1.457557e+02 1.084637e+02 1.411904e+02
      vertex   1.349928e+02 1.084637e+02 1.569886e+02
    endloop
  endfacet
  facet normal -7.921009e-16 1.000000e+00 4.857522e-15
    outer loop
      vertex   1.349928e+02 1.084637e+02 1.569886e+02
      vertex   1.457557e+02 1.084637e+02 1.411904e+02
      vertex   1.452414e+02 1.084637e+02 1.411066e+02
    endloop
  endfacet
  facet normal -6.772765e-16 1.000000e+00 4.931618e-15
    outer loop
      vertex   1.349928e+02 1.084637e+02 1.569886e+02
      vertex   1.452414e+02 1.084637e+02 1.411066e+02
      vertex   1.447242e+02 1.084637e+02 1.410355e+02
    endloop
  endfacet
  facet normal -5.597681e-16 1.000000e+00 5.003298e-15
    outer loop
      vertex   1.447242e+02 1.084637e+02 1.410355e+02
      vertex   1.442042e+02 1.084637e+02 1.409773e+02
      vertex   1.349928e+02 1.084637e+02 1.569886e+02
    endloop
  endfacet
  facet normal -4.396506e-16 1.000000e+00 5.072403e-15
    outer loop
      vertex   1.349928e+02 1.084637e+02 1.569886e+02
      vertex   1.442042e+02 1.084637e+02 1.409773e+02
      vertex   1.436819e+02 1.084637e+02 1.409321e+02
    endloop
  endfacet
  facet normal -3.170087e-16 1.000000e+00 5.138771e-15
    outer loop
      vertex   1.349928e+02 1.084637e+02 1.569886e+02
      vertex   1.436819e+02 1.084637e+02 1.409321e+02
      vertex   1.431574e+02 1.084637e+02 1.408997e+02
    endloop
  endfacet
  facet normal -1.919362e-16 1.000000e+00 5.202242e-15
    outer loop
      vertex   1.431574e+02 1.084637e+02 1.408997e+02
      vertex   1.426310e+02 1.084637e+02 1.408803e+02
      vertex   1.349928e+02 1.084637e+02 1.569886e+02
    endloop
  endfacet
  facet normal -2.682536e-14 1.000000e+00 -7.426824e-15
    outer loop
      vertex   1.349928e+02 1.084637e+02 1.569886e+02
      vertex   1.426310e+02 1.084637e+02 1.408803e+02
      vertex   1.421031e+02 1.084637e+02 1.408738e+02
    endloop
  endfacet
  facet normal 1.883351e-13 1.000000e+00 8.024209e-14
    outer loop
      vertex   1.544328e+02 1.084637e+02 1.577510e+02
      vertex   1.545337e+02 1.084637e+02 1.575141e+02
      vertex   1.542111e+02 1.084637e+02 1.448118e+02
    endloop
  endfacet
  facet normal 1.292655e-13 1.000000e+00 8.174254e-14
    outer loop
      vertex   1.542111e+02 1.084637e+02 1.448118e+02
      vertex   1.545337e+02 1.084637e+02 1.575141e+02
      vertex   1.546713e+02 1.084637e+02 1.572965e+02
    endloop
  endfacet
  facet normal 9.374636e-14 1.000000e+00 8.305203e-14
    outer loop
      vertex   1.542111e+02 1.084637e+02 1.448118e+02
      vertex   1.546713e+02 1.084637e+02 1.572965e+02
      vertex   1.548421e+02 1.084637e+02 1.571037e+02
    endloop
  endfacet
  facet normal 1.346783e-14 1.000000e+00 2.332696e-14
    outer loop
      vertex   1.132574e+02 1.084637e+02 1.994800e+02
      vertex   1.134804e+02 1.084637e+02 1.993512e+02
      vertex   1.129928e+02 1.084637e+02 1.569886e+02
    endloop
  endfacet
  facet normal 8.866834e-15 1.000000e+00 2.337992e-14
    outer loop
      vertex   1.129928e+02 1.084637e+02 1.569886e+02
      vertex   1.134804e+02 1.084637e+02 1.993512e+02
      vertex   1.137212e+02 1.084637e+02 1.992599e+02
    endloop
  endfacet
  facet normal 4.787395e-15 1.000000e+00 2.345021e-14
    outer loop
      vertex   1.129928e+02 1.084637e+02 1.569886e+02
      vertex   1.137212e+02 1.084637e+02 1.992599e+02
      vertex   1.139735e+02 1.084637e+02 1.992084e+02
    endloop
  endfacet
  facet normal 9.486046e-16 1.000000e+00 2.353938e-14
    outer loop
      vertex   1.139735e+02 1.084637e+02 1.992084e+02
      vertex   1.142308e+02 1.084637e+02 1.991981e+02
      vertex   1.129928e+02 1.084637e+02 1.569886e+02
    endloop
  endfacet
  facet normal -2.871804e-15 1.000000e+00 2.365143e-14
    outer loop
      vertex   1.129928e+02 1.084637e+02 1.569886e+02
      vertex   1.142308e+02 1.084637e+02 1.991981e+02
      vertex   1.144864e+02 1.084637e+02 1.992291e+02
    endloop
  endfacet
  facet normal -6.891893e-15 1.000000e+00 2.379358e-14
    outer loop
      vertex   1.129928e+02 1.084637e+02 1.569886e+02
      vertex   1.144864e+02 1.084637e+02 1.992291e+02
      vertex   1.147337e+02 1.084637e+02 1.993007e+02
    endloop
  endfacet
  facet normal -1.137777e-14 1.000000e+00 2.397815e-14
    outer loop
      vertex   1.147337e+02 1.084637e+02 1.993007e+02
      vertex   1.149663e+02 1.084637e+02 1.994111e+02
      vertex   1.129928e+02 1.084637e+02 1.569886e+02
    endloop
  endfacet
  facet normal -1.672255e-14 1.000000e+00 2.422679e-14
    outer loop
      vertex   1.129928e+02 1.084637e+02 1.569886e+02
      vertex   1.149663e+02 1.084637e+02 1.994111e+02
      vertex   1.151783e+02 1.084637e+02 1.995574e+02
    endloop
  endfacet
  facet normal -2.360977e-14 1.000000e+00 2.458037e-14
    outer loop
      vertex   1.129928e+02 1.084637e+02 1.569886e+02
      vertex   1.151783e+02 1.084637e+02 1.995574e+02
      vertex   1.153640e+02 1.084637e+02 1.997358e+02
    endloop
  endfacet
  facet normal -3.343586e-14 1.000000e+00 2.512542e-14
    outer loop
      vertex   1.153640e+02 1.084637e+02 1.997358e+02
      vertex   1.155186e+02 1.084637e+02 1.999416e+02
      vertex   1.129928e+02 1.084637e+02 1.569886e+02
    endloop
  endfacet
  facet normal -4.969412e-14 1.000000e+00 2.608148e-14
    outer loop
      vertex   1.129928e+02 1.084637e+02 1.569886e+02
      vertex   1.155186e+02 1.084637e+02 1.999416e+02
      vertex   1.156383e+02 1.084637e+02 2.001696e+02
    endloop
  endfacet
  facet normal -8.451334e-14 1.000000e+00 2.821470e-14
    outer loop
      vertex   1.129928e+02 1.084637e+02 1.569886e+02
      vertex   1.156383e+02 1.084637e+02 2.001696e+02
      vertex   1.157198e+02 1.084637e+02 2.004139e+02
    endloop
  endfacet
  facet normal 3.208324e-14 4.226183e-01 -9.063078e-01
    outer loop
      vertex   1.421031e+02 1.084637e+02 1.408738e+02
      vertex   1.437031e+02 1.024637e+02 1.380760e+02
      vertex   1.167855e+02 1.084637e+02 1.408738e+02
    endloop
  endfacet
  facet normal 0.000000e+00 4.226183e-01 -9.063078e-01
    outer loop
      vertex   1.167855e+02 1.084637e+02 1.408738e+02
      vertex   1.437031e+02 1.024637e+02 1.380760e+02
      vertex   1.139876e+02 1.024637e+02 1.380760e+02
    endloop
  endfacet
  facet normal 2.092146e-02 2.597631e-01 9.654457e-01
    outer loop
      vertex   1.188960e+02 1.084637e+02 2.075084e+02
      vertex   1.199453e+02 9.896374e+01 2.100418e+02
      vertex   1.198474e+02 1.084637e+02 2.074878e+02
    endloop
  endfacet
  facet normal 2.092146e-02 2.597631e-01 9.654457e-01
    outer loop
      vertex   1.198474e+02 1.084637e+02 2.074878e+02
      vertex   1.199453e+02 9.896374e+01 2.100418e+02
      vertex   1.208967e+02 9.896374e+01 2.100211e+02
    endloop
  endfacet
  facet normal 6.272733e-02 2.636181e-01 9.625855e-01
    outer loop
      vertex   1.198474e+02 1.084637e+02 2.074878e+02
      vertex   1.208967e+02 9.896374e+01 2.100211e+02
      vertex   1.207960e+02 1.084637e+02 2.074260e+02
    endloop
  endfacet
  facet normal 6.272733e-02 2.636181e-01 9.625855e-01
    outer loop
      vertex   1.207960e+02 1.084637e+02 2.074260e+02
      vertex   1.208967e+02 9.896374e+01 2.100211e+02
      vertex   1.218453e+02 9.896374e+01 2.099593e+02
    endloop
  endfacet
  facet normal 1.044221e-01 2.670063e-01 9.580207e-01
    outer loop
      vertex   1.207960e+02 1.084637e+02 2.074260e+02
      vertex   1.218453e+02 9.896374e+01 2.099593e+02
      vertex   1.217401e+02 1.084637e+02 2.073231e+02
    endloop
  endfacet
  facet normal 1.044221e-01 2.670063e-01 9.580207e-01
    outer loop
      vertex   1.217401e+02 1.084637e+02 2.073231e+02
      vertex   1.218453e+02 9.896374e+01 2.099593e+02
      vertex   1.227894e+02 9.896374e+01 2.098564e+02
    endloop
  endfacet
  facet normal 1.459320e-01 2.699217e-01 9.517595e-01
    outer loop
      vertex   1.217401e+02 1.084637e+02 2.073231e+02
      vertex   1.227894e+02 9.896374e+01 2.098564e+02
      vertex   1.226780e+02 1.084637e+02 2.071793e+02
    endloop
  endfacet
  facet normal 1.459320e-01 2.699217e-01 9.517595e-01
    outer loop
      vertex   1.226780e+02 1.084637e+02 2.071793e+02
      vertex   1.227894e+02 9.896374e+01 2.098564e+02
      vertex   1.237274e+02 9.896374e+01 2.097126e+02
    endloop
  endfacet
  facet normal 1.871835e-01 2.723592e-01 9.438129e-01
    outer loop
      vertex   1.226780e+02 1.084637e+02 2.071793e+02
      vertex   1.237274e+02 9.896374e+01 2.097126e+02
      vertex   1.236081e+02 1.084637e+02 2.069948e+02
    endloop
  endfacet
  facet normal 1.871835e-01 2.723592e-01 9.438129e-01
    outer loop
      vertex   1.236081e+02 1.084637e+02 2.069948e+02
      vertex   1.237274e+02 9.896374e+01 2.097126e+02
      vertex   1.246574e+02 9.896374e+01 2.095282e+02
    endloop
  endfacet
  facet normal 2.281035e-01 2.743143e-01 9.341951e-01
    outer loop
      vertex   1.236081e+02 1.084637e+02 2.069948e+02
      vertex   1.246574e+02 9.896374e+01 2.095282e+02
      vertex   1.245287e+02 1.084637e+02 2.067700e+02
    endloop
  endfacet
  facet normal 2.281035e-01 2.743143e-01 9.341951e-01
    outer loop
      vertex   1.245287e+02 1.084637e+02 2.067700e+02
      vertex   1.246574e+02 9.896374e+01 2.095282e+02
      vertex   1.255781e+02 9.896374e+01 2.093034e+02
    endloop
  endfacet
  facet normal 2.686196e-01 2.757837e-01 9.229230e-01
    outer loop
      vertex   1.245287e+02 1.084637e+02 2.067700e+02
      vertex   1.255781e+02 9.896374e+01 2.093034e+02
      vertex   1.254382e+02 1.084637e+02 2.065053e+02
    endloop
  endfacet
  facet normal 2.686196e-01 2.757837e-01 9.229230e-01
    outer loop
      vertex   1.254382e+02 1.084637e+02 2.065053e+02
      vertex   1.255781e+02 9.896374e+01 2.093034e+02
      vertex   1.264876e+02 9.896374e+01 2.090386e+02
    endloop
  endfacet
  facet normal 3.086601e-01 2.767647e-01 9.100166e-01
    outer loop
      vertex   1.254382e+02 1.084637e+02 2.065053e+02
      vertex   1.264876e+02 9.896374e+01 2.090386e+02
      vertex   1.263350e+02 1.084637e+02 2.062011e+02
    endloop
  endfacet
  facet normal 3.086601e-01 2.767647e-01 9.100166e-01
    outer loop
      vertex   1.263350e+02 1.084637e+02 2.062011e+02
      vertex   1.264876e+02 9.896374e+01 2.090386e+02
      vertex   1.273844e+02 9.896374e+01 2.087345e+02
    endloop
  endfacet
  facet normal 3.481539e-01 2.772557e-01 8.954988e-01
    outer loop
      vertex   1.263350e+02 1.084637e+02 2.062011e+02
      vertex   1.273844e+02 9.896374e+01 2.087345e+02
      vertex   1.272175e+02 1.084637e+02 2.058580e+02
    endloop
  endfacet
  facet normal 3.481539e-01 2.772557e-01 8.954988e-01
    outer loop
      vertex   1.272175e+02 1.084637e+02 2.058580e+02
      vertex   1.273844e+02 9.896374e+01 2.087345e+02
      vertex   1.282668e+02 9.896374e+01 2.083914e+02
    endloop
  endfacet
  facet normal 3.870313e-01 2.772557e-01 8.793953e-01
    outer loop
      vertex   1.272175e+02 1.084637e+02 2.058580e+02
      vertex   1.282668e+02 9.896374e+01 2.083914e+02
      vertex   1.291334e+02 9.896374e+01 2.080100e+02
    endloop
  endfacet
  facet normal 3.870313e-01 2.772557e-01 8.793953e-01
    outer loop
      vertex   1.272175e+02 1.084637e+02 2.058580e+02
      vertex   1.291334e+02 9.896374e+01 2.080100e+02
      vertex   1.280841e+02 1.084637e+02 2.054766e+02
    endloop
  endfacet
  facet normal 4.252233e-01 2.767647e-01 8.617345e-01
    outer loop
      vertex   1.280841e+02 1.084637e+02 2.054766e+02
      vertex   1.291334e+02 9.896374e+01 2.080100e+02
      vertex   1.299827e+02 9.896374e+01 2.075909e+02
    endloop
  endfacet
  facet normal 4.252233e-01 2.767647e-01 8.617345e-01
    outer loop
      vertex   1.280841e+02 1.084637e+02 2.054766e+02
      vertex   1.299827e+02 9.896374e+01 2.075909e+02
      vertex   1.289333e+02 1.084637e+02 2.050576e+02
    endloop
  endfacet
  facet normal 4.626624e-01 2.757837e-01 8.425479e-01
    outer loop
      vertex   1.289333e+02 1.084637e+02 2.050576e+02
      vertex   1.299827e+02 9.896374e+01 2.075909e+02
      vertex   1.308130e+02 9.896374e+01 2.071350e+02
    endloop
  endfacet
  facet normal 4.626624e-01 2.757837e-01 8.425479e-01
    outer loop
      vertex   1.289333e+02 1.084637e+02 2.050576e+02
      vertex   1.308130e+02 9.896374e+01 2.071350e+02
      vertex   1.297636e+02 1.084637e+02 2.046017e+02
    endloop
  endfacet
  facet normal 4.992821e-01 2.743143e-01 8.218692e-01
    outer loop
      vertex   1.297636e+02 1.084637e+02 2.046017e+02
      vertex   1.308130e+02 9.896374e+01 2.071350e+02
      vertex   1.316229e+02 9.896374e+01 2.066430e+02
    endloop
  endfacet
  facet normal 4.992821e-01 2.743143e-01 8.218692e-01
    outer loop
      vertex   1.297636e+02 1.084637e+02 2.046017e+02
      vertex   1.316229e+02 9.896374e+01 2.066430e+02
      vertex   1.305735e+02 1.084637e+02 2.041096e+02
    endloop
  endfacet
  facet normal 5.350178e-01 2.723592e-01 7.997352e-01
    outer loop
      vertex   1.305735e+02 1.084637e+02 2.041096e+02
      vertex   1.316229e+02 9.896374e+01 2.066430e+02
      vertex   1.324110e+02 9.896374e+01 2.061157e+02
    endloop
  endfacet
  facet normal 5.350178e-01 2.723592e-01 7.997352e-01
    outer loop
      vertex   1.305735e+02 1.084637e+02 2.041096e+02
      vertex   1.324110e+02 9.896374e+01 2.061157e+02
      vertex   1.313617e+02 1.084637e+02 2.035824e+02
    endloop
  endfacet
  facet normal 5.698061e-01 2.699217e-01 7.761851e-01
    outer loop
      vertex   1.313617e+02 1.084637e+02 2.035824e+02
      vertex   1.324110e+02 9.896374e+01 2.061157e+02
      vertex   1.331759e+02 9.896374e+01 2.055542e+02
    endloop
  endfacet
  facet normal 5.698061e-01 2.699217e-01 7.761851e-01
    outer loop
      vertex   1.313617e+02 1.084637e+02 2.035824e+02
      vertex   1.331759e+02 9.896374e+01 2.055542e+02
      vertex   1.321266e+02 1.084637e+02 2.030209e+02
    endloop
  endfacet
  facet normal 6.035853e-01 2.670063e-01 7.512605e-01
    outer loop
      vertex   1.321266e+02 1.084637e+02 2.030209e+02
      vertex   1.331759e+02 9.896374e+01 2.055542e+02
      vertex   1.339162e+02 9.896374e+01 2.049594e+02
    endloop
  endfacet
  facet normal 6.035853e-01 2.670063e-01 7.512605e-01
    outer loop
      vertex   1.321266e+02 1.084637e+02 2.030209e+02
      vertex   1.339162e+02 9.896374e+01 2.049594e+02
      vertex   1.328669e+02 1.084637e+02 2.024261e+02
    endloop
  endfacet
  facet normal 6.362958e-01 2.636181e-01 7.250056e-01
    outer loop
      vertex   1.328669e+02 1.084637e+02 2.024261e+02
      vertex   1.339162e+02 9.896374e+01 2.049594e+02
      vertex   1.346307e+02 9.896374e+01 2.043323e+02
    endloop
  endfacet
  facet normal 6.362958e-01 2.636181e-01 7.250056e-01
    outer loop
      vertex   1.328669e+02 1.084637e+02 2.024261e+02
      vertex   1.346307e+02 9.896374e+01 2.043323e+02
      vertex   1.335814e+02 1.084637e+02 2.017990e+02
    endloop
  endfacet
  facet normal 6.678795e-01 2.597631e-01 6.974669e-01
    outer loop
      vertex   1.335814e+02 1.084637e+02 2.017990e+02
      vertex   1.346307e+02 9.896374e+01 2.043323e+02
      vertex   1.353180e+02 9.896374e+01 2.036742e+02
    endloop
  endfacet
  facet normal 6.678795e-01 2.597631e-01 6.974669e-01
    outer loop
      vertex   1.335814e+02 1.084637e+02 2.017990e+02
      vertex   1.353180e+02 9.896374e+01 2.036742e+02
      vertex   1.342687e+02 1.084637e+02 2.011408e+02
    endloop
  endfacet
  facet normal -1.000000e+00 5.765547e-13 0.000000e+00
    outer loop
      vertex   1.467054e+02 9.896374e+01 1.365443e+02
      vertex   1.467054e+02 9.896374e+01 1.907968e+02
      vertex   1.467054e+02 1.024637e+02 1.382888e+02
    endloop
  endfacet
  facet normal -1.000000e+00 0.000000e+00 -3.843111e-14
    outer loop
      vertex   1.467054e+02 1.024637e+02 1.382888e+02
      vertex   1.467054e+02 9.896374e+01 1.907968e+02
      vertex   1.467054e+02 1.024637e+02 1.907968e+02
    endloop
  endfacet
  facet normal 0.000000e+00 -1.000000e+00 0.000000e+00
    outer loop
      vertex   1.090163e+02 1.039637e+02 1.956468e+02
      vertex   1.125663e+02 1.039637e+02 2.007968e+02
      vertex   1.090163e+02 1.039637e+02 2.059468e+02
    endloop
  endfacet
  facet normal 0.000000e+00 -1.000000e+00 0.000000e+00
    outer loop
      vertex   1.090163e+02 1.039637e+02 2.059468e+02
      vertex   1.125663e+02 1.039637e+02 2.007968e+02
      vertex   1.125871e+02 1.039637e+02 2.010534e+02
    endloop
  endfacet
  facet normal 0.000000e+00 -1.000000e+00 0.000000e+00
    outer loop
      vertex   1.090163e+02 1.039637e+02 2.059468e+02
      vertex   1.125871e+02 1.039637e+02 2.010534e+02
      vertex   1.126487e+02 1.039637e+02 2.013034e+02
    endloop
  endfacet
  facet normal 0.000000e+00 -1.000000e+00 0.000000e+00
    outer loop
      vertex   1.193163e+02 1.039637e+02 1.956468e+02
      vertex   1.142308e+02 1.039637e+02 1.991981e+02
      vertex   1.090163e+02 1.039637e+02 1.956468e+02
    endloop
  endfacet
  facet normal 0.000000e+00 -1.000000e+00 0.000000e+00
    outer loop
      vertex   1.090163e+02 1.039637e+02 1.956468e+02
      vertex   1.142308e+02 1.039637e+02 1.991981e+02
      vertex   1.139735e+02 1.039637e+02 1.992084e+02
    endloop
  endfacet
  facet normal 0.000000e+00 -1.000000e+00 0.000000e+00
    outer loop
      vertex   1.090163e+02 1.039637e+02 1.956468e+02
      vertex   1.139735e+02 1.039637e+02 1.992084e+02
      vertex   1.137212e+02 1.039637e+02 1.992599e+02
    endloop
  endfacet
  facet normal 0.000000e+00 -1.000000e+00 -0.000000e+00
    outer loop
      vertex   1.193163e+02 1.039637e+02 2.059468e+02
      vertex   1.157612e+02 1.039637e+02 2.009255e+02
      vertex   1.193163e+02 1.039637e+02 1.956468e+02
    endloop
  endfacet
  facet normal 0.000000e+00 -1.000000e+00 0.000000e+00
    outer loop
      vertex   1.193163e+02 1.039637e+02 1.956468e+02
      vertex   1.157612e+02 1.039637e+02 2.009255e+02
      vertex   1.157612e+02 1.039637e+02 2.006680e+02
    endloop
  endfacet
  facet normal 0.000000e+00 -1.000000e+00 0.000000e+00
    outer loop
      vertex   1.193163e+02 1.039637e+02 1.956468e+02
      vertex   1.157612e+02 1.039637e+02 2.006680e+02
      vertex   1.157198e+02 1.039637e+02 2.004139e+02
    endloop
  endfacet
  facet normal 0.000000e+00 -1.000000e+00 0.000000e+00
    outer loop
      vertex   1.090163e+02 1.039637e+02 2.059468e+02
      vertex   1.142308e+02 1.039637e+02 2.023955e+02
      vertex   1.193163e+02 1.039637e+02 2.059468e+02
    endloop
  endfacet
  facet normal 0.000000e+00 -1.000000e+00 0.000000e+00
    outer loop
      vertex   1.193163e+02 1.039637e+02 2.059468e+02
      vertex   1.142308e+02 1.039637e+02 2.023955e+02
      vertex   1.144864e+02 1.039637e+02 2.023644e+02
    endloop
  endfacet
  facet normal 0.000000e+00 -1.000000e+00 0.000000e+00
    outer loop
      vertex   1.193163e+02 1.039637e+02 2.059468e+02
      vertex   1.144864e+02 1.039637e+02 2.023644e+02
      vertex   1.147337e+02 1.039637e+02 2.022928e+02
    endloop
  endfacet
  facet normal 0.000000e+00 -1.000000e+00 0.000000e+00
    outer loop
      vertex   1.126487e+02 1.039637e+02 2.013034e+02
      vertex   1.127496e+02 1.039637e+02 2.015403e+02
      vertex   1.090163e+02 1.039637e+02 2.059468e+02
    endloop
  endfacet
  facet normal 0.000000e+00 -1.000000e+00 0.000000e+00
    outer loop
      vertex   1.090163e+02 1.039637e+02 2.059468e+02
      vertex   1.127496e+02 1.039637e+02 2.015403e+02
      vertex   1.128872e+02 1.039637e+02 2.017579e+02
    endloop
  endfacet
  facet normal 0.000000e+00 -1.000000e+00 0.000000e+00
    outer loop
      vertex   1.090163e+02 1.039637e+02 2.059468e+02
      vertex   1.128872e+02 1.039637e+02 2.017579e+02
      vertex   1.130580e+02 1.039637e+02 2.019507e+02
    endloop
  endfacet
  facet normal 0.000000e+00 -1.000000e+00 0.000000e+00
    outer loop
      vertex   1.130580e+02 1.039637e+02 2.019507e+02
      vertex   1.132574e+02 1.039637e+02 2.021135e+02
      vertex   1.090163e+02 1.039637e+02 2.059468e+02
    endloop
  endfacet
  facet normal 0.000000e+00 -1.000000e+00 0.000000e+00
    outer loop
      vertex   1.090163e+02 1.039637e+02 2.059468e+02
      vertex   1.132574e+02 1.039637e+02 2.021135e+02
      vertex   1.134804e+02 1.039637e+02 2.022423e+02
    endloop
  endfacet
  facet normal 0.000000e+00 -1.000000e+00 0.000000e+00
    outer loop
      vertex   1.090163e+02 1.039637e+02 2.059468e+02
      vertex   1.134804e+02 1.039637e+02 2.022423e+02
      vertex   1.137212e+02 1.039637e+02 2.023336e+02
    endloop
  endfacet
  facet normal 0.000000e+00 -1.000000e+00 0.000000e+00
    outer loop
      vertex   1.137212e+02 1.039637e+02 2.023336e+02
      vertex   1.139735e+02 1.039637e+02 2.023851e+02
      vertex   1.090163e+02 1.039637e+02 2.059468e+02
    endloop
  endfacet
  facet normal 0.000000e+00 -1.000000e+00 0.000000e+00
    outer loop
      vertex   1.090163e+02 1.039637e+02 2.059468e+02
      vertex   1.139735e+02 1.039637e+02 2.023851e+02
      vertex   1.142308e+02 1.039637e+02 2.023955e+02
    endloop
  endfacet
  facet normal 0.000000e+00 -1.000000e+00 0.000000e+00
    outer loop
      vertex   1.147337e+02 1.039637e+02 2.022928e+02
      vertex   1.149663e+02 1.039637e+02 2.021824e+02
      vertex   1.193163e+02 1.039637e+02 2.059468e+02
    endloop
  endfacet
  facet normal 0.000000e+00 -1.000000e+00 0.000000e+00
    outer loop
      vertex   1.193163e+02 1.039637e+02 2.059468e+02
      vertex   1.149663e+02 1.039637e+02 2.021824e+02
      vertex   1.151783e+02 1.039637e+02 2.020361e+02
    endloop
  endfacet
  facet normal 0.000000e+00 -1.000000e+00 0.000000e+00
    outer loop
      vertex   1.193163e+02 1.039637e+02 2.059468e+02
      vertex   1.151783e+02 1.039637e+02 2.020361e+02
      vertex   1.153640e+02 1.039637e+02 2.018578e+02
    endloop
  endfacet
  facet normal 0.000000e+00 -1.000000e+00 0.000000e+00
    outer loop
      vertex   1.153640e+02 1.039637e+02 2.018578e+02
      vertex   1.155186e+02 1.039637e+02 2.016519e+02
      vertex   1.193163e+02 1.039637e+02 2.059468e+02
    endloop
  endfacet
  facet normal 0.000000e+00 -1.000000e+00 0.000000e+00
    outer loop
      vertex   1.193163e+02 1.039637e+02 2.059468e+02
      vertex   1.155186e+02 1.039637e+02 2.016519e+02
      vertex   1.156383e+02 1.039637e+02 2.014239e+02
    endloop
  endfacet
  facet normal 0.000000e+00 -1.000000e+00 0.000000e+00
    outer loop
      vertex   1.193163e+02 1.039637e+02 2.059468e+02
      vertex   1.156383e+02 1.039637e+02 2.014239e+02
      vertex   1.157198e+02 1.039637e+02 2.011797e+02
    endloop
  endfacet
  facet normal 0.000000e+00 -1.000000e+00 0.000000e+00
    outer loop
      vertex   1.157198e+02 1.039637e+02 2.011797e+02
      vertex   1.157612e+02 1.039637e+02 2.009255e+02
      vertex   1.193163e+02 1.039637e+02 2.059468e+02
    endloop
  endfacet
  facet normal 0.000000e+00 -1.000000e+00 -0.000000e+00
    outer loop
      vertex   1.157198e+02 1.039637e+02 2.004139e+02
      vertex   1.156383e+02 1.039637e+02 2.001696e+02
      vertex   1.193163e+02 1.039637e+02 1.956468e+02
    endloop
  endfacet
  facet normal 0.000000e+00 -1.000000e+00 0.000000e+00
    outer loop
      vertex   1.193163e+02 1.039637e+02 1.956468e+02
      vertex   1.156383e+02 1.039637e+02 2.001696e+02
      vertex   1.155186e+02 1.039637e+02 1.999416e+02
    endloop
  endfacet
  facet normal 0.000000e+00 -1.000000e+00 0.000000e+00
    outer loop
      vertex   1.193163e+02 1.039637e+02 1.956468e+02
      vertex   1.155186e+02 1.039637e+02 1.999416e+02
      vertex   1.153640e+02 1.039637e+02 1.997358e+02
    endloop
  endfacet
  facet normal 0.000000e+00 -1.000000e+00 -0.000000e+00
    outer loop
      vertex   1.153640e+02 1.039637e+02 1.997358e+02
      vertex   1.151783e+02 1.039637e+02 1.995574e+02
      vertex   1.193163e+02 1.039637e+02 1.956468e+02
    endloop
  endfacet
  facet normal 0.000000e+00 -1.000000e+00 0.000000e+00
    outer loop
      vertex   1.193163e+02 1.039637e+02 1.956468e+02
      vertex   1.151783e+02 1.039637e+02 1.995574e+02
      vertex   1.149663e+02 1.039637e+02 1.994111e+02
    endloop
  endfacet
  facet normal 0.000000e+00 -1.000000e+00 0.000000e+00
    outer loop
      vertex   1.193163e+02 1.039637e+02 1.956468e+02
      vertex   1.149663e+02 1.039637e+02 1.994111e+02
      vertex   1.147337e+02 1.039637e+02 1.993007e+02
    endloop
  endfacet
  facet normal 0.000000e+00 -1.000000e+00 -0.000000e+00
    outer loop
      vertex   1.147337e+02 1.039637e+02 1.993007e+02
      vertex   1.144864e+02 1.039637e+02 1.992291e+02
      vertex   1.193163e+02 1.039637e+02 1.956468e+02
    endloop
  endfacet
  facet normal 0.000000e+00 -1.000000e+00 0.000000e+00
    outer loop
      vertex   1.193163e+02 1.039637e+02 1.956468e+02
      vertex   1.144864e+02 1.039637e+02 1.992291e+02
      vertex   1.142308e+02 1.039637e+02 1.991981e+02
    endloop
  endfacet
  facet normal -0.000000e+00 -1.000000e+00 0.000000e+00
    outer loop
      vertex   1.137212e+02 1.039637e+02 1.992599e+02
      vertex   1.134804e+02 1.039637e+02 1.993512e+02
      vertex   1.090163e+02 1.039637e+02 1.956468e+02
    endloop
  endfacet
  facet normal 0.000000e+00 -1.000000e+00 0.000000e+00
    outer loop
      vertex   1.090163e+02 1.039637e+02 1.956468e+02
      vertex   1.134804e+02 1.039637e+02 1.993512e+02
      vertex   1.132574e+02 1.039637e+02 1.994800e+02
    endloop
  endfacet
  facet normal 0.000000e+00 -1.000000e+00 0.000000e+00
    outer loop
      vertex   1.090163e+02 1.039637e+02 1.956468e+02
      vertex   1.132574e+02 1.039637e+02 1.994800e+02
      vertex   1.130580e+02 1.039637e+02 1.996428e+02
    endloop
  endfacet
  facet normal -0.000000e+00 -1.000000e+00 0.000000e+00
    outer loop
      vertex   1.130580e+02 1.039637e+02 1.996428e+02
      vertex   1.128872e+02 1.039637e+02 1.998356e+02
      vertex   1.090163e+02 1.039637e+02 1.956468e+02
    endloop
  endfacet
  facet normal 0.000000e+00 -1.000000e+00 0.000000e+00
    outer loop
      vertex   1.090163e+02 1.039637e+02 1.956468e+02
      vertex   1.128872e+02 1.039637e+02 1.998356e+02
      vertex   1.127496e+02 1.039637e+02 2.000532e+02
    endloop
  endfacet
  facet normal 0.000000e+00 -1.000000e+00 0.000000e+00
    outer loop
      vertex   1.090163e+02 1.039637e+02 1.956468e+02
      vertex   1.127496e+02 1.039637e+02 2.000532e+02
      vertex   1.126487e+02 1.039637e+02 2.002901e+02
    endloop
  endfacet
  facet normal -0.000000e+00 -1.000000e+00 0.000000e+00
    outer loop
      vertex   1.126487e+02 1.039637e+02 2.002901e+02
      vertex   1.125871e+02 1.039637e+02 2.005401e+02
      vertex   1.090163e+02 1.039637e+02 1.956468e+02
    endloop
  endfacet
  facet normal 0.000000e+00 -1.000000e+00 0.000000e+00
    outer loop
      vertex   1.090163e+02 1.039637e+02 1.956468e+02
      vertex   1.125871e+02 1.039637e+02 2.005401e+02
      vertex   1.125663e+02 1.039637e+02 2.007968e+02
    endloop
  endfacet
  facet normal 0.000000e+00 0.000000e+00 -1.000000e+00
    outer loop
      vertex   1.090163e+02 1.039637e+02 2.059468e+02
      vertex   1.193163e+02 1.039637e+02 2.059468e+02
      vertex   1.090163e+02 9.896374e+01 2.059468e+02
    endloop
  endfacet
  facet normal 0.000000e+00 0.000000e+00 -1.000000e+00
    outer loop
      vertex   1.090163e+02 9.896374e+01 2.059468e+02
      vertex   1.193163e+02 1.039637e+02 2.059468e+02
      vertex   1.193163e+02 9.896374e+01 2.059468e+02
    endloop
  endfacet
  facet normal -1.000000e+00 -0.000000e+00 -0.000000e+00
    outer loop
      vertex   1.611004e+02 1.039637e+02 1.634077e+02
      vertex   1.611004e+02 1.039637e+02 1.531077e+02
      vertex   1.611004e+02 9.896374e+01 1.634077e+02
    endloop
  endfacet
  facet normal -1.000000e+00 0.000000e+00 0.000000e+00
    outer loop
      vertex   1.611004e+02 9.896374e+01 1.634077e+02
      vertex   1.611004e+02 1.039637e+02 1.531077e+02
      vertex   1.611004e+02 9.896374e+01 1.531077e+02
    endloop
  endfacet
  facet normal 0.000000e+00 0.000000e+00 1.000000e+00
    outer loop
      vertex   1.611004e+02 1.039637e+02 1.531077e+02
      vertex   1.508004e+02 1.039637e+02 1.531077e+02
      vertex   1.611004e+02 9.896374e+01 1.531077e+02
    endloop
  endfacet
  facet normal 0.000000e+00 0.000000e+00 1.000000e+00
    outer loop
      vertex   1.611004e+02 9.896374e+01 1.531077e+02
      vertex   1.508004e+02 1.039637e+02 1.531077e+02
      vertex   1.508004e+02 9.896374e+01 1.531077e+02
    endloop
  endfacet
  facet normal 0.000000e+00 -1.000000e+00 0.000000e+00
    outer loop
      vertex   1.611004e+02 1.039637e+02 1.531077e+02
      vertex   1.560149e+02 1.039637e+02 1.566590e+02
      vertex   1.508004e+02 1.039637e+02 1.531077e+02
    endloop
  endfacet
  facet normal 0.000000e+00 -1.000000e+00 0.000000e+00
    outer loop
      vertex   1.508004e+02 1.039637e+02 1.531077e+02
      vertex   1.560149e+02 1.039637e+02 1.566590e+02
      vertex   1.557576e+02 1.039637e+02 1.566693e+02
    endloop
  endfacet
  facet normal 0.000000e+00 -1.000000e+00 0.000000e+00
    outer loop
      vertex   1.508004e+02 1.039637e+02 1.531077e+02
      vertex   1.557576e+02 1.039637e+02 1.566693e+02
      vertex   1.555053e+02 1.039637e+02 1.567208e+02
    endloop
  endfacet
  facet normal 0.000000e+00 -1.000000e+00 -0.000000e+00
    outer loop
      vertex   1.611004e+02 1.039637e+02 1.634077e+02
      vertex   1.575453e+02 1.039637e+02 1.583864e+02
      vertex   1.611004e+02 1.039637e+02 1.531077e+02
    endloop
  endfacet
  facet normal 0.000000e+00 -1.000000e+00 0.000000e+00
    outer loop
      vertex   1.611004e+02 1.039637e+02 1.531077e+02
      vertex   1.575453e+02 1.039637e+02 1.583864e+02
      vertex   1.575453e+02 1.039637e+02 1.581289e+02
    endloop
  endfacet
  facet normal 0.000000e+00 -1.000000e+00 0.000000e+00
    outer loop
      vertex   1.611004e+02 1.039637e+02 1.531077e+02
      vertex   1.575453e+02 1.039637e+02 1.581289e+02
      vertex   1.575040e+02 1.039637e+02 1.578747e+02
    endloop
  endfacet
  facet normal 0.000000e+00 -1.000000e+00 0.000000e+00
    outer loop
      vertex   1.508004e+02 1.039637e+02 1.634077e+02
      vertex   1.560149e+02 1.039637e+02 1.598564e+02
      vertex   1.611004e+02 1.039637e+02 1.634077e+02
    endloop
  endfacet
  facet normal 0.000000e+00 -1.000000e+00 0.000000e+00
    outer loop
      vertex   1.611004e+02 1.039637e+02 1.634077e+02
      vertex   1.560149e+02 1.039637e+02 1.598564e+02
      vertex   1.562705e+02 1.039637e+02 1.598253e+02
    endloop
  endfacet
  facet normal 0.000000e+00 -1.000000e+00 0.000000e+00
    outer loop
      vertex   1.611004e+02 1.039637e+02 1.634077e+02
      vertex   1.562705e+02 1.039637e+02 1.598253e+02
      vertex   1.565178e+02 1.039637e+02 1.597537e+02
    endloop
  endfacet
  facet normal 0.000000e+00 -1.000000e+00 0.000000e+00
    outer loop
      vertex   1.508004e+02 1.039637e+02 1.531077e+02
      vertex   1.543504e+02 1.039637e+02 1.582577e+02
      vertex   1.508004e+02 1.039637e+02 1.634077e+02
    endloop
  endfacet
  facet normal 0.000000e+00 -1.000000e+00 0.000000e+00
    outer loop
      vertex   1.508004e+02 1.039637e+02 1.634077e+02
      vertex   1.543504e+02 1.039637e+02 1.582577e+02
      vertex   1.543712e+02 1.039637e+02 1.585143e+02
    endloop
  endfacet
  facet normal 0.000000e+00 -1.000000e+00 0.000000e+00
    outer loop
      vertex   1.508004e+02 1.039637e+02 1.634077e+02
      vertex   1.543712e+02 1.039637e+02 1.585143e+02
      vertex   1.544328e+02 1.039637e+02 1.587643e+02
    endloop
  endfacet
  facet normal 0.000000e+00 -1.000000e+00 0.000000e+00
    outer loop
      vertex   1.544328e+02 1.039637e+02 1.587643e+02
      vertex   1.545337e+02 1.039637e+02 1.590012e+02
      vertex   1.508004e+02 1.039637e+02 1.634077e+02
    endloop
  endfacet
  facet normal 0.000000e+00 -1.000000e+00 0.000000e+00
    outer loop
      vertex   1.508004e+02 1.039637e+02 1.634077e+02
      vertex   1.545337e+02 1.039637e+02 1.590012e+02
      vertex   1.546713e+02 1.039637e+02 1.592188e+02
    endloop
  endfacet
  facet normal 0.000000e+00 -1.000000e+00 0.000000e+00
    outer loop
      vertex   1.508004e+02 1.039637e+02 1.634077e+02
      vertex   1.546713e+02 1.039637e+02 1.592188e+02
      vertex   1.548421e+02 1.039637e+02 1.594116e+02
    endloop
  endfacet
  facet normal 0.000000e+00 -1.000000e+00 0.000000e+00
    outer loop
      vertex   1.548421e+02 1.039637e+02 1.594116e+02
      vertex   1.550415e+02 1.039637e+02 1.595744e+02
      vertex   1.508004e+02 1.039637e+02 1.634077e+02
    endloop
  endfacet
  facet normal 0.000000e+00 -1.000000e+00 0.000000e+00
    outer loop
      vertex   1.508004e+02 1.039637e+02 1.634077e+02
      vertex   1.550415e+02 1.039637e+02 1.595744e+02
      vertex   1.552645e+02 1.039637e+02 1.597032e+02
    endloop
  endfacet
  facet normal 0.000000e+00 -1.000000e+00 0.000000e+00
    outer loop
      vertex   1.508004e+02 1.039637e+02 1.634077e+02
      vertex   1.552645e+02 1.039637e+02 1.597032e+02
      vertex   1.555053e+02 1.039637e+02 1.597945e+02
    endloop
  endfacet
  facet normal 0.000000e+00 -1.000000e+00 0.000000e+00
    outer loop
      vertex   1.555053e+02 1.039637e+02 1.597945e+02
      vertex   1.557576e+02 1.039637e+02 1.598460e+02
      vertex   1.508004e+02 1.039637e+02 1.634077e+02
    endloop
  endfacet
  facet normal 0.000000e+00 -1.000000e+00 0.000000e+00
    outer loop
      vertex   1.508004e+02 1.039637e+02 1.634077e+02
      vertex   1.557576e+02 1.039637e+02 1.598460e+02
      vertex   1.560149e+02 1.039637e+02 1.598564e+02
    endloop
  endfacet
  facet normal 0.000000e+00 -1.000000e+00 0.000000e+00
    outer loop
      vertex   1.565178e+02 1.039637e+02 1.597537e+02
      vertex   1.567504e+02 1.039637e+02 1.596433e+02
      vertex   1.611004e+02 1.039637e+02 1.634077e+02
    endloop
  endfacet
  facet normal 0.000000e+00 -1.000000e+00 0.000000e+00
    outer loop
      vertex   1.611004e+02 1.039637e+02 1.634077e+02
      vertex   1.567504e+02 1.039637e+02 1.596433e+02
      vertex   1.569624e+02 1.039637e+02 1.594970e+02
    endloop
  endfacet
  facet normal 0.000000e+00 -1.000000e+00 0.000000e+00
    outer loop
      vertex   1.611004e+02 1.039637e+02 1.634077e+02
      vertex   1.569624e+02 1.039637e+02 1.594970e+02
      vertex   1.571481e+02 1.039637e+02 1.593187e+02
    endloop
  endfacet
  facet normal 0.000000e+00 -1.000000e+00 0.000000e+00
    outer loop
      vertex   1.571481e+02 1.039637e+02 1.593187e+02
      vertex   1.573028e+02 1.039637e+02 1.591128e+02
      vertex   1.611004e+02 1.039637e+02 1.634077e+02
    endloop
  endfacet
  facet normal 0.000000e+00 -1.000000e+00 0.000000e+00
    outer loop
      vertex   1.611004e+02 1.039637e+02 1.634077e+02
      vertex   1.573028e+02 1.039637e+02 1.591128e+02
      vertex   1.574224e+02 1.039637e+02 1.588848e+02
    endloop
  endfacet
  facet normal 0.000000e+00 -1.000000e+00 0.000000e+00
    outer loop
      vertex   1.611004e+02 1.039637e+02 1.634077e+02
      vertex   1.574224e+02 1.039637e+02 1.588848e+02
      vertex   1.575040e+02 1.039637e+02 1.586406e+02
    endloop
  endfacet
  facet normal 0.000000e+00 -1.000000e+00 0.000000e+00
    outer loop
      vertex   1.575040e+02 1.039637e+02 1.586406e+02
      vertex   1.575453e+02 1.039637e+02 1.583864e+02
      vertex   1.611004e+02 1.039637e+02 1.634077e+02
    endloop
  endfacet
  facet normal 0.000000e+00 -1.000000e+00 -0.000000e+00
    outer loop
      vertex   1.575040e+02 1.039637e+02 1.578747e+02
      vertex   1.574224e+02 1.039637e+02 1.576305e+02
      vertex   1.611004e+02 1.039637e+02 1.531077e+02
    endloop
  endfacet
  facet normal 0.000000e+00 -1.000000e+00 0.000000e+00
    outer loop
      vertex   1.611004e+02 1.039637e+02 1.531077e+02
      vertex   1.574224e+02 1.039637e+02 1.576305e+02
      vertex   1.573028e+02 1.039637e+02 1.574025e+02
    endloop
  endfacet
  facet normal 0.000000e+00 -1.000000e+00 0.000000e+00
    outer loop
      vertex   1.611004e+02 1.039637e+02 1.531077e+02
      vertex   1.573028e+02 1.039637e+02 1.574025e+02
      vertex   1.571481e+02 1.039637e+02 1.571967e+02
    endloop
  endfacet
  facet normal 0.000000e+00 -1.000000e+00 -0.000000e+00
    outer loop
      vertex   1.571481e+02 1.039637e+02 1.571967e+02
      vertex   1.569624e+02 1.039637e+02 1.570183e+02
      vertex   1.611004e+02 1.039637e+02 1.531077e+02
    endloop
  endfacet
  facet normal 0.000000e+00 -1.000000e+00 0.000000e+00
    outer loop
      vertex   1.611004e+02 1.039637e+02 1.531077e+02
      vertex   1.569624e+02 1.039637e+02 1.570183e+02
      vertex   1.567504e+02 1.039637e+02 1.568720e+02
    endloop
  endfacet
  facet normal 0.000000e+00 -1.000000e+00 0.000000e+00
    outer loop
      vertex   1.611004e+02 1.039637e+02 1.531077e+02
      vertex   1.567504e+02 1.039637e+02 1.568720e+02
      vertex   1.565178e+02 1.039637e+02 1.567616e+02
    endloop
  endfacet
  facet normal 0.000000e+00 -1.000000e+00 -0.000000e+00
    outer loop
      vertex   1.565178e+02 1.039637e+02 1.567616e+02
      vertex   1.562705e+02 1.039637e+02 1.566900e+02
      vertex   1.611004e+02 1.039637e+02 1.531077e+02
    endloop
  endfacet
  facet normal 0.000000e+00 -1.000000e+00 0.000000e+00
    outer loop
      vertex   1.611004e+02 1.039637e+02 1.531077e+02
      vertex   1.562705e+02 1.039637e+02 1.566900e+02
      vertex   1.560149e+02 1.039637e+02 1.566590e+02
    endloop
  endfacet
  facet normal -0.000000e+00 -1.000000e+00 0.000000e+00
    outer loop
      vertex   1.555053e+02 1.039637e+02 1.567208e+02
      vertex   1.552645e+02 1.039637e+02 1.568121e+02
      vertex   1.508004e+02 1.039637e+02 1.531077e+02
    endloop
  endfacet
  facet normal 0.000000e+00 -1.000000e+00 0.000000e+00
    outer loop
      vertex   1.508004e+02 1.039637e+02 1.531077e+02
      vertex   1.552645e+02 1.039637e+02 1.568121e+02
      vertex   1.550415e+02 1.039637e+02 1.569409e+02
    endloop
  endfacet
  facet normal 0.000000e+00 -1.000000e+00 0.000000e+00
    outer loop
      vertex   1.508004e+02 1.039637e+02 1.531077e+02
      vertex   1.550415e+02 1.039637e+02 1.569409e+02
      vertex   1.548421e+02 1.039637e+02 1.571037e+02
    endloop
  endfacet
  facet normal -0.000000e+00 -1.000000e+00 0.000000e+00
    outer loop
      vertex   1.548421e+02 1.039637e+02 1.571037e+02
      vertex   1.546713e+02 1.039637e+02 1.572965e+02
      vertex   1.508004e+02 1.039637e+02 1.531077e+02
    endloop
  endfacet
  facet normal 0.000000e+00 -1.000000e+00 0.000000e+00
    outer loop
      vertex   1.508004e+02 1.039637e+02 1.531077e+02
      vertex   1.546713e+02 1.039637e+02 1.572965e+02
      vertex   1.545337e+02 1.039637e+02 1.575141e+02
    endloop
  endfacet
  facet normal 0.000000e+00 -1.000000e+00 0.000000e+00
    outer loop
      vertex   1.508004e+02 1.039637e+02 1.531077e+02
      vertex   1.545337e+02 1.039637e+02 1.575141e+02
      vertex   1.544328e+02 1.039637e+02 1.577510e+02
    endloop
  endfacet
  facet normal -0.000000e+00 -1.000000e+00 0.000000e+00
    outer loop
      vertex   1.544328e+02 1.039637e+02 1.577510e+02
      vertex   1.543712e+02 1.039637e+02 1.580010e+02
      vertex   1.508004e+02 1.039637e+02 1.531077e+02
    endloop
  endfacet
  facet normal 0.000000e+00 -1.000000e+00 0.000000e+00
    outer loop
      vertex   1.508004e+02 1.039637e+02 1.531077e+02
      vertex   1.543712e+02 1.039637e+02 1.580010e+02
      vertex   1.543504e+02 1.039637e+02 1.582577e+02
    endloop
  endfacet
  facet normal 1.000000e+00 0.000000e+00 -0.000000e+00
    outer loop
      vertex   1.090163e+02 1.039637e+02 1.956468e+02
      vertex   1.090163e+02 1.039637e+02 2.059468e+02
      vertex   1.090163e+02 9.896374e+01 1.956468e+02
    endloop
  endfacet
  facet normal 1.000000e+00 0.000000e+00 0.000000e+00
    outer loop
      vertex   1.090163e+02 9.896374e+01 1.956468e+02
      vertex   1.090163e+02 1.039637e+02 2.059468e+02
      vertex   1.090163e+02 9.896374e+01 2.059468e+02
    endloop
  endfacet
  facet normal 0.000000e+00 0.000000e+00 1.000000e+00
    outer loop
      vertex   1.090163e+02 9.896374e+01 1.956468e+02
      vertex   1.193163e+02 9.896374e+01 1.956468e+02
      vertex   1.090163e+02 1.039637e+02 1.956468e+02
    endloop
  endfacet
  facet normal -0.000000e+00 0.000000e+00 1.000000e+00
    outer loop
      vertex   1.090163e+02 1.039637e+02 1.956468e+02
      vertex   1.193163e+02 9.896374e+01 1.956468e+02
      vertex   1.193163e+02 1.039637e+02 1.956468e+02
    endloop
  endfacet
  facet normal 9.967573e-01 0.000000e+00 -8.046657e-02
    outer loop
      vertex   1.125871e+02 1.084637e+02 2.010534e+02
      vertex   1.125871e+02 1.039637e+02 2.010534e+02
      vertex   1.125663e+02 1.084637e+02 2.007968e+02
    endloop
  endfacet
  facet normal 9.967573e-01 0.000000e+00 -8.046657e-02
    outer loop
      vertex   1.125663e+02 1.084637e+02 2.007968e+02
      vertex   1.125871e+02 1.039637e+02 2.010534e+02
      vertex   1.125663e+02 1.039637e+02 2.007968e+02
    endloop
  endfacet
  facet normal 9.967573e-01 0.000000e+00 8.046657e-02
    outer loop
      vertex   1.125663e+02 1.084637e+02 2.007968e+02
      vertex   1.125663e+02 1.039637e+02 2.007968e+02
      vertex   1.125871e+02 1.084637e+02 2.005401e+02
    endloop
  endfacet
  facet normal 9.967573e-01 0.000000e+00 8.046657e-02
    outer loop
      vertex   1.125871e+02 1.084637e+02 2.005401e+02
      vertex   1.125663e+02 1.039637e+02 2.007968e+02
      vertex   1.125871e+02 1.039637e+02 2.005401e+02
    endloop
  endfacet
  facet normal 9.709418e-01 0.000000e+00 2.393157e-01
    outer loop
      vertex   1.125871e+02 1.084637e+02 2.005401e+02
      vertex   1.125871e+02 1.039637e+02 2.005401e+02
      vertex   1.126487e+02 1.084637e+02 2.002901e+02
    endloop
  endfacet
  facet normal 9.709418e-01 0.000000e+00 2.393157e-01
    outer loop
      vertex   1.126487e+02 1.084637e+02 2.002901e+02
      vertex   1.125871e+02 1.039637e+02 2.005401e+02
      vertex   1.126487e+02 1.039637e+02 2.002901e+02
    endloop
  endfacet
  facet normal 9.199794e-01 0.000000e+00 3.919666e-01
    outer loop
      vertex   1.126487e+02 1.084637e+02 2.002901e+02
      vertex   1.126487e+02 1.039637e+02 2.002901e+02
      vertex   1.127496e+02 1.084637e+02 2.000532e+02
    endloop
  endfacet
  facet normal 9.199794e-01 0.000000e+00 3.919666e-01
    outer loop
      vertex   1.127496e+02 1.084637e+02 2.000532e+02
      vertex   1.126487e+02 1.039637e+02 2.002901e+02
      vertex   1.127496e+02 1.039637e+02 2.000532e+02
    endloop
  endfacet
  facet normal 8.451901e-01 0.000000e+00 5.344658e-01
    outer loop
      vertex   1.127496e+02 1.084637e+02 2.000532e+02
      vertex   1.127496e+02 1.039637e+02 2.000532e+02
      vertex   1.128872e+02 1.084637e+02 1.998356e+02
    endloop
  endfacet
  facet normal 8.451901e-01 0.000000e+00 5.344658e-01
    outer loop
      vertex   1.128872e+02 1.084637e+02 1.998356e+02
      vertex   1.127496e+02 1.039637e+02 2.000532e+02
      vertex   1.128872e+02 1.039637e+02 1.998356e+02
    endloop
  endfacet
  facet normal 7.485107e-01 0.000000e+00 6.631227e-01
    outer loop
      vertex   1.128872e+02 1.084637e+02 1.998356e+02
      vertex   1.128872e+02 1.039637e+02 1.998356e+02
      vertex   1.130580e+02 1.084637e+02 1.996428e+02
    endloop
  endfacet
  facet normal 7.485107e-01 0.000000e+00 6.631227e-01
    outer loop
      vertex   1.130580e+02 1.084637e+02 1.996428e+02
      vertex   1.128872e+02 1.039637e+02 1.998356e+02
      vertex   1.130580e+02 1.039637e+02 1.996428e+02
    endloop
  endfacet
  facet normal 6.324454e-01 0.000000e+00 7.746050e-01
    outer loop
      vertex   1.130580e+02 1.084637e+02 1.996428e+02
      vertex   1.130580e+02 1.039637e+02 1.996428e+02
      vertex   1.132574e+02 1.084637e+02 1.994800e+02
    endloop
  endfacet
  facet normal 6.324454e-01 0.000000e+00 7.746050e-01
    outer loop
      vertex   1.132574e+02 1.084637e+02 1.994800e+02
      vertex   1.130580e+02 1.039637e+02 1.996428e+02
      vertex   1.132574e+02 1.039637e+02 1.994800e+02
    endloop
  endfacet
  facet normal 5.000000e-01 0.000000e+00 8.660254e-01
    outer loop
      vertex   1.132574e+02 1.084637e+02 1.994800e+02
      vertex   1.132574e+02 1.039637e+02 1.994800e+02
      vertex   1.134804e+02 1.084637e+02 1.993512e+02
    endloop
  endfacet
  facet normal 5.000000e-01 0.000000e+00 8.660254e-01
    outer loop
      vertex   1.134804e+02 1.084637e+02 1.993512e+02
      vertex   1.132574e+02 1.039637e+02 1.994800e+02
      vertex   1.134804e+02 1.039637e+02 1.993512e+02
    endloop
  endfacet
  facet normal 3.546049e-01 0.000000e+00 9.350162e-01
    outer loop
      vertex   1.134804e+02 1.084637e+02 1.993512e+02
      vertex   1.134804e+02 1.039637e+02 1.993512e+02
      vertex   1.137212e+02 1.084637e+02 1.992599e+02
    endloop
  endfacet
  facet normal 3.546049e-01 0.000000e+00 9.350162e-01
    outer loop
      vertex   1.137212e+02 1.084637e+02 1.992599e+02
      vertex   1.134804e+02 1.039637e+02 1.993512e+02
      vertex   1.137212e+02 1.039637e+02 1.992599e+02
    endloop
  endfacet
  facet normal 2.000257e-01 0.000000e+00 9.797907e-01
    outer loop
      vertex   1.137212e+02 1.084637e+02 1.992599e+02
      vertex   1.137212e+02 1.039637e+02 1.992599e+02
      vertex   1.139735e+02 1.084637e+02 1.992084e+02
    endloop
  endfacet
  facet normal 2.000257e-01 0.000000e+00 9.797907e-01
    outer loop
      vertex   1.139735e+02 1.084637e+02 1.992084e+02
      vertex   1.137212e+02 1.039637e+02 1.992599e+02
      vertex   1.139735e+02 1.039637e+02 1.992084e+02
    endloop
  endfacet
  facet normal 4.026594e-02 0.000000e+00 9.991890e-01
    outer loop
      vertex   1.139735e+02 1.084637e+02 1.992084e+02
      vertex   1.139735e+02 1.039637e+02 1.992084e+02
      vertex   1.142308e+02 1.084637e+02 1.991981e+02
    endloop
  endfacet
  facet normal 4.026594e-02 0.000000e+00 9.991890e-01
    outer loop
      vertex   1.142308e+02 1.084637e+02 1.991981e+02
      vertex   1.139735e+02 1.039637e+02 1.992084e+02
      vertex   1.142308e+02 1.039637e+02 1.991981e+02
    endloop
  endfacet
  facet normal -1.205367e-01 0.000000e+00 9.927089e-01
    outer loop
      vertex   1.142308e+02 1.084637e+02 1.991981e+02
      vertex   1.142308e+02 1.039637e+02 1.991981e+02
      vertex   1.144864e+02 1.084637e+02 1.992291e+02
    endloop
  endfacet
  facet normal -1.205367e-01 7.613019e-16 9.927089e-01
    outer loop
      vertex   1.144864e+02 1.084637e+02 1.992291e+02
      vertex   1.142308e+02 1.039637e+02 1.991981e+02
      vertex   1.144864e+02 1.039637e+02 1.992291e+02
    endloop
  endfacet
  facet normal -2.782175e-01 1.757204e-15 9.605181e-01
    outer loop
      vertex   1.144864e+02 1.084637e+02 1.992291e+02
      vertex   1.144864e+02 1.039637e+02 1.992291e+02
      vertex   1.147337e+02 1.084637e+02 1.993007e+02
    endloop
  endfacet
  facet normal -2.782175e-01 8.786018e-16 9.605181e-01
    outer loop
      vertex   1.147337e+02 1.084637e+02 1.993007e+02
      vertex   1.144864e+02 1.039637e+02 1.992291e+02
      vertex   1.147337e+02 1.039637e+02 1.993007e+02
    endloop
  endfacet
  facet normal -4.286926e-01 1.353797e-15 9.034504e-01
    outer loop
      vertex   1.147337e+02 1.084637e+02 1.993007e+02
      vertex   1.147337e+02 1.039637e+02 1.993007e+02
      vertex   1.149663e+02 1.084637e+02 1.994111e+02
    endloop
  endfacet
  facet normal -4.286926e-01 0.000000e+00 9.034504e-01
    outer loop
      vertex   1.149663e+02 1.084637e+02 1.994111e+02
      vertex   1.147337e+02 1.039637e+02 1.993007e+02
      vertex   1.149663e+02 1.039637e+02 1.994111e+02
    endloop
  endfacet
  facet normal -5.680647e-01 0.000000e+00 8.229839e-01
    outer loop
      vertex   1.149663e+02 1.084637e+02 1.994111e+02
      vertex   1.149663e+02 1.039637e+02 1.994111e+02
      vertex   1.151783e+02 1.084637e+02 1.995574e+02
    endloop
  endfacet
  facet normal -5.680647e-01 0.000000e+00 8.229839e-01
    outer loop
      vertex   1.151783e+02 1.084637e+02 1.995574e+02
      vertex   1.149663e+02 1.039637e+02 1.994111e+02
      vertex   1.151783e+02 1.039637e+02 1.995574e+02
    endloop
  endfacet
  facet normal -6.927244e-01 0.000000e+00 7.212024e-01
    outer loop
      vertex   1.151783e+02 1.084637e+02 1.995574e+02
      vertex   1.151783e+02 1.039637e+02 1.995574e+02
      vertex   1.153640e+02 1.084637e+02 1.997358e+02
    endloop
  endfacet
  facet normal -6.927244e-01 0.000000e+00 7.212024e-01
    outer loop
      vertex   1.153640e+02 1.084637e+02 1.997358e+02
      vertex   1.151783e+02 1.039637e+02 1.995574e+02
      vertex   1.153640e+02 1.039637e+02 1.997358e+02
    endloop
  endfacet
  facet normal -7.994428e-01 0.000000e+00 6.007423e-01
    outer loop
      vertex   1.153640e+02 1.084637e+02 1.997358e+02
      vertex   1.153640e+02 1.039637e+02 1.997358e+02
      vertex   1.155186e+02 1.084637e+02 1.999416e+02
    endloop
  endfacet
  facet normal -7.994428e-01 2.524614e-15 6.007423e-01
    outer loop
      vertex   1.155186e+02 1.084637e+02 1.999416e+02
      vertex   1.153640e+02 1.039637e+02 1.997358e+02
      vertex   1.155186e+02 1.039637e+02 1.999416e+02
    endloop
  endfacet
  facet normal -8.854560e-01 2.796242e-15 4.647232e-01
    outer loop
      vertex   1.155186e+02 1.084637e+02 1.999416e+02
      vertex   1.155186e+02 1.039637e+02 1.999416e+02
      vertex   1.156383e+02 1.084637e+02 2.001696e+02
    endloop
  endfacet
  facet normal -8.854560e-01 0.000000e+00 4.647232e-01
    outer loop
      vertex   1.156383e+02 1.084637e+02 2.001696e+02
      vertex   1.155186e+02 1.039637e+02 1.999416e+02
      vertex   1.156383e+02 1.039637e+02 2.001696e+02
    endloop
  endfacet
  facet normal -9.485364e-01 0.000000e+00 3.166680e-01
    outer loop
      vertex   1.156383e+02 1.084637e+02 2.001696e+02
      vertex   1.156383e+02 1.039637e+02 2.001696e+02
      vertex   1.157198e+02 1.084637e+02 2.004139e+02
    endloop
  endfacet
  facet normal -9.485364e-01 0.000000e+00 3.166680e-01
    outer loop
      vertex   1.157198e+02 1.084637e+02 2.004139e+02
      vertex   1.156383e+02 1.039637e+02 2.001696e+02
      vertex   1.157198e+02 1.039637e+02 2.004139e+02
    endloop
  endfacet
  facet normal -9.870503e-01 0.000000e+00 1.604113e-01
    outer loop
      vertex   1.157198e+02 1.084637e+02 2.004139e+02
      vertex   1.157198e+02 1.039637e+02 2.004139e+02
      vertex   1.157612e+02 1.084637e+02 2.006680e+02
    endloop
  endfacet
  facet normal -9.870503e-01 0.000000e+00 1.604113e-01
    outer loop
      vertex   1.157612e+02 1.084637e+02 2.006680e+02
      vertex   1.157198e+02 1.039637e+02 2.004139e+02
      vertex   1.157612e+02 1.039637e+02 2.006680e+02
    endloop
  endfacet
  facet normal -1.000000e+00 0.000000e+00 0.000000e+00
    outer loop
      vertex   1.157612e+02 1.084637e+02 2.006680e+02
      vertex   1.157612e+02 1.039637e+02 2.006680e+02
      vertex   1.157612e+02 1.084637e+02 2.009255e+02
    endloop
  endfacet
  facet normal -1.000000e+00 -0.000000e+00 0.000000e+00
    outer loop
      vertex   1.157612e+02 1.084637e+02 2.009255e+02
      vertex   1.157612e+02 1.039637e+02 2.006680e+02
      vertex   1.157612e+02 1.039637e+02 2.009255e+02
    endloop
  endfacet
  facet normal -9.870503e-01 -0.000000e+00 -1.604113e-01
    outer loop
      vertex   1.157612e+02 1.084637e+02 2.009255e+02
      vertex   1.157612e+02 1.039637e+02 2.009255e+02
      vertex   1.157198e+02 1.084637e+02 2.011797e+02
    endloop
  endfacet
  facet normal -9.870503e-01 -0.000000e+00 -1.604113e-01
    outer loop
      vertex   1.157198e+02 1.084637e+02 2.011797e+02
      vertex   1.157612e+02 1.039637e+02 2.009255e+02
      vertex   1.157198e+02 1.039637e+02 2.011797e+02
    endloop
  endfacet
  facet normal -9.485364e-01 -0.000000e+00 -3.166680e-01
    outer loop
      vertex   1.157198e+02 1.084637e+02 2.011797e+02
      vertex   1.157198e+02 1.039637e+02 2.011797e+02
      vertex   1.156383e+02 1.084637e+02 2.014239e+02
    endloop
  endfacet
  facet normal -9.485364e-01 -0.000000e+00 -3.166680e-01
    outer loop
      vertex   1.156383e+02 1.084637e+02 2.014239e+02
      vertex   1.157198e+02 1.039637e+02 2.011797e+02
      vertex   1.156383e+02 1.039637e+02 2.014239e+02
    endloop
  endfacet
  facet normal -8.854560e-01 -0.000000e+00 -4.647232e-01
    outer loop
      vertex   1.156383e+02 1.084637e+02 2.014239e+02
      vertex   1.156383e+02 1.039637e+02 2.014239e+02
      vertex   1.155186e+02 1.084637e+02 2.016519e+02
    endloop
  endfacet
  facet normal -8.854560e-01 -0.000000e+00 -4.647232e-01
    outer loop
      vertex   1.155186e+02 1.084637e+02 2.016519e+02
      vertex   1.156383e+02 1.039637e+02 2.014239e+02
      vertex   1.155186e+02 1.039637e+02 2.016519e+02
    endloop
  endfacet
  facet normal -7.994428e-01 -0.000000e+00 -6.007423e-01
    outer loop
      vertex   1.155186e+02 1.084637e+02 2.016519e+02
      vertex   1.155186e+02 1.039637e+02 2.016519e+02
      vertex   1.153640e+02 1.084637e+02 2.018578e+02
    endloop
  endfacet
  facet normal -7.994428e-01 -0.000000e+00 -6.007423e-01
    outer loop
      vertex   1.153640e+02 1.084637e+02 2.018578e+02
      vertex   1.155186e+02 1.039637e+02 2.016519e+02
      vertex   1.153640e+02 1.039637e+02 2.018578e+02
    endloop
  endfacet
  facet normal -6.927244e-01 -0.000000e+00 -7.212024e-01
    outer loop
      vertex   1.153640e+02 1.084637e+02 2.018578e+02
      vertex   1.153640e+02 1.039637e+02 2.018578e+02
      vertex   1.151783e+02 1.084637e+02 2.020361e+02
    endloop
  endfacet
  facet normal -6.927244e-01 -0.000000e+00 -7.212024e-01
    outer loop
      vertex   1.151783e+02 1.084637e+02 2.020361e+02
      vertex   1.153640e+02 1.039637e+02 2.018578e+02
      vertex   1.151783e+02 1.039637e+02 2.020361e+02
    endloop
  endfacet
  facet normal -5.680647e-01 -0.000000e+00 -8.229839e-01
    outer loop
      vertex   1.151783e+02 1.084637e+02 2.020361e+02
      vertex   1.151783e+02 1.039637e+02 2.020361e+02
      vertex   1.149663e+02 1.084637e+02 2.021824e+02
    endloop
  endfacet
  facet normal -5.680647e-01 -0.000000e+00 -8.229839e-01
    outer loop
      vertex   1.149663e+02 1.084637e+02 2.021824e+02
      vertex   1.151783e+02 1.039637e+02 2.020361e+02
      vertex   1.149663e+02 1.039637e+02 2.021824e+02
    endloop
  endfacet
  facet normal -4.286926e-01 -0.000000e+00 -9.034504e-01
    outer loop
      vertex   1.149663e+02 1.084637e+02 2.021824e+02
      vertex   1.149663e+02 1.039637e+02 2.021824e+02
      vertex   1.147337e+02 1.084637e+02 2.022928e+02
    endloop
  endfacet
  facet normal -4.286926e-01 -0.000000e+00 -9.034504e-01
    outer loop
      vertex   1.147337e+02 1.084637e+02 2.022928e+02
      vertex   1.149663e+02 1.039637e+02 2.021824e+02
      vertex   1.147337e+02 1.039637e+02 2.022928e+02
    endloop
  endfacet
  facet normal -2.782175e-01 -0.000000e+00 -9.605181e-01
    outer loop
      vertex   1.147337e+02 1.084637e+02 2.022928e+02
      vertex   1.147337e+02 1.039637e+02 2.022928e+02
      vertex   1.144864e+02 1.084637e+02 2.023644e+02
    endloop
  endfacet
  facet normal -2.782175e-01 -0.000000e+00 -9.605181e-01
    outer loop
      vertex   1.144864e+02 1.084637e+02 2.023644e+02
      vertex   1.147337e+02 1.039637e+02 2.022928e+02
      vertex   1.144864e+02 1.039637e+02 2.023644e+02
    endloop
  endfacet
  facet normal -1.205367e-01 -0.000000e+00 -9.927089e-01
    outer loop
      vertex   1.144864e+02 1.084637e+02 2.023644e+02
      vertex   1.144864e+02 1.039637e+02 2.023644e+02
      vertex   1.142308e+02 1.084637e+02 2.023955e+02
    endloop
  endfacet
  facet normal -1.205367e-01 -0.000000e+00 -9.927089e-01
    outer loop
      vertex   1.142308e+02 1.084637e+02 2.023955e+02
      vertex   1.144864e+02 1.039637e+02 2.023644e+02
      vertex   1.142308e+02 1.039637e+02 2.023955e+02
    endloop
  endfacet
  facet normal 4.026594e-02 0.000000e+00 -9.991890e-01
    outer loop
      vertex   1.142308e+02 1.084637e+02 2.023955e+02
      vertex   1.142308e+02 1.039637e+02 2.023955e+02
      vertex   1.139735e+02 1.084637e+02 2.023851e+02
    endloop
  endfacet
  facet normal 4.026594e-02 0.000000e+00 -9.991890e-01
    outer loop
      vertex   1.139735e+02 1.084637e+02 2.023851e+02
      vertex   1.142308e+02 1.039637e+02 2.023955e+02
      vertex   1.139735e+02 1.039637e+02 2.023851e+02
    endloop
  endfacet
  facet normal 2.000257e-01 0.000000e+00 -9.797907e-01
    outer loop
      vertex   1.139735e+02 1.084637e+02 2.023851e+02
      vertex   1.139735e+02 1.039637e+02 2.023851e+02
      vertex   1.137212e+02 1.084637e+02 2.023336e+02
    endloop
  endfacet
  facet normal 2.000257e-01 0.000000e+00 -9.797907e-01
    outer loop
      vertex   1.137212e+02 1.084637e+02 2.023336e+02
      vertex   1.139735e+02 1.039637e+02 2.023851e+02
      vertex   1.137212e+02 1.039637e+02 2.023336e+02
    endloop
  endfacet
  facet normal 3.546049e-01 0.000000e+00 -9.350162e-01
    outer loop
      vertex   1.137212e+02 1.084637e+02 2.023336e+02
      vertex   1.137212e+02 1.039637e+02 2.023336e+02
      vertex   1.134804e+02 1.084637e+02 2.022423e+02
    endloop
  endfacet
  facet normal 3.546049e-01 0.000000e+00 -9.350162e-01
    outer loop
      vertex   1.134804e+02 1.084637e+02 2.022423e+02
      vertex   1.137212e+02 1.039637e+02 2.023336e+02
      vertex   1.134804e+02 1.039637e+02 2.022423e+02
    endloop
  endfacet
  facet normal 5.000000e-01 0.000000e+00 -8.660254e-01
    outer loop
      vertex   1.134804e+02 1.084637e+02 2.022423e+02
      vertex   1.134804e+02 1.039637e+02 2.022423e+02
      vertex   1.132574e+02 1.084637e+02 2.021135e+02
    endloop
  endfacet
  facet normal 5.000000e-01 0.000000e+00 -8.660254e-01
    outer loop
      vertex   1.132574e+02 1.084637e+02 2.021135e+02
      vertex   1.134804e+02 1.039637e+02 2.022423e+02
      vertex   1.132574e+02 1.039637e+02 2.021135e+02
    endloop
  endfacet
  facet normal 6.324454e-01 0.000000e+00 -7.746050e-01
    outer loop
      vertex   1.132574e+02 1.084637e+02 2.021135e+02
      vertex   1.132574e+02 1.039637e+02 2.021135e+02
      vertex   1.130580e+02 1.084637e+02 2.019507e+02
    endloop
  endfacet
  facet normal 6.324454e-01 0.000000e+00 -7.746050e-01
    outer loop
      vertex   1.130580e+02 1.084637e+02 2.019507e+02
      vertex   1.132574e+02 1.039637e+02 2.021135e+02
      vertex   1.130580e+02 1.039637e+02 2.019507e+02
    endloop
  endfacet
  facet normal 7.485107e-01 0.000000e+00 -6.631227e-01
    outer loop
      vertex   1.130580e+02 1.084637e+02 2.019507e+02
      vertex   1.130580e+02 1.039637e+02 2.019507e+02
      vertex   1.128872e+02 1.084637e+02 2.017579e+02
    endloop
  endfacet
  facet normal 7.485107e-01 0.000000e+00 -6.631227e-01
    outer loop
      vertex   1.128872e+02 1.084637e+02 2.017579e+02
      vertex   1.130580e+02 1.039637e+02 2.019507e+02
      vertex   1.128872e+02 1.039637e+02 2.017579e+02
    endloop
  endfacet
  facet normal 8.451901e-01 0.000000e+00 -5.344658e-01
    outer loop
      vertex   1.128872e+02 1.084637e+02 2.017579e+02
      vertex   1.128872e+02 1.039637e+02 2.017579e+02
      vertex   1.127496e+02 1.084637e+02 2.015403e+02
    endloop
  endfacet
  facet normal 8.451901e-01 -3.375652e-15 -5.344658e-01
    outer loop
      vertex   1.127496e+02 1.084637e+02 2.015403e+02
      vertex   1.128872e+02 1.039637e+02 2.017579e+02
      vertex   1.127496e+02 1.039637e+02 2.015403e+02
    endloop
  endfacet
  facet normal 9.199794e-01 -2.475636e-15 -3.919666e-01
    outer loop
      vertex   1.127496e+02 1.084637e+02 2.015403e+02
      vertex   1.127496e+02 1.039637e+02 2.015403e+02
      vertex   1.126487e+02 1.084637e+02 2.013034e+02
    endloop
  endfacet
  facet normal 9.199794e-01 0.000000e+00 -3.919666e-01
    outer loop
      vertex   1.126487e+02 1.084637e+02 2.013034e+02
      vertex   1.127496e+02 1.039637e+02 2.015403e+02
      vertex   1.126487e+02 1.039637e+02 2.013034e+02
    endloop
  endfacet
  facet normal 9.709418e-01 0.000000e+00 -2.393157e-01
    outer loop
      vertex   1.126487e+02 1.084637e+02 2.013034e+02
      vertex   1.126487e+02 1.039637e+02 2.013034e+02
      vertex   1.125871e+02 1.084637e+02 2.010534e+02
    endloop
  endfacet
  facet normal 9.709418e-01 0.000000e+00 -2.393157e-01
    outer loop
      vertex   1.125871e+02 1.084637e+02 2.010534e+02
      vertex   1.126487e+02 1.039637e+02 2.013034e+02
      vertex   1.125871e+02 1.039637e+02 2.010534e+02
    endloop
  endfacet
  facet normal -1.000000e+00 0.000000e+00 0.000000e+00
    outer loop
      vertex   1.193163e+02 9.896374e+01 1.956468e+02
      vertex   1.193163e+02 9.896374e+01 2.059468e+02
      vertex   1.193163e+02 1.039637e+02 1.956468e+02
    endloop
  endfacet
  facet normal -1.000000e+00 0.000000e+00 0.000000e+00
    outer loop
      vertex   1.193163e+02 1.039637e+02 1.956468e+02
      vertex   1.193163e+02 9.896374e+01 2.059468e+02
      vertex   1.193163e+02 1.039637e+02 2.059468e+02
    endloop
  endfacet
  facet normal 0.000000e+00 0.000000e+00 -1.000000e+00
    outer loop
      vertex   1.611004e+02 9.896374e+01 1.634077e+02
      vertex   1.508004e+02 9.896374e+01 1.634077e+02
      vertex   1.611004e+02 1.039637e+02 1.634077e+02
    endloop
  endfacet
  facet normal -0.000000e+00 0.000000e+00 -1.000000e+00
    outer loop
      vertex   1.611004e+02 1.039637e+02 1.634077e+02
      vertex   1.508004e+02 9.896374e+01 1.634077e+02
      vertex   1.508004e+02 1.039637e+02 1.634077e+02
    endloop
  endfacet
  facet normal 9.967573e-01 0.000000e+00 -8.046657e-02
    outer loop
      vertex   1.543712e+02 1.084637e+02 1.585143e+02
      vertex   1.543712e+02 1.039637e+02 1.585143e+02
      vertex   1.543504e+02 1.084637e+02 1.582577e+02
    endloop
  endfacet
  facet normal 9.967573e-01 0.000000e+00 -8.046657e-02
    outer loop
      vertex   1.543504e+02 1.084637e+02 1.582577e+02
      vertex   1.543712e+02 1.039637e+02 1.585143e+02
      vertex   1.543504e+02 1.039637e+02 1.582577e+02
    endloop
  endfacet
  facet normal 9.967573e-01 0.000000e+00 8.046657e-02
    outer loop
      vertex   1.543504e+02 1.084637e+02 1.582577e+02
      vertex   1.543504e+02 1.039637e+02 1.582577e+02
      vertex   1.543712e+02 1.084637e+02 1.580010e+02
    endloop
  endfacet
  facet normal 9.967573e-01 0.000000e+00 8.046657e-02
    outer loop
      vertex   1.543712e+02 1.084637e+02 1.580010e+02
      vertex   1.543504e+02 1.039637e+02 1.582577e+02
      vertex   1.543712e+02 1.039637e+02 1.580010e+02
    endloop
  endfacet
  facet normal 9.709418e-01 0.000000e+00 2.393157e-01
    outer loop
      vertex   1.543712e+02 1.084637e+02 1.580010e+02
      vertex   1.543712e+02 1.039637e+02 1.580010e+02
      vertex   1.544328e+02 1.084637e+02 1.577510e+02
    endloop
  endfacet
  facet normal 9.709418e-01 1.511502e-15 2.393157e-01
    outer loop
      vertex   1.544328e+02 1.084637e+02 1.577510e+02
      vertex   1.543712e+02 1.039637e+02 1.580010e+02
      vertex   1.544328e+02 1.039637e+02 1.577510e+02
    endloop
  endfacet
  facet normal 9.199794e-01 2.475636e-15 3.919666e-01
    outer loop
      vertex   1.544328e+02 1.084637e+02 1.577510e+02
      vertex   1.544328e+02 1.039637e+02 1.577510e+02
      vertex   1.545337e+02 1.084637e+02 1.575141e+02
    endloop
  endfacet
  facet normal 9.199794e-01 0.000000e+00 3.919666e-01
    outer loop
      vertex   1.545337e+02 1.084637e+02 1.575141e+02
      vertex   1.544328e+02 1.039637e+02 1.577510e+02
      vertex   1.545337e+02 1.039637e+02 1.575141e+02
    endloop
  endfacet
  facet normal 8.451901e-01 0.000000e+00 5.344658e-01
    outer loop
      vertex   1.545337e+02 1.084637e+02 1.575141e+02
      vertex   1.545337e+02 1.039637e+02 1.575141e+02
      vertex   1.546713e+02 1.084637e+02 1.572965e+02
    endloop
  endfacet
  facet normal 8.451901e-01 0.000000e+00 5.344658e-01
    outer loop
      vertex   1.546713e+02 1.084637e+02 1.572965e+02
      vertex   1.545337e+02 1.039637e+02 1.575141e+02
      vertex   1.546713e+02 1.039637e+02 1.572965e+02
    endloop
  endfacet
  facet normal 7.485107e-01 0.000000e+00 6.631227e-01
    outer loop
      vertex   1.546713e+02 1.084637e+02 1.572965e+02
      vertex   1.546713e+02 1.039637e+02 1.572965e+02
      vertex   1.548421e+02 1.084637e+02 1.571037e+02
    endloop
  endfacet
  facet normal 7.485107e-01 0.000000e+00 6.631227e-01
    outer loop
      vertex   1.548421e+02 1.084637e+02 1.571037e+02
      vertex   1.546713e+02 1.039637e+02 1.572965e+02
      vertex   1.548421e+02 1.039637e+02 1.571037e+02
    endloop
  endfacet
  facet normal 6.324454e-01 0.000000e+00 7.746050e-01
    outer loop
      vertex   1.548421e+02 1.084637e+02 1.571037e+02
      vertex   1.548421e+02 1.039637e+02 1.571037e+02
      vertex   1.550415e+02 1.084637e+02 1.569409e+02
    endloop
  endfacet
  facet normal 6.324454e-01 0.000000e+00 7.746050e-01
    outer loop
      vertex   1.550415e+02 1.084637e+02 1.569409e+02
      vertex   1.548421e+02 1.039637e+02 1.571037e+02
      vertex   1.550415e+02 1.039637e+02 1.569409e+02
    endloop
  endfacet
  facet normal 5.000000e-01 0.000000e+00 8.660254e-01
    outer loop
      vertex   1.550415e+02 1.084637e+02 1.569409e+02
      vertex   1.550415e+02 1.039637e+02 1.569409e+02
      vertex   1.552645e+02 1.084637e+02 1.568121e+02
    endloop
  endfacet
  facet normal 5.000000e-01 0.000000e+00 8.660254e-01
    outer loop
      vertex   1.552645e+02 1.084637e+02 1.568121e+02
      vertex   1.550415e+02 1.039637e+02 1.569409e+02
      vertex   1.552645e+02 1.039637e+02 1.568121e+02
    endloop
  endfacet
  facet normal 3.546049e-01 0.000000e+00 9.350162e-01
    outer loop
      vertex   1.552645e+02 1.084637e+02 1.568121e+02
      vertex   1.552645e+02 1.039637e+02 1.568121e+02
      vertex   1.555053e+02 1.084637e+02 1.567208e+02
    endloop
  endfacet
  facet normal 3.546049e-01 0.000000e+00 9.350162e-01
    outer loop
      vertex   1.555053e+02 1.084637e+02 1.567208e+02
      vertex   1.552645e+02 1.039637e+02 1.568121e+02
      vertex   1.555053e+02 1.039637e+02 1.567208e+02
    endloop
  endfacet
  facet normal 2.000257e-01 0.000000e+00 9.797907e-01
    outer loop
      vertex   1.555053e+02 1.084637e+02 1.567208e+02
      vertex   1.555053e+02 1.039637e+02 1.567208e+02
      vertex   1.557576e+02 1.084637e+02 1.566693e+02
    endloop
  endfacet
  facet normal 2.000257e-01 0.000000e+00 9.797907e-01
    outer loop
      vertex   1.557576e+02 1.084637e+02 1.566693e+02
      vertex   1.555053e+02 1.039637e+02 1.567208e+02
      vertex   1.557576e+02 1.039637e+02 1.566693e+02
    endloop
  endfacet
  facet normal 4.026594e-02 0.000000e+00 9.991890e-01
    outer loop
      vertex   1.557576e+02 1.084637e+02 1.566693e+02
      vertex   1.557576e+02 1.039637e+02 1.566693e+02
      vertex   1.560149e+02 1.084637e+02 1.566590e+02
    endloop
  endfacet
  facet normal 4.026594e-02 0.000000e+00 9.991890e-01
    outer loop
      vertex   1.560149e+02 1.084637e+02 1.566590e+02
      vertex   1.557576e+02 1.039637e+02 1.566693e+02
      vertex   1.560149e+02 1.039637e+02 1.566590e+02
    endloop
  endfacet
  facet normal -1.205367e-01 0.000000e+00 9.927089e-01
    outer loop
      vertex   1.560149e+02 1.084637e+02 1.566590e+02
      vertex   1.560149e+02 1.039637e+02 1.566590e+02
      vertex   1.562705e+02 1.084637e+02 1.566900e+02
    endloop
  endfacet
  facet normal -1.205367e-01 7.613019e-16 9.927089e-01
    outer loop
      vertex   1.562705e+02 1.084637e+02 1.566900e+02
      vertex   1.560149e+02 1.039637e+02 1.566590e+02
      vertex   1.562705e+02 1.039637e+02 1.566900e+02
    endloop
  endfacet
  facet normal -2.782175e-01 1.757204e-15 9.605181e-01
    outer loop
      vertex   1.562705e+02 1.084637e+02 1.566900e+02
      vertex   1.562705e+02 1.039637e+02 1.566900e+02
      vertex   1.565178e+02 1.084637e+02 1.567616e+02
    endloop
  endfacet
  facet normal -2.782175e-01 0.000000e+00 9.605181e-01
    outer loop
      vertex   1.565178e+02 1.084637e+02 1.567616e+02
      vertex   1.562705e+02 1.039637e+02 1.566900e+02
      vertex   1.565178e+02 1.039637e+02 1.567616e+02
    endloop
  endfacet
  facet normal -4.286926e-01 0.000000e+00 9.034504e-01
    outer loop
      vertex   1.565178e+02 1.084637e+02 1.567616e+02
      vertex   1.565178e+02 1.039637e+02 1.567616e+02
      vertex   1.567504e+02 1.084637e+02 1.568720e+02
    endloop
  endfacet
  facet normal -4.286926e-01 0.000000e+00 9.034504e-01
    outer loop
      vertex   1.567504e+02 1.084637e+02 1.568720e+02
      vertex   1.565178e+02 1.039637e+02 1.567616e+02
      vertex   1.567504e+02 1.039637e+02 1.568720e+02
    endloop
  endfacet
  facet normal -5.680647e-01 0.000000e+00 8.229839e-01
    outer loop
      vertex   1.567504e+02 1.084637e+02 1.568720e+02
      vertex   1.567504e+02 1.039637e+02 1.568720e+02
      vertex   1.569624e+02 1.084637e+02 1.570183e+02
    endloop
  endfacet
  facet normal -5.680647e-01 0.000000e+00 8.229839e-01
    outer loop
      vertex   1.569624e+02 1.084637e+02 1.570183e+02
      vertex   1.567504e+02 1.039637e+02 1.568720e+02
      vertex   1.569624e+02 1.039637e+02 1.570183e+02
    endloop
  endfacet
  facet normal -6.927244e-01 0.000000e+00 7.212024e-01
    outer loop
      vertex   1.569624e+02 1.084637e+02 1.570183e+02
      vertex   1.569624e+02 1.039637e+02 1.570183e+02
      vertex   1.571481e+02 1.084637e+02 1.571967e+02
    endloop
  endfacet
  facet normal -6.927244e-01 0.000000e+00 7.212024e-01
    outer loop
      vertex   1.571481e+02 1.084637e+02 1.571967e+02
      vertex   1.569624e+02 1.039637e+02 1.570183e+02
      vertex   1.571481e+02 1.039637e+02 1.571967e+02
    endloop
  endfacet
  facet normal -7.994428e-01 0.000000e+00 6.007423e-01
    outer loop
      vertex   1.571481e+02 1.084637e+02 1.571967e+02
      vertex   1.571481e+02 1.039637e+02 1.571967e+02
      vertex   1.573028e+02 1.084637e+02 1.574025e+02
    endloop
  endfacet
  facet normal -7.994428e-01 1.254980e-15 6.007423e-01
    outer loop
      vertex   1.573028e+02 1.084637e+02 1.574025e+02
      vertex   1.571481e+02 1.039637e+02 1.571967e+02
      vertex   1.573028e+02 1.039637e+02 1.574025e+02
    endloop
  endfacet
  facet normal -8.854560e-01 2.657322e-15 4.647232e-01
    outer loop
      vertex   1.573028e+02 1.084637e+02 1.574025e+02
      vertex   1.573028e+02 1.039637e+02 1.574025e+02
      vertex   1.574224e+02 1.084637e+02 1.576305e+02
    endloop
  endfacet
  facet normal -8.854560e-01 0.000000e+00 4.647232e-01
    outer loop
      vertex   1.574224e+02 1.084637e+02 1.576305e+02
      vertex   1.573028e+02 1.039637e+02 1.574025e+02
      vertex   1.574224e+02 1.039637e+02 1.576305e+02
    endloop
  endfacet
  facet normal -9.485364e-01 0.000000e+00 3.166680e-01
    outer loop
      vertex   1.574224e+02 1.084637e+02 1.576305e+02
      vertex   1.574224e+02 1.039637e+02 1.576305e+02
      vertex   1.575040e+02 1.084637e+02 1.578747e+02
    endloop
  endfacet
  facet normal -9.485364e-01 0.000000e+00 3.166680e-01
    outer loop
      vertex   1.575040e+02 1.084637e+02 1.578747e+02
      vertex   1.574224e+02 1.039637e+02 1.576305e+02
      vertex   1.575040e+02 1.039637e+02 1.578747e+02
    endloop
  endfacet
  facet normal -9.870503e-01 0.000000e+00 1.604113e-01
    outer loop
      vertex   1.575040e+02 1.084637e+02 1.578747e+02
      vertex   1.575040e+02 1.039637e+02 1.578747e+02
      vertex   1.575453e+02 1.084637e+02 1.581289e+02
    endloop
  endfacet
  facet normal -9.870503e-01 0.000000e+00 1.604113e-01
    outer loop
      vertex   1.575453e+02 1.084637e+02 1.581289e+02
      vertex   1.575040e+02 1.039637e+02 1.578747e+02
      vertex   1.575453e+02 1.039637e+02 1.581289e+02
    endloop
  endfacet
  facet normal -1.000000e+00 0.000000e+00 0.000000e+00
    outer loop
      vertex   1.575453e+02 1.084637e+02 1.581289e+02
      vertex   1.575453e+02 1.039637e+02 1.581289e+02
      vertex   1.575453e+02 1.084637e+02 1.583864e+02
    endloop
  endfacet
  facet normal -1.000000e+00 -0.000000e+00 0.000000e+00
    outer loop
      vertex   1.575453e+02 1.084637e+02 1.583864e+02
      vertex   1.575453e+02 1.039637e+02 1.581289e+02
      vertex   1.575453e+02 1.039637e+02 1.583864e+02
    endloop
  endfacet
  facet normal -9.870503e-01 -0.000000e+00 -1.604113e-01
    outer loop
      vertex   1.575453e+02 1.084637e+02 1.583864e+02
      vertex   1.575453e+02 1.039637e+02 1.583864e+02
      vertex   1.575040e+02 1.084637e+02 1.586406e+02
    endloop
  endfacet
  facet normal -9.870503e-01 1.013147e-15 -1.604113e-01
    outer loop
      vertex   1.575040e+02 1.084637e+02 1.586406e+02
      vertex   1.575453e+02 1.039637e+02 1.583864e+02
      vertex   1.575040e+02 1.039637e+02 1.586406e+02
    endloop
  endfacet
  facet normal -9.485364e-01 2.000055e-15 -3.166680e-01
    outer loop
      vertex   1.575040e+02 1.084637e+02 1.586406e+02
      vertex   1.575040e+02 1.039637e+02 1.586406e+02
      vertex   1.574224e+02 1.084637e+02 1.588848e+02
    endloop
  endfacet
  facet normal -9.485364e-01 -0.000000e+00 -3.166680e-01
    outer loop
      vertex   1.574224e+02 1.084637e+02 1.588848e+02
      vertex   1.575040e+02 1.039637e+02 1.586406e+02
      vertex   1.574224e+02 1.039637e+02 1.588848e+02
    endloop
  endfacet
  facet normal -8.854560e-01 -0.000000e+00 -4.647232e-01
    outer loop
      vertex   1.574224e+02 1.084637e+02 1.588848e+02
      vertex   1.574224e+02 1.039637e+02 1.588848e+02
      vertex   1.573028e+02 1.084637e+02 1.591128e+02
    endloop
  endfacet
  facet normal -8.854560e-01 -0.000000e+00 -4.647232e-01
    outer loop
      vertex   1.573028e+02 1.084637e+02 1.591128e+02
      vertex   1.574224e+02 1.039637e+02 1.588848e+02
      vertex   1.573028e+02 1.039637e+02 1.591128e+02
    endloop
  endfacet
  facet normal -7.994428e-01 -0.000000e+00 -6.007423e-01
    outer loop
      vertex   1.573028e+02 1.084637e+02 1.591128e+02
      vertex   1.573028e+02 1.039637e+02 1.591128e+02
      vertex   1.571481e+02 1.084637e+02 1.593187e+02
    endloop
  endfacet
  facet normal -7.994428e-01 -0.000000e+00 -6.007423e-01
    outer loop
      vertex   1.571481e+02 1.084637e+02 1.593187e+02
      vertex   1.573028e+02 1.039637e+02 1.591128e+02
      vertex   1.571481e+02 1.039637e+02 1.593187e+02
    endloop
  endfacet
  facet normal -6.927244e-01 -0.000000e+00 -7.212024e-01
    outer loop
      vertex   1.571481e+02 1.084637e+02 1.593187e+02
      vertex   1.571481e+02 1.039637e+02 1.593187e+02
      vertex   1.569624e+02 1.084637e+02 1.594970e+02
    endloop
  endfacet
  facet normal -6.927244e-01 -0.000000e+00 -7.212024e-01
    outer loop
      vertex   1.569624e+02 1.084637e+02 1.594970e+02
      vertex   1.571481e+02 1.039637e+02 1.593187e+02
      vertex   1.569624e+02 1.039637e+02 1.594970e+02
    endloop
  endfacet
  facet normal -5.680647e-01 -0.000000e+00 -8.229839e-01
    outer loop
      vertex   1.569624e+02 1.084637e+02 1.594970e+02
      vertex   1.569624e+02 1.039637e+02 1.594970e+02
      vertex   1.567504e+02 1.084637e+02 1.596433e+02
    endloop
  endfacet
  facet normal -5.680647e-01 -0.000000e+00 -8.229839e-01
    outer loop
      vertex   1.567504e+02 1.084637e+02 1.596433e+02
      vertex   1.569624e+02 1.039637e+02 1.594970e+02
      vertex   1.567504e+02 1.039637e+02 1.596433e+02
    endloop
  endfacet
  facet normal -4.286926e-01 -0.000000e+00 -9.034504e-01
    outer loop
      vertex   1.567504e+02 1.084637e+02 1.596433e+02
      vertex   1.567504e+02 1.039637e+02 1.596433e+02
      vertex   1.565178e+02 1.084637e+02 1.597537e+02
    endloop
  endfacet
  facet normal -4.286926e-01 -0.000000e+00 -9.034504e-01
    outer loop
      vertex   1.565178e+02 1.084637e+02 1.597537e+02
      vertex   1.567504e+02 1.039637e+02 1.596433e+02
      vertex   1.565178e+02 1.039637e+02 1.597537e+02
    endloop
  endfacet
  facet normal -2.782175e-01 -0.000000e+00 -9.605181e-01
    outer loop
      vertex   1.565178e+02 1.084637e+02 1.597537e+02
      vertex   1.565178e+02 1.039637e+02 1.597537e+02
      vertex   1.562705e+02 1.084637e+02 1.598253e+02
    endloop
  endfacet
  facet normal -2.782175e-01 -0.000000e+00 -9.605181e-01
    outer loop
      vertex   1.562705e+02 1.084637e+02 1.598253e+02
      vertex   1.565178e+02 1.039637e+02 1.597537e+02
      vertex   1.562705e+02 1.039637e+02 1.598253e+02
    endloop
  endfacet
  facet normal -1.205367e-01 -0.000000e+00 -9.927089e-01
    outer loop
      vertex   1.562705e+02 1.084637e+02 1.598253e+02
      vertex   1.562705e+02 1.039637e+02 1.598253e+02
      vertex   1.560149e+02 1.084637e+02 1.598564e+02
    endloop
  endfacet
  facet normal -1.205367e-01 -0.000000e+00 -9.927089e-01
    outer loop
      vertex   1.560149e+02 1.084637e+02 1.598564e+02
      vertex   1.562705e+02 1.039637e+02 1.598253e+02
      vertex   1.560149e+02 1.039637e+02 1.598564e+02
    endloop
  endfacet
  facet normal 4.026594e-02 0.000000e+00 -9.991890e-01
    outer loop
      vertex   1.560149e+02 1.084637e+02 1.598564e+02
      vertex   1.560149e+02 1.039637e+02 1.598564e+02
      vertex   1.557576e+02 1.084637e+02 1.598460e+02
    endloop
  endfacet
  facet normal 4.026594e-02 0.000000e+00 -9.991890e-01
    outer loop
      vertex   1.557576e+02 1.084637e+02 1.598460e+02
      vertex   1.560149e+02 1.039637e+02 1.598564e+02
      vertex   1.557576e+02 1.039637e+02 1.598460e+02
    endloop
  endfacet
  facet normal 2.000257e-01 0.000000e+00 -9.797907e-01
    outer loop
      vertex   1.557576e+02 1.084637e+02 1.598460e+02
      vertex   1.557576e+02 1.039637e+02 1.598460e+02
      vertex   1.555053e+02 1.084637e+02 1.597945e+02
    endloop
  endfacet
  facet normal 2.000257e-01 0.000000e+00 -9.797907e-01
    outer loop
      vertex   1.555053e+02 1.084637e+02 1.597945e+02
      vertex   1.557576e+02 1.039637e+02 1.598460e+02
      vertex   1.555053e+02 1.039637e+02 1.597945e+02
    endloop
  endfacet
  facet normal 3.546049e-01 0.000000e+00 -9.350162e-01
    outer loop
      vertex   1.555053e+02 1.084637e+02 1.597945e+02
      vertex   1.555053e+02 1.039637e+02 1.597945e+02
      vertex   1.552645e+02 1.084637e+02 1.597032e+02
    endloop
  endfacet
  facet normal 3.546049e-01 0.000000e+00 -9.350162e-01
    outer loop
      vertex   1.552645e+02 1.084637e+02 1.597032e+02
      vertex   1.555053e+02 1.039637e+02 1.597945e+02
      vertex   1.552645e+02 1.039637e+02 1.597032e+02
    endloop
  endfacet
  facet normal 5.000000e-01 0.000000e+00 -8.660254e-01
    outer loop
      vertex   1.552645e+02 1.084637e+02 1.597032e+02
      vertex   1.552645e+02 1.039637e+02 1.597032e+02
      vertex   1.550415e+02 1.084637e+02 1.595744e+02
    endloop
  endfacet
  facet normal 5.000000e-01 0.000000e+00 -8.660254e-01
    outer loop
      vertex   1.550415e+02 1.084637e+02 1.595744e+02
      vertex   1.552645e+02 1.039637e+02 1.597032e+02
      vertex   1.550415e+02 1.039637e+02 1.595744e+02
    endloop
  endfacet
  facet normal 6.324454e-01 0.000000e+00 -7.746050e-01
    outer loop
      vertex   1.550415e+02 1.084637e+02 1.595744e+02
      vertex   1.550415e+02 1.039637e+02 1.595744e+02
      vertex   1.548421e+02 1.084637e+02 1.594116e+02
    endloop
  endfacet
  facet normal 6.324454e-01 0.000000e+00 -7.746050e-01
    outer loop
      vertex   1.548421e+02 1.084637e+02 1.594116e+02
      vertex   1.550415e+02 1.039637e+02 1.595744e+02
      vertex   1.548421e+02 1.039637e+02 1.594116e+02
    endloop
  endfacet
  facet normal 7.485107e-01 0.000000e+00 -6.631227e-01
    outer loop
      vertex   1.548421e+02 1.084637e+02 1.594116e+02
      vertex   1.548421e+02 1.039637e+02 1.594116e+02
      vertex   1.546713e+02 1.084637e+02 1.592188e+02
    endloop
  endfacet
  facet normal 7.485107e-01 0.000000e+00 -6.631227e-01
    outer loop
      vertex   1.546713e+02 1.084637e+02 1.592188e+02
      vertex   1.548421e+02 1.039637e+02 1.594116e+02
      vertex   1.546713e+02 1.039637e+02 1.592188e+02
    endloop
  endfacet
  facet normal 8.451901e-01 0.000000e+00 -5.344658e-01
    outer loop
      vertex   1.546713e+02 1.084637e+02 1.592188e+02
      vertex   1.546713e+02 1.039637e+02 1.592188e+02
      vertex   1.545337e+02 1.084637e+02 1.590012e+02
    endloop
  endfacet
  facet normal 8.451901e-01 0.000000e+00 -5.344658e-01
    outer loop
      vertex   1.545337e+02 1.084637e+02 1.590012e+02
      vertex   1.546713e+02 1.039637e+02 1.592188e+02
      vertex   1.545337e+02 1.039637e+02 1.590012e+02
    endloop
  endfacet
  facet normal 9.199794e-01 0.000000e+00 -3.919666e-01
    outer loop
      vertex   1.545337e+02 1.084637e+02 1.590012e+02
      vertex   1.545337e+02 1.039637e+02 1.590012e+02
      vertex   1.544328e+02 1.084637e+02 1.587643e+02
    endloop
  endfacet
  facet normal 9.199794e-01 0.000000e+00 -3.919666e-01
    outer loop
      vertex   1.544328e+02 1.084637e+02 1.587643e+02
      vertex   1.545337e+02 1.039637e+02 1.590012e+02
      vertex   1.544328e+02 1.039637e+02 1.587643e+02
    endloop
  endfacet
  facet normal 9.709418e-01 0.000000e+00 -2.393157e-01
    outer loop
      vertex   1.544328e+02 1.084637e+02 1.587643e+02
      vertex   1.544328e+02 1.039637e+02 1.587643e+02
      vertex   1.543712e+02 1.084637e+02 1.585143e+02
    endloop
  endfacet
  facet normal 9.709418e-01 0.000000e+00 -2.393157e-01
    outer loop
      vertex   1.543712e+02 1.084637e+02 1.585143e+02
      vertex   1.544328e+02 1.039637e+02 1.587643e+02
      vertex   1.543712e+02 1.039637e+02 1.585143e+02
    endloop
  endfacet
  facet normal 1.000000e+00 -0.000000e+00 0.000000e+00
    outer loop
      vertex   1.508004e+02 9.896374e+01 1.634077e+02
      vertex   1.508004e+02 9.896374e+01 1.531077e+02
      vertex   1.508004e+02 1.039637e+02 1.634077e+02
    endloop
  endfacet
  facet normal 1.000000e+00 0.000000e+00 0.000000e+00
    outer loop
      vertex   1.508004e+02 1.039637e+02 1.634077e+02
      vertex   1.508004e+02 9.896374e+01 1.531077e+02
      vertex   1.508004e+02 1.039637e+02 1.531077e+02
    endloop
  endfacet
  facet normal -1.001140e-02 4.264279e-01 -9.044662e-01
    outer loop
      vertex   1.167855e+02 1.084637e+02 1.408738e+02
      vertex   1.139876e+02 1.024637e+02 1.380760e+02
      vertex   1.162556e+02 1.084637e+02 1.408797e+02
    endloop
  endfacet
  facet normal -1.001140e-02 4.264279e-01 -9.044662e-01
    outer loop
      vertex   1.162556e+02 1.084637e+02 1.408797e+02
      vertex   1.139876e+02 1.024637e+02 1.380760e+02
      vertex   1.134577e+02 1.024637e+02 1.380818e+02
    endloop
  endfacet
  facet normal -3.002948e-02 4.338956e-01 -9.004626e-01
    outer loop
      vertex   1.162556e+02 1.084637e+02 1.408797e+02
      vertex   1.134577e+02 1.024637e+02 1.380818e+02
      vertex   1.157280e+02 1.084637e+02 1.408973e+02
    endloop
  endfacet
  facet normal -3.002948e-02 4.338956e-01 -9.004626e-01
    outer loop
      vertex   1.157280e+02 1.084637e+02 1.408973e+02
      vertex   1.134577e+02 1.024637e+02 1.380818e+02
      vertex   1.129302e+02 1.024637e+02 1.380994e+02
    endloop
  endfacet
  facet normal -5.003337e-02 4.411582e-01 -8.960335e-01
    outer loop
      vertex   1.157280e+02 1.084637e+02 1.408973e+02
      vertex   1.129302e+02 1.024637e+02 1.380994e+02
      vertex   1.152031e+02 1.084637e+02 1.409266e+02
    endloop
  endfacet
  facet normal -5.003337e-02 4.411582e-01 -8.960335e-01
    outer loop
      vertex   1.152031e+02 1.084637e+02 1.409266e+02
      vertex   1.129302e+02 1.024637e+02 1.380994e+02
      vertex   1.124052e+02 1.024637e+02 1.381287e+02
    endloop
  endfacet
  facet normal -7.001362e-02 4.482124e-01 -8.911811e-01
    outer loop
      vertex   1.152031e+02 1.084637e+02 1.409266e+02
      vertex   1.124052e+02 1.024637e+02 1.381287e+02
      vertex   1.146809e+02 1.084637e+02 1.409676e+02
    endloop
  endfacet
  facet normal -7.001362e-02 4.482124e-01 -8.911811e-01
    outer loop
      vertex   1.146809e+02 1.084637e+02 1.409676e+02
      vertex   1.124052e+02 1.024637e+02 1.381287e+02
      vertex   1.118831e+02 1.024637e+02 1.381698e+02
    endloop
  endfacet
  facet normal -8.996078e-02 4.550549e-01 -8.859075e-01
    outer loop
      vertex   1.146809e+02 1.084637e+02 1.409676e+02
      vertex   1.118831e+02 1.024637e+02 1.381698e+02
      vertex   1.141619e+02 1.084637e+02 1.410203e+02
    endloop
  endfacet
  facet normal -8.996078e-02 4.550549e-01 -8.859075e-01
    outer loop
      vertex   1.141619e+02 1.084637e+02 1.410203e+02
      vertex   1.118831e+02 1.024637e+02 1.381698e+02
      vertex   1.113641e+02 1.024637e+02 1.382225e+02
    endloop
  endfacet
  facet normal -1.098654e-01 4.616823e-01 -8.802154e-01
    outer loop
      vertex   1.141619e+02 1.084637e+02 1.410203e+02
      vertex   1.113641e+02 1.024637e+02 1.382225e+02
      vertex   1.136462e+02 1.084637e+02 1.410847e+02
    endloop
  endfacet
  facet normal -1.098654e-01 4.616823e-01 -8.802154e-01
    outer loop
      vertex   1.136462e+02 1.084637e+02 1.410847e+02
      vertex   1.113641e+02 1.024637e+02 1.382225e+02
      vertex   1.108484e+02 1.024637e+02 1.382868e+02
    endloop
  endfacet
  facet normal -1.297182e-01 4.680915e-01 -8.741073e-01
    outer loop
      vertex   1.136462e+02 1.084637e+02 1.410847e+02
      vertex   1.108484e+02 1.024637e+02 1.382868e+02
      vertex   1.131341e+02 1.084637e+02 1.411607e+02
    endloop
  endfacet
  facet normal -1.297182e-01 4.680915e-01 -8.741073e-01
    outer loop
      vertex   1.131341e+02 1.084637e+02 1.411607e+02
      vertex   1.108484e+02 1.024637e+02 1.382868e+02
      vertex   1.103363e+02 1.024637e+02 1.383628e+02
    endloop
  endfacet
  facet normal -1.495096e-01 4.742796e-01 -8.675862e-01
    outer loop
      vertex   1.131341e+02 1.084637e+02 1.411607e+02
      vertex   1.103363e+02 1.024637e+02 1.383628e+02
      vertex   1.126258e+02 1.084637e+02 1.412483e+02
    endloop
  endfacet
  facet normal -1.495096e-01 4.742796e-01 -8.675862e-01
    outer loop
      vertex   1.126258e+02 1.084637e+02 1.412483e+02
      vertex   1.103363e+02 1.024637e+02 1.383628e+02
      vertex   1.098280e+02 1.024637e+02 1.384504e+02
    endloop
  endfacet
  facet normal -1.692304e-01 4.802435e-01 -8.606551e-01
    outer loop
      vertex   1.126258e+02 1.084637e+02 1.412483e+02
      vertex   1.098280e+02 1.024637e+02 1.384504e+02
      vertex   1.121216e+02 1.084637e+02 1.413474e+02
    endloop
  endfacet
  facet normal -1.692304e-01 4.802435e-01 -8.606551e-01
    outer loop
      vertex   1.121216e+02 1.084637e+02 1.413474e+02
      vertex   1.098280e+02 1.024637e+02 1.384504e+02
      vertex   1.093237e+02 1.024637e+02 1.385496e+02
    endloop
  endfacet
  facet normal -1.888713e-01 4.859805e-01 -8.533174e-01
    outer loop
      vertex   1.121216e+02 1.084637e+02 1.413474e+02
      vertex   1.093237e+02 1.024637e+02 1.385496e+02
      vertex   1.116217e+02 1.084637e+02 1.414581e+02
    endloop
  endfacet
  facet normal -1.888713e-01 4.859805e-01 -8.533174e-01
    outer loop
      vertex   1.116217e+02 1.084637e+02 1.414581e+02
      vertex   1.093237e+02 1.024637e+02 1.385496e+02
      vertex   1.088238e+02 1.024637e+02 1.386602e+02
    endloop
  endfacet
  facet normal -2.084229e-01 4.914879e-01 -8.455764e-01
    outer loop
      vertex   1.116217e+02 1.084637e+02 1.414581e+02
      vertex   1.088238e+02 1.024637e+02 1.386602e+02
      vertex   1.111263e+02 1.084637e+02 1.415802e+02
    endloop
  endfacet
  facet normal -2.084229e-01 4.914879e-01 -8.455764e-01
    outer loop
      vertex   1.111263e+02 1.084637e+02 1.415802e+02
      vertex   1.088238e+02 1.024637e+02 1.386602e+02
      vertex   1.083284e+02 1.024637e+02 1.387823e+02
    endloop
  endfacet
  facet normal -2.278760e-01 4.967631e-01 -8.374359e-01
    outer loop
      vertex   1.111263e+02 1.084637e+02 1.415802e+02
      vertex   1.083284e+02 1.024637e+02 1.387823e+02
      vertex   1.106356e+02 1.084637e+02 1.417137e+02
    endloop
  endfacet
  facet normal -2.278760e-01 4.967631e-01 -8.374359e-01
    outer loop
      vertex   1.106356e+02 1.084637e+02 1.417137e+02
      vertex   1.083284e+02 1.024637e+02 1.387823e+02
      vertex   1.078378e+02 1.024637e+02 1.389158e+02
    endloop
  endfacet
  facet normal -2.472214e-01 5.018035e-01 -8.288997e-01
    outer loop
      vertex   1.106356e+02 1.084637e+02 1.417137e+02
      vertex   1.078378e+02 1.024637e+02 1.389158e+02
      vertex   1.101500e+02 1.084637e+02 1.418585e+02
    endloop
  endfacet
  facet normal -2.472214e-01 5.018035e-01 -8.288997e-01
    outer loop
      vertex   1.101500e+02 1.084637e+02 1.418585e+02
      vertex   1.078378e+02 1.024637e+02 1.389158e+02
      vertex   1.073522e+02 1.024637e+02 1.390607e+02
    endloop
  endfacet
  facet normal -2.664500e-01 5.066069e-01 -8.199719e-01
    outer loop
      vertex   1.101500e+02 1.084637e+02 1.418585e+02
      vertex   1.073522e+02 1.024637e+02 1.390607e+02
      vertex   1.096696e+02 1.084637e+02 1.420146e+02
    endloop
  endfacet
  facet normal -2.664500e-01 5.066069e-01 -8.199719e-01
    outer loop
      vertex   1.096696e+02 1.084637e+02 1.420146e+02
      vertex   1.073522e+02 1.024637e+02 1.390607e+02
      vertex   1.068718e+02 1.024637e+02 1.392168e+02
    endloop
  endfacet
  facet normal -2.855527e-01 5.111708e-01 -8.106566e-01
    outer loop
      vertex   1.096696e+02 1.084637e+02 1.420146e+02
      vertex   1.068718e+02 1.024637e+02 1.392168e+02
      vertex   1.091947e+02 1.084637e+02 1.421819e+02
    endloop
  endfacet
  facet normal -2.855527e-01 5.111708e-01 -8.106566e-01
    outer loop
      vertex   1.091947e+02 1.084637e+02 1.421819e+02
      vertex   1.068718e+02 1.024637e+02 1.392168e+02
      vertex   1.063968e+02 1.024637e+02 1.393841e+02
    endloop
  endfacet
  facet normal -3.045205e-01 5.154932e-01 -8.009582e-01
    outer loop
      vertex   1.091947e+02 1.084637e+02 1.421819e+02
      vertex   1.063968e+02 1.024637e+02 1.393841e+02
      vertex   1.087254e+02 1.084637e+02 1.423603e+02
    endloop
  endfacet
  facet normal -3.045205e-01 5.154932e-01 -8.009582e-01
    outer loop
      vertex   1.087254e+02 1.084637e+02 1.423603e+02
      vertex   1.063968e+02 1.024637e+02 1.393841e+02
      vertex   1.059276e+02 1.024637e+02 1.395625e+02
    endloop
  endfacet
  facet normal -3.233444e-01 5.195720e-01 -7.908814e-01
    outer loop
      vertex   1.087254e+02 1.084637e+02 1.423603e+02
      vertex   1.059276e+02 1.024637e+02 1.395625e+02
      vertex   1.082621e+02 1.084637e+02 1.425498e+02
    endloop
  endfacet
  facet normal -3.233444e-01 5.195720e-01 -7.908814e-01
    outer loop
      vertex   1.082621e+02 1.084637e+02 1.425498e+02
      vertex   1.059276e+02 1.024637e+02 1.395625e+02
      vertex   1.054642e+02 1.024637e+02 1.397519e+02
    endloop
  endfacet
  facet normal -3.420155e-01 5.234053e-01 -7.804308e-01
    outer loop
      vertex   1.082621e+02 1.084637e+02 1.425498e+02
      vertex   1.054642e+02 1.024637e+02 1.397519e+02
      vertex   1.078048e+02 1.084637e+02 1.427502e+02
    endloop
  endfacet
  facet normal -3.420155e-01 5.234053e-01 -7.804308e-01
    outer loop
      vertex   1.078048e+02 1.084637e+02 1.427502e+02
      vertex   1.054642e+02 1.024637e+02 1.397519e+02
      vertex   1.050070e+02 1.024637e+02 1.399523e+02
    endloop
  endfacet
  facet normal -3.605250e-01 5.269913e-01 -7.696115e-01
    outer loop
      vertex   1.078048e+02 1.084637e+02 1.427502e+02
      vertex   1.050070e+02 1.024637e+02 1.399523e+02
      vertex   1.073539e+02 1.084637e+02 1.429614e+02
    endloop
  endfacet
  facet normal -3.605250e-01 5.269913e-01 -7.696115e-01
    outer loop
      vertex   1.073539e+02 1.084637e+02 1.429614e+02
      vertex   1.050070e+02 1.024637e+02 1.399523e+02
      vertex   1.045561e+02 1.024637e+02 1.401635e+02
    endloop
  endfacet
  facet normal -3.788642e-01 5.303283e-01 -7.584285e-01
    outer loop
      vertex   1.073539e+02 1.084637e+02 1.429614e+02
      vertex   1.045561e+02 1.024637e+02 1.401635e+02
      vertex   1.069096e+02 1.084637e+02 1.431833e+02
    endloop
  endfacet
  facet normal -3.788642e-01 5.303283e-01 -7.584285e-01
    outer loop
      vertex   1.069096e+02 1.084637e+02 1.431833e+02
      vertex   1.045561e+02 1.024637e+02 1.401635e+02
      vertex   1.041118e+02 1.024637e+02 1.403855e+02
    endloop
  endfacet
  facet normal -3.970243e-01 5.334147e-01 -7.468872e-01
    outer loop
      vertex   1.069096e+02 1.084637e+02 1.431833e+02
      vertex   1.041118e+02 1.024637e+02 1.403855e+02
      vertex   1.064720e+02 1.084637e+02 1.434159e+02
    endloop
  endfacet
  facet normal -3.970243e-01 5.334147e-01 -7.468872e-01
    outer loop
      vertex   1.064720e+02 1.084637e+02 1.434159e+02
      vertex   1.041118e+02 1.024637e+02 1.403855e+02
      vertex   1.036742e+02 1.024637e+02 1.406181e+02
    endloop
  endfacet
  facet normal -4.149968e-01 5.362490e-01 -7.349929e-01
    outer loop
      vertex   1.064720e+02 1.084637e+02 1.434159e+02
      vertex   1.036742e+02 1.024637e+02 1.406181e+02
      vertex   1.060414e+02 1.084637e+02 1.436591e+02
    endloop
  endfacet
  facet normal -4.149968e-01 5.362490e-01 -7.349929e-01
    outer loop
      vertex   1.060414e+02 1.084637e+02 1.436591e+02
      vertex   1.036742e+02 1.024637e+02 1.406181e+02
      vertex   1.032436e+02 1.024637e+02 1.408612e+02
    endloop
  endfacet
  facet normal -4.327732e-01 5.388300e-01 -7.227514e-01
    outer loop
      vertex   1.060414e+02 1.084637e+02 1.436591e+02
      vertex   1.032436e+02 1.024637e+02 1.408612e+02
      vertex   1.056180e+02 1.084637e+02 1.439126e+02
    endloop
  endfacet
  facet normal -4.327732e-01 5.388300e-01 -7.227514e-01
    outer loop
      vertex   1.056180e+02 1.084637e+02 1.439126e+02
      vertex   1.032436e+02 1.024637e+02 1.408612e+02
      vertex   1.028201e+02 1.024637e+02 1.411148e+02
    endloop
  endfacet
  facet normal -4.503452e-01 5.411563e-01 -7.101683e-01
    outer loop
      vertex   1.056180e+02 1.084637e+02 1.439126e+02
      vertex   1.028201e+02 1.024637e+02 1.411148e+02
      vertex   1.052019e+02 1.084637e+02 1.441765e+02
    endloop
  endfacet
  facet normal -4.503452e-01 5.411563e-01 -7.101683e-01
    outer loop
      vertex   1.052019e+02 1.084637e+02 1.441765e+02
      vertex   1.028201e+02 1.024637e+02 1.411148e+02
      vertex   1.024041e+02 1.024637e+02 1.413786e+02
    endloop
  endfacet
  facet normal -4.677043e-01 5.432270e-01 -6.972497e-01
    outer loop
      vertex   1.052019e+02 1.084637e+02 1.441765e+02
      vertex   1.024041e+02 1.024637e+02 1.413786e+02
      vertex   1.047934e+02 1.084637e+02 1.444505e+02
    endloop
  endfacet
  facet normal -4.677043e-01 5.432270e-01 -6.972497e-01
    outer loop
      vertex   1.047934e+02 1.084637e+02 1.444505e+02
      vertex   1.024041e+02 1.024637e+02 1.413786e+02
      vertex   1.019956e+02 1.024637e+02 1.416526e+02
    endloop
  endfacet
  facet normal -4.848425e-01 5.450409e-01 -6.840016e-01
    outer loop
      vertex   1.047934e+02 1.084637e+02 1.444505e+02
      vertex   1.019956e+02 1.024637e+02 1.416526e+02
      vertex   1.043927e+02 1.084637e+02 1.447345e+02
    endloop
  endfacet
  facet normal -4.848425e-01 5.450409e-01 -6.840016e-01
    outer loop
      vertex   1.043927e+02 1.084637e+02 1.447345e+02
      vertex   1.019956e+02 1.024637e+02 1.416526e+02
      vertex   1.015948e+02 1.024637e+02 1.419367e+02
    endloop
  endfacet
  facet normal -5.017515e-01 5.465973e-01 -6.704303e-01
    outer loop
      vertex   1.043927e+02 1.084637e+02 1.447345e+02
      vertex   1.015948e+02 1.024637e+02 1.419367e+02
      vertex   1.039999e+02 1.084637e+02 1.450285e+02
    endloop
  endfacet
  facet normal -5.017515e-01 5.465973e-01 -6.704303e-01
    outer loop
      vertex   1.039999e+02 1.084637e+02 1.450285e+02
      vertex   1.015948e+02 1.024637e+02 1.419367e+02
      vertex   1.012021e+02 1.024637e+02 1.422307e+02
    endloop
  endfacet
  facet normal -5.184235e-01 5.478955e-01 -6.565422e-01
    outer loop
      vertex   1.039999e+02 1.084637e+02 1.450285e+02
      vertex   1.012021e+02 1.024637e+02 1.422307e+02
      vertex   1.036152e+02 1.084637e+02 1.453322e+02
    endloop
  endfacet
  facet normal -5.184235e-01 5.478955e-01 -6.565422e-01
    outer loop
      vertex   1.036152e+02 1.084637e+02 1.453322e+02
      vertex   1.012021e+02 1.024637e+02 1.422307e+02
      vertex   1.008174e+02 1.024637e+02 1.425344e+02
    endloop
  endfacet
  facet normal -5.348505e-01 5.489347e-01 -6.423439e-01
    outer loop
      vertex   1.036152e+02 1.084637e+02 1.453322e+02
      vertex   1.008174e+02 1.024637e+02 1.425344e+02
      vertex   1.032389e+02 1.084637e+02 1.456456e+02
    endloop
  endfacet
  facet normal -5.348505e-01 5.489347e-01 -6.423439e-01
    outer loop
      vertex   1.032389e+02 1.084637e+02 1.456456e+02
      vertex   1.008174e+02 1.024637e+02 1.425344e+02
      vertex   1.004411e+02 1.024637e+02 1.428477e+02
    endloop
  endfacet
  facet normal -5.510247e-01 5.497146e-01 -6.278420e-01
    outer loop
      vertex   1.032389e+02 1.084637e+02 1.456456e+02
      vertex   1.004411e+02 1.024637e+02 1.428477e+02
      vertex   1.028711e+02 1.084637e+02 1.459684e+02
    endloop
  endfacet
  facet normal -5.510247e-01 5.497146e-01 -6.278420e-01
    outer loop
      vertex   1.028711e+02 1.084637e+02 1.459684e+02
      vertex   1.004411e+02 1.024637e+02 1.428477e+02
      vertex   1.000732e+02 1.024637e+02 1.431706e+02
    endloop
  endfacet
  facet normal -5.669386e-01 5.502347e-01 -6.130435e-01
    outer loop
      vertex   1.028711e+02 1.084637e+02 1.459684e+02
      vertex   1.000732e+02 1.024637e+02 1.431706e+02
      vertex   1.025119e+02 1.084637e+02 1.463006e+02
    endloop
  endfacet
  facet normal -5.669386e-01 5.502347e-01 -6.130435e-01
    outer loop
      vertex   1.025119e+02 1.084637e+02 1.463006e+02
      vertex   1.000732e+02 1.024637e+02 1.431706e+02
      vertex   9.971408e+01 1.024637e+02 1.435027e+02
    endloop
  endfacet
  facet normal -5.825846e-01 5.504948e-01 -5.979553e-01
    outer loop
      vertex   1.025119e+02 1.084637e+02 1.463006e+02
      vertex   9.971408e+01 1.024637e+02 1.435027e+02
      vertex   1.021616e+02 1.084637e+02 1.466419e+02
    endloop
  endfacet
  facet normal -5.825846e-01 5.504948e-01 -5.979553e-01
    outer loop
      vertex   1.021616e+02 1.084637e+02 1.466419e+02
      vertex   9.971408e+01 1.024637e+02 1.435027e+02
      vertex   9.936375e+01 1.024637e+02 1.438440e+02
    endloop
  endfacet
  facet normal -5.979553e-01 5.504948e-01 -5.825846e-01
    outer loop
      vertex   1.021616e+02 1.084637e+02 1.466419e+02
      vertex   9.936375e+01 1.024637e+02 1.438440e+02
      vertex   9.902243e+01 1.024637e+02 1.441944e+02
    endloop
  endfacet
  facet normal -5.979553e-01 5.504948e-01 -5.825846e-01
    outer loop
      vertex   1.021616e+02 1.084637e+02 1.466419e+02
      vertex   9.902243e+01 1.024637e+02 1.441944e+02
      vertex   1.018203e+02 1.084637e+02 1.469922e+02
    endloop
  endfacet
  facet normal -6.130435e-01 5.502347e-01 -5.669386e-01
    outer loop
      vertex   1.018203e+02 1.084637e+02 1.469922e+02
      vertex   9.902243e+01 1.024637e+02 1.441944e+02
      vertex   9.869028e+01 1.024637e+02 1.445535e+02
    endloop
  endfacet
  facet normal -6.130435e-01 5.502347e-01 -5.669386e-01
    outer loop
      vertex   1.018203e+02 1.084637e+02 1.469922e+02
      vertex   9.869028e+01 1.024637e+02 1.445535e+02
      vertex   1.014881e+02 1.084637e+02 1.473514e+02
    endloop
  endfacet
  facet normal -6.278420e-01 5.497146e-01 -5.510247e-01
    outer loop
      vertex   1.014881e+02 1.084637e+02 1.473514e+02
      vertex   9.869028e+01 1.024637e+02 1.445535e+02
      vertex   9.836745e+01 1.024637e+02 1.449214e+02
    endloop
  endfacet
  facet normal -6.278420e-01 5.497146e-01 -5.510247e-01
    outer loop
      vertex   1.014881e+02 1.084637e+02 1.473514e+02
      vertex   9.836745e+01 1.024637e+02 1.449214e+02
      vertex   1.011653e+02 1.084637e+02 1.477192e+02
    endloop
  endfacet
  facet normal -6.423439e-01 5.489347e-01 -5.348505e-01
    outer loop
      vertex   1.011653e+02 1.084637e+02 1.477192e+02
      vertex   9.836745e+01 1.024637e+02 1.449214e+02
      vertex   9.805410e+01 1.024637e+02 1.452977e+02
    endloop
  endfacet
  facet normal -6.423439e-01 5.489347e-01 -5.348505e-01
    outer loop
      vertex   1.011653e+02 1.084637e+02 1.477192e+02
      vertex   9.805410e+01 1.024637e+02 1.452977e+02
      vertex   1.008519e+02 1.084637e+02 1.480955e+02
    endloop
  endfacet
  facet normal -6.565422e-01 5.478955e-01 -5.184235e-01
    outer loop
      vertex   1.008519e+02 1.084637e+02 1.480955e+02
      vertex   9.805410e+01 1.024637e+02 1.452977e+02
      vertex   9.775037e+01 1.024637e+02 1.456823e+02
    endloop
  endfacet
  facet normal -6.565422e-01 5.478955e-01 -5.184235e-01
    outer loop
      vertex   1.008519e+02 1.084637e+02 1.480955e+02
      vertex   9.775037e+01 1.024637e+02 1.456823e+02
      vertex   1.005482e+02 1.084637e+02 1.484802e+02
    endloop
  endfacet
  facet normal -6.704303e-01 5.465973e-01 -5.017515e-01
    outer loop
      vertex   1.005482e+02 1.084637e+02 1.484802e+02
      vertex   9.775037e+01 1.024637e+02 1.456823e+02
      vertex   9.745641e+01 1.024637e+02 1.460751e+02
    endloop
  endfacet
  facet normal -6.704303e-01 5.465973e-01 -5.017515e-01
    outer loop
      vertex   1.005482e+02 1.084637e+02 1.484802e+02
      vertex   9.745641e+01 1.024637e+02 1.460751e+02
      vertex   1.002543e+02 1.084637e+02 1.488730e+02
    endloop
  endfacet
  facet normal -6.840016e-01 5.450409e-01 -4.848425e-01
    outer loop
      vertex   1.002543e+02 1.084637e+02 1.488730e+02
      vertex   9.745641e+01 1.024637e+02 1.460751e+02
      vertex   9.717236e+01 1.024637e+02 1.464758e+02
    endloop
  endfacet
  facet normal -6.840016e-01 5.450409e-01 -4.848425e-01
    outer loop
      vertex   1.002543e+02 1.084637e+02 1.488730e+02
      vertex   9.717236e+01 1.024637e+02 1.464758e+02
      vertex   9.997021e+01 1.084637e+02 1.492737e+02
    endloop
  endfacet
  facet normal -6.972497e-01 5.432270e-01 -4.677043e-01
    outer loop
      vertex   9.997021e+01 1.084637e+02 1.492737e+02
      vertex   9.717236e+01 1.024637e+02 1.464758e+02
      vertex   9.689835e+01 1.024637e+02 1.468843e+02
    endloop
  endfacet
  facet normal -6.972497e-01 5.432270e-01 -4.677043e-01
    outer loop
      vertex   9.997021e+01 1.084637e+02 1.492737e+02
      vertex   9.689835e+01 1.024637e+02 1.468843e+02
      vertex   9.969619e+01 1.084637e+02 1.496822e+02
    endloop
  endfacet
  facet normal -7.101683e-01 5.411563e-01 -4.503452e-01
    outer loop
      vertex   9.969619e+01 1.084637e+02 1.496822e+02
      vertex   9.689835e+01 1.024637e+02 1.468843e+02
      vertex   9.663450e+01 1.024637e+02 1.473004e+02
    endloop
  endfacet
  facet normal -7.101683e-01 5.411563e-01 -4.503452e-01
    outer loop
      vertex   9.969619e+01 1.084637e+02 1.496822e+02
      vertex   9.663450e+01 1.024637e+02 1.473004e+02
      vertex   9.943235e+01 1.084637e+02 1.500983e+02
    endloop
  endfacet
  facet normal -7.227514e-01 5.388300e-01 -4.327732e-01
    outer loop
      vertex   9.943235e+01 1.084637e+02 1.500983e+02
      vertex   9.663450e+01 1.024637e+02 1.473004e+02
      vertex   9.638095e+01 1.024637e+02 1.477238e+02
    endloop
  endfacet
  facet normal -7.227514e-01 5.388300e-01 -4.327732e-01
    outer loop
      vertex   9.943235e+01 1.084637e+02 1.500983e+02
      vertex   9.638095e+01 1.024637e+02 1.477238e+02
      vertex   9.917880e+01 1.084637e+02 1.505217e+02
    endloop
  endfacet
  facet normal -7.349929e-01 5.362490e-01 -4.149968e-01
    outer loop
      vertex   9.917880e+01 1.084637e+02 1.505217e+02
      vertex   9.638095e+01 1.024637e+02 1.477238e+02
      vertex   9.613782e+01 1.024637e+02 1.481545e+02
    endloop
  endfacet
  facet normal -7.349929e-01 5.362490e-01 -4.149968e-01
    outer loop
      vertex   9.917880e+01 1.084637e+02 1.505217e+02
      vertex   9.613782e+01 1.024637e+02 1.481545e+02
      vertex   9.893567e+01 1.084637e+02 1.509523e+02
    endloop
  endfacet
  facet normal -7.468872e-01 5.334147e-01 -3.970243e-01
    outer loop
      vertex   9.893567e+01 1.084637e+02 1.509523e+02
      vertex   9.613782e+01 1.024637e+02 1.481545e+02
      vertex   9.590522e+01 1.024637e+02 1.485920e+02
    endloop
  endfacet
  facet normal -7.468872e-01 5.334147e-01 -3.970243e-01
    outer loop
      vertex   9.893567e+01 1.084637e+02 1.509523e+02
      vertex   9.590522e+01 1.024637e+02 1.485920e+02
      vertex   9.870306e+01 1.084637e+02 1.513899e+02
    endloop
  endfacet
  facet normal -7.584285e-01 5.303283e-01 -3.788642e-01
    outer loop
      vertex   9.870306e+01 1.084637e+02 1.513899e+02
      vertex   9.590522e+01 1.024637e+02 1.485920e+02
      vertex   9.568325e+01 1.024637e+02 1.490364e+02
    endloop
  endfacet
  facet normal -7.584285e-01 5.303283e-01 -3.788642e-01
    outer loop
      vertex   9.870306e+01 1.084637e+02 1.513899e+02
      vertex   9.568325e+01 1.024637e+02 1.490364e+02
      vertex   9.848110e+01 1.084637e+02 1.518342e+02
    endloop
  endfacet
  facet normal -7.696115e-01 5.269913e-01 -3.605250e-01
    outer loop
      vertex   9.848110e+01 1.084637e+02 1.518342e+02
      vertex   9.568325e+01 1.024637e+02 1.490364e+02
      vertex   9.547203e+01 1.024637e+02 1.494873e+02
    endloop
  endfacet
  facet normal -7.696115e-01 5.269913e-01 -3.605250e-01
    outer loop
      vertex   9.848110e+01 1.084637e+02 1.518342e+02
      vertex   9.547203e+01 1.024637e+02 1.494873e+02
      vertex   9.826988e+01 1.084637e+02 1.522851e+02
    endloop
  endfacet
  facet normal -7.804308e-01 5.234053e-01 -3.420155e-01
    outer loop
      vertex   9.826988e+01 1.084637e+02 1.522851e+02
      vertex   9.547203e+01 1.024637e+02 1.494873e+02
      vertex   9.527165e+01 1.024637e+02 1.499445e+02
    endloop
  endfacet
  facet normal -7.804308e-01 5.234053e-01 -3.420155e-01
    outer loop
      vertex   9.826988e+01 1.084637e+02 1.522851e+02
      vertex   9.527165e+01 1.024637e+02 1.499445e+02
      vertex   9.806950e+01 1.084637e+02 1.527423e+02
    endloop
  endfacet
  facet normal -7.908814e-01 5.195720e-01 -3.233444e-01
    outer loop
      vertex   9.806950e+01 1.084637e+02 1.527423e+02
      vertex   9.527165e+01 1.024637e+02 1.499445e+02
      vertex   9.508222e+01 1.024637e+02 1.504078e+02
    endloop
  endfacet
  facet normal -7.908814e-01 5.195720e-01 -3.233444e-01
    outer loop
      vertex   9.806950e+01 1.084637e+02 1.527423e+02
      vertex   9.508222e+01 1.024637e+02 1.504078e+02
      vertex   9.788006e+01 1.084637e+02 1.532057e+02
    endloop
  endfacet
  facet normal -8.009582e-01 5.154932e-01 -3.045205e-01
    outer loop
      vertex   9.788006e+01 1.084637e+02 1.532057e+02
      vertex   9.508222e+01 1.024637e+02 1.504078e+02
      vertex   9.490381e+01 1.024637e+02 1.508771e+02
    endloop
  endfacet
  facet normal -8.009582e-01 5.154932e-01 -3.045205e-01
    outer loop
      vertex   9.788006e+01 1.084637e+02 1.532057e+02
      vertex   9.490381e+01 1.024637e+02 1.508771e+02
      vertex   9.770165e+01 1.084637e+02 1.536750e+02
    endloop
  endfacet
  facet normal -8.106566e-01 5.111708e-01 -2.855527e-01
    outer loop
      vertex   9.770165e+01 1.084637e+02 1.536750e+02
      vertex   9.490381e+01 1.024637e+02 1.508771e+02
      vertex   9.473651e+01 1.024637e+02 1.513520e+02
    endloop
  endfacet
  facet normal -8.106566e-01 5.111708e-01 -2.855527e-01
    outer loop
      vertex   9.770165e+01 1.084637e+02 1.536750e+02
      vertex   9.473651e+01 1.024637e+02 1.513520e+02
      vertex   9.753436e+01 1.084637e+02 1.541499e+02
    endloop
  endfacet
  facet normal -8.199719e-01 5.066069e-01 -2.664500e-01
    outer loop
      vertex   9.753436e+01 1.084637e+02 1.541499e+02
      vertex   9.473651e+01 1.024637e+02 1.513520e+02
      vertex   9.458041e+01 1.024637e+02 1.518324e+02
    endloop
  endfacet
  facet normal -8.199719e-01 5.066069e-01 -2.664500e-01
    outer loop
      vertex   9.753436e+01 1.084637e+02 1.541499e+02
      vertex   9.458041e+01 1.024637e+02 1.518324e+02
      vertex   9.737825e+01 1.084637e+02 1.546303e+02
    endloop
  endfacet
  facet normal -8.288997e-01 5.018035e-01 -2.472214e-01
    outer loop
      vertex   9.737825e+01 1.084637e+02 1.546303e+02
      vertex   9.458041e+01 1.024637e+02 1.518324e+02
      vertex   9.443557e+01 1.024637e+02 1.523181e+02
    endloop
  endfacet
  facet normal -8.288997e-01 5.018035e-01 -2.472214e-01
    outer loop
      vertex   9.737825e+01 1.084637e+02 1.546303e+02
      vertex   9.443557e+01 1.024637e+02 1.523181e+02
      vertex   9.723341e+01 1.084637e+02 1.551159e+02
    endloop
  endfacet
  facet normal -8.374359e-01 4.967631e-01 -2.278760e-01
    outer loop
      vertex   9.723341e+01 1.084637e+02 1.551159e+02
      vertex   9.443557e+01 1.024637e+02 1.523181e+02
      vertex   9.430206e+01 1.024637e+02 1.528087e+02
    endloop
  endfacet
  facet normal -8.374359e-01 4.967631e-01 -2.278760e-01
    outer loop
      vertex   9.723341e+01 1.084637e+02 1.551159e+02
      vertex   9.430206e+01 1.024637e+02 1.528087e+02
      vertex   9.709991e+01 1.084637e+02 1.556065e+02
    endloop
  endfacet
  facet normal -8.455764e-01 4.914879e-01 -2.084229e-01
    outer loop
      vertex   9.709991e+01 1.084637e+02 1.556065e+02
      vertex   9.430206e+01 1.024637e+02 1.528087e+02
      vertex   9.417995e+01 1.024637e+02 1.533041e+02
    endloop
  endfacet
  facet normal -8.455764e-01 4.914879e-01 -2.084229e-01
    outer loop
      vertex   9.709991e+01 1.084637e+02 1.556065e+02
      vertex   9.417995e+01 1.024637e+02 1.533041e+02
      vertex   9.697780e+01 1.084637e+02 1.561019e+02
    endloop
  endfacet
  facet normal -8.533174e-01 4.859805e-01 -1.888713e-01
    outer loop
      vertex   9.697780e+01 1.084637e+02 1.561019e+02
      vertex   9.417995e+01 1.024637e+02 1.533041e+02
      vertex   9.406930e+01 1.024637e+02 1.538040e+02
    endloop
  endfacet
  facet normal -8.533174e-01 4.859805e-01 -1.888713e-01
    outer loop
      vertex   9.697780e+01 1.084637e+02 1.561019e+02
      vertex   9.406930e+01 1.024637e+02 1.538040e+02
      vertex   9.686715e+01 1.084637e+02 1.566019e+02
    endloop
  endfacet
  facet normal -8.606551e-01 4.802435e-01 -1.692304e-01
    outer loop
      vertex   9.686715e+01 1.084637e+02 1.566019e+02
      vertex   9.406930e+01 1.024637e+02 1.538040e+02
      vertex   9.397015e+01 1.024637e+02 1.543083e+02
    endloop
  endfacet
  facet normal -8.606551e-01 4.802435e-01 -1.692304e-01
    outer loop
      vertex   9.686715e+01 1.084637e+02 1.566019e+02
      vertex   9.397015e+01 1.024637e+02 1.543083e+02
      vertex   9.676800e+01 1.084637e+02 1.571061e+02
    endloop
  endfacet
  facet normal -8.675862e-01 4.742796e-01 -1.495096e-01
    outer loop
      vertex   9.676800e+01 1.084637e+02 1.571061e+02
      vertex   9.397015e+01 1.024637e+02 1.543083e+02
      vertex   9.388256e+01 1.024637e+02 1.548165e+02
    endloop
  endfacet
  facet normal -8.675862e-01 4.742796e-01 -1.495096e-01
    outer loop
      vertex   9.676800e+01 1.084637e+02 1.571061e+02
      vertex   9.388256e+01 1.024637e+02 1.548165e+02
      vertex   9.668041e+01 1.084637e+02 1.576144e+02
    endloop
  endfacet
  facet normal -8.741073e-01 4.680915e-01 -1.297182e-01
    outer loop
      vertex   9.668041e+01 1.084637e+02 1.576144e+02
      vertex   9.388256e+01 1.024637e+02 1.548165e+02
      vertex   9.380656e+01 1.024637e+02 1.553287e+02
    endloop
  endfacet
  facet normal -8.741073e-01 4.680915e-01 -1.297182e-01
    outer loop
      vertex   9.668041e+01 1.084637e+02 1.576144e+02
      vertex   9.380656e+01 1.024637e+02 1.553287e+02
      vertex   9.660441e+01 1.084637e+02 1.581265e+02
    endloop
  endfacet
  facet normal -8.802154e-01 4.616823e-01 -1.098654e-01
    outer loop
      vertex   9.660441e+01 1.084637e+02 1.581265e+02
      vertex   9.380656e+01 1.024637e+02 1.553287e+02
      vertex   9.374220e+01 1.024637e+02 1.558444e+02
    endloop
  endfacet
  facet normal -8.802154e-01 4.616823e-01 -1.098654e-01
    outer loop
      vertex   9.660441e+01 1.084637e+02 1.581265e+02
      vertex   9.374220e+01 1.024637e+02 1.558444e+02
      vertex   9.654004e+01 1.084637e+02 1.586422e+02
    endloop
  endfacet
  facet normal -8.859075e-01 4.550549e-01 -8.996078e-02
    outer loop
      vertex   9.654004e+01 1.084637e+02 1.586422e+02
      vertex   9.374220e+01 1.024637e+02 1.558444e+02
      vertex   9.368949e+01 1.024637e+02 1.563634e+02
    endloop
  endfacet
  facet normal -8.859075e-01 4.550549e-01 -8.996078e-02
    outer loop
      vertex   9.654004e+01 1.084637e+02 1.586422e+02
      vertex   9.368949e+01 1.024637e+02 1.563634e+02
      vertex   9.648734e+01 1.084637e+02 1.591612e+02
    endloop
  endfacet
  facet normal -8.911811e-01 4.482124e-01 -7.001362e-02
    outer loop
      vertex   9.648734e+01 1.084637e+02 1.591612e+02
      vertex   9.368949e+01 1.024637e+02 1.563634e+02
      vertex   9.364847e+01 1.024637e+02 1.568855e+02
    endloop
  endfacet
  facet normal -8.911811e-01 4.482124e-01 -7.001362e-02
    outer loop
      vertex   9.648734e+01 1.084637e+02 1.591612e+02
      vertex   9.364847e+01 1.024637e+02 1.568855e+02
      vertex   9.644632e+01 1.084637e+02 1.596833e+02
    endloop
  endfacet
  facet normal -8.960335e-01 4.411582e-01 -5.003337e-02
    outer loop
      vertex   9.644632e+01 1.084637e+02 1.596833e+02
      vertex   9.364847e+01 1.024637e+02 1.568855e+02
      vertex   9.361916e+01 1.024637e+02 1.574104e+02
    endloop
  endfacet
  facet normal -8.960335e-01 4.411582e-01 -5.003337e-02
    outer loop
      vertex   9.644632e+01 1.084637e+02 1.596833e+02
      vertex   9.361916e+01 1.024637e+02 1.574104e+02
      vertex   9.641700e+01 1.084637e+02 1.602083e+02
    endloop
  endfacet
  facet normal -9.004626e-01 4.338956e-01 -3.002948e-02
    outer loop
      vertex   9.641700e+01 1.084637e+02 1.602083e+02
      vertex   9.361916e+01 1.024637e+02 1.574104e+02
      vertex   9.360156e+01 1.024637e+02 1.579380e+02
    endloop
  endfacet
  facet normal -9.004626e-01 4.338956e-01 -3.002948e-02
    outer loop
      vertex   9.641700e+01 1.084637e+02 1.602083e+02
      vertex   9.360156e+01 1.024637e+02 1.579380e+02
      vertex   9.639941e+01 1.084637e+02 1.607358e+02
    endloop
  endfacet
  facet normal -9.044662e-01 4.264279e-01 -1.001140e-02
    outer loop
      vertex   9.639941e+01 1.084637e+02 1.607358e+02
      vertex   9.360156e+01 1.024637e+02 1.579380e+02
      vertex   9.359570e+01 1.024637e+02 1.584679e+02
    endloop
  endfacet
  facet normal -9.044662e-01 4.264279e-01 -1.001140e-02
    outer loop
      vertex   9.639941e+01 1.084637e+02 1.607358e+02
      vertex   9.359570e+01 1.024637e+02 1.584679e+02
      vertex   9.639355e+01 1.084637e+02 1.612657e+02
    endloop
  endfacet
endsolid
